ndc9,is_statin,is_rasa,is_diabetes,is_insulin,is_sacubitril,ingredients
000021433,0,0,1,0,0,dulaglutide
000021434,0,0,1,0,0,dulaglutide
000021457,0,0,1,0,0,tirzepatide
000021460,0,0,1,0,0,tirzepatide
000021471,0,0,1,0,0,tirzepatide
000021484,0,0,1,0,0,tirzepatide
000021495,0,0,1,0,0,tirzepatide
000021506,0,0,1,0,0,tirzepatide
000022236,0,0,1,0,0,dulaglutide
000023182,0,0,1,0,0,dulaglutide
000024770,1,0,0,0,0,pitavastatin
000024771,1,0,0,0,0,pitavastatin
000024772,1,0,0,0,0,pitavastatin
000027510,0,0,0,1,0,insulin lispro
000027511,0,0,0,1,0,insulin lispro
000027512,0,0,0,1,0,insulin lispro
000027516,0,0,0,1,0,insulin lispro
000027711,0,0,0,1,0,insulin glargine
000027712,0,0,0,1,0,insulin lispro
000027714,0,0,0,1,0,insulin lispro
000027715,0,0,0,1,0,insulin glargine
000027726,0,0,0,1,0,insulin lispro
000027728,0,0,0,1,0,insulin lispro
000027737,0,0,0,1,0,insulin lispro
000027752,0,0,0,1,0,insulin lispro
000028207,0,0,0,1,0,insulin lispro
000028213,0,0,0,1,0,insulin lispro
000028214,0,0,0,1,0,insulin glargine
000028215,0,0,0,1,0,"insulin, regular, human"
000028222,0,0,0,1,0,insulin lispro
000028228,0,0,0,1,0,insulin lispro
000028233,0,0,0,1,0,insulin lispro
000028235,0,0,0,1,0,insulin lispro
000028315,0,0,0,1,0,"insulin isophane, human"
000028351,0,0,0,1,0,insulin lispro
000028501,0,0,0,1,0,"insulin, regular, human"
000028715,0,0,0,1,0,"insulin isophane, human / insulin, regular, human"
000028730,0,0,0,1,0,"insulin isophane, human"
000028770,0,0,0,1,0,"insulin isophane, human / insulin, regular, human"
000028797,0,0,0,1,0,insulin lispro
000028798,0,0,0,1,0,insulin lispro
000028799,0,0,0,1,0,insulin lispro
000028803,0,0,0,1,0,"insulin isophane, human / insulin, regular, human"
000028805,0,0,0,1,0,"insulin isophane, human"
000028824,0,0,0,1,0,"insulin, regular, human"
000028980,0,0,0,1,0,insulin glargine
000031427,0,0,1,0,0,dapagliflozin
000031428,0,0,1,0,0,dapagliflozin
000034214,0,0,1,0,0,saxagliptin
000034215,0,0,1,0,0,saxagliptin
000034221,0,0,1,0,0,metformin / saxagliptin
000034222,0,0,1,0,0,metformin / saxagliptin
000034223,0,0,1,0,0,metformin / saxagliptin
000035178,1,0,0,0,0,pravastatin
000035194,1,0,0,0,0,pravastatin
000060078,0,0,1,0,0,metformin / sitagliptin
000060080,0,0,1,0,0,metformin / sitagliptin
000060081,0,0,1,0,0,metformin / sitagliptin
000060106,0,1,0,0,0,lisinopril
000060112,0,0,1,0,0,sitagliptin
000060207,0,1,0,0,0,lisinopril
000060221,0,0,1,0,0,sitagliptin
000060277,0,0,1,0,0,sitagliptin
000060575,0,0,1,0,0,metformin / sitagliptin
000060577,0,0,1,0,0,metformin / sitagliptin
000060717,0,1,0,0,0,losartan
000060726,1,0,0,0,0,simvastatin
000060735,1,0,0,0,0,simvastatin
000060740,1,0,0,0,0,simvastatin
000060745,0,1,0,0,0,losartan
000060747,0,1,0,0,0,losartan
000060749,1,0,0,0,0,simvastatin
000060951,0,1,0,0,0,losartan
000060952,0,1,0,0,0,losartan
000060960,0,1,0,0,0,losartan
000065363,0,0,1,0,0,ertugliflozin
000065364,0,0,1,0,0,ertugliflozin
000065367,0,0,1,0,0,ertugliflozin / sitagliptin
000065368,0,0,1,0,0,ertugliflozin / sitagliptin
000065369,0,0,1,0,0,ertugliflozin / metformin
000065370,0,0,1,0,0,ertugliflozin / metformin
000065373,0,0,1,0,0,ertugliflozin / metformin
000065374,0,0,1,0,0,ertugliflozin / metformin
000090341,0,0,1,0,0,glyburide
000090352,0,0,1,0,0,glyburide
000093449,0,0,1,0,0,glyburide
000104492,0,1,0,0,0,telmisartan
000235874,0,1,0,0,0,valsartan
000245761,0,0,1,1,0,insulin glargine / lixisenatide
000245763,0,0,1,1,0,insulin glargine / lixisenatide
000245850,0,1,0,0,0,irbesartan
000245851,0,1,0,0,0,irbesartan
000245852,0,1,0,0,0,irbesartan
000245855,0,1,0,0,0,irbesartan
000245856,0,1,0,0,0,irbesartan
000245869,0,0,0,1,0,insulin glargine
000245871,0,0,0,1,0,insulin glargine
000245874,0,0,0,1,0,"insulin, regular, human"
000245924,0,0,0,1,0,insulin lispro
000245925,0,0,0,1,0,insulin lispro
000245926,0,0,0,1,0,insulin lispro
000321101,0,1,0,0,0,perindopril
000321102,0,1,0,0,0,perindopril
000321103,0,1,0,0,0,perindopril
000390223,0,0,1,0,0,glimepiride
000490170,0,0,1,0,0,glipizide
000490174,0,0,1,0,0,glipizide
000490178,0,0,1,0,0,glipizide
000491550,0,0,1,0,0,glipizide
000491560,0,0,1,0,0,glipizide
000491620,0,0,1,0,0,glipizide
000494110,0,0,1,0,0,glipizide
000540106,0,1,0,0,0,ramipril
000540107,0,1,0,0,0,ramipril
000540108,0,1,0,0,0,ramipril
000540109,0,1,0,0,0,ramipril
000540110,0,1,0,0,0,perindopril
000540111,0,1,0,0,0,perindopril
000540112,0,1,0,0,0,perindopril
000540123,0,1,0,0,0,losartan
000540124,0,1,0,0,0,losartan
000540125,0,1,0,0,0,losartan
000540126,0,1,0,0,0,losartan
000540127,0,1,0,0,0,losartan
000540250,0,1,0,0,0,irbesartan
000540251,0,1,0,0,0,irbesartan
000540252,0,1,0,0,0,irbesartan
000540254,0,1,0,0,0,irbesartan
000540255,0,1,0,0,0,irbesartan
000540277,0,1,0,0,0,losartan
000540542,0,1,0,0,0,telmisartan
000540543,0,1,0,0,0,telmisartan
000540544,0,1,0,0,0,telmisartan
000540545,0,1,0,0,0,telmisartan
000540546,0,1,0,0,0,telmisartan
000540547,0,1,0,0,0,telmisartan
000692150,1,0,0,0,0,atorvastatin
000692160,1,0,0,0,0,atorvastatin
000692170,1,0,0,0,0,atorvastatin
000692180,1,0,0,0,0,atorvastatin
000692190,1,0,0,0,0,atorvastatin
000692250,1,0,0,0,0,atorvastatin
000692260,1,0,0,0,0,atorvastatin
000692270,1,0,0,0,0,atorvastatin
000696180,1,0,0,0,0,atorvastatin
000696323,1,0,0,0,0,atorvastatin
000696565,1,0,0,0,0,atorvastatin
000696747,1,0,0,0,0,atorvastatin
000697232,1,0,0,0,0,atorvastatin
000697476,1,0,0,0,0,atorvastatin
000697654,1,0,0,0,0,atorvastatin
000697810,1,0,0,0,0,atorvastatin
000710155,1,0,0,0,0,atorvastatin
000710156,1,0,0,0,0,atorvastatin
000710157,1,0,0,0,0,atorvastatin
000710158,1,0,0,0,0,atorvastatin
000710220,0,1,0,0,0,quinapril
000710222,0,1,0,0,0,quinapril
000710223,0,1,0,0,0,quinapril
000710527,0,1,0,0,0,quinapril
000710530,0,1,0,0,0,quinapril
000710532,0,1,0,0,0,quinapril
000710535,0,1,0,0,0,quinapril
000713112,0,1,0,0,0,quinapril
000715212,0,1,0,0,0,quinapril
000780234,1,0,0,0,0,fluvastatin
000780314,0,1,0,0,0,valsartan
000780315,0,1,0,0,0,valsartan
000780354,1,0,0,0,0,fluvastatin
000780358,0,1,0,0,0,valsartan
000780359,0,1,0,0,0,valsartan
000780360,0,1,0,0,0,valsartan
000780364,0,1,0,0,0,benazepril
000780379,0,1,0,0,0,benazepril
000780383,0,1,0,0,0,valsartan
000780405,0,1,0,0,0,benazepril
000780406,0,1,0,0,0,benazepril
000780423,0,1,0,0,0,valsartan
000780448,0,1,0,0,0,benazepril
000780449,0,1,0,0,0,benazepril
000780450,0,1,0,0,0,benazepril
000780452,0,1,0,0,0,benazepril
000780453,0,1,0,0,0,benazepril
000780454,0,1,0,0,0,benazepril
000780471,0,1,0,0,0,valsartan
000780472,0,1,0,0,0,valsartan
000780485,0,1,0,0,0,aliskiren
000780486,0,1,0,0,0,aliskiren
000780488,0,1,0,0,0,valsartan
000780489,0,1,0,0,0,valsartan
000780490,0,1,0,0,0,valsartan
000780491,0,1,0,0,0,valsartan
000780521,0,1,0,0,0,aliskiren
000780522,0,1,0,0,0,aliskiren
000780523,0,1,0,0,0,aliskiren
000780524,0,1,0,0,0,aliskiren
000780559,0,1,0,0,0,valsartan
000780560,0,1,0,0,0,valsartan
000780561,0,1,0,0,0,valsartan
000780562,0,1,0,0,0,valsartan
000780563,0,1,0,0,0,valsartan
000780659,0,1,0,0,1,sacubitril / valsartan
000780696,0,1,0,0,1,sacubitril / valsartan
000780777,0,1,0,0,1,sacubitril / valsartan
000789659,0,1,0,0,1,sacubitril / valsartan
000789777,0,1,0,0,1,sacubitril / valsartan
000830079,0,1,0,0,0,benazepril
000830094,0,1,0,0,0,benazepril
000872771,0,1,0,0,0,irbesartan
000872772,0,1,0,0,0,irbesartan
000872773,0,1,0,0,0,irbesartan
000872775,0,1,0,0,0,irbesartan
000872776,0,1,0,0,0,irbesartan
000872875,0,1,0,0,0,irbesartan
000872876,0,1,0,0,0,irbesartan
000876063,0,0,1,0,0,metformin
000876064,0,0,1,0,0,metformin
000876070,0,0,1,0,0,metformin
000876071,0,0,1,0,0,metformin
000882219,0,0,0,1,0,insulin glargine
000882220,0,0,0,1,0,insulin glargine
000882500,0,0,0,1,0,"insulin glulisine, human"
000882502,0,0,0,1,0,"insulin glulisine, human"
000885020,0,0,0,1,0,insulin glargine
000885021,0,0,0,1,0,insulin glargine
000930017,0,1,0,0,0,moexipril
000930026,0,1,0,0,0,enalapril
000930027,0,1,0,0,0,enalapril
000930028,0,1,0,0,0,enalapril
000930029,0,1,0,0,0,enalapril
000930176,0,1,0,0,0,captopril
000930177,0,1,0,0,0,captopril
000930181,0,1,0,0,0,captopril
000930182,0,1,0,0,0,captopril
000930576,1,0,0,0,0,lovastatin
000930771,1,0,0,0,0,pravastatin
000930926,1,0,0,0,0,lovastatin
000930928,1,0,0,0,0,lovastatin
000931036,0,1,0,0,0,lisinopril
000931037,0,1,0,0,0,lisinopril
000931044,0,1,0,0,0,enalapril
000931048,0,0,1,0,0,metformin
000931049,0,0,1,0,0,metformin
000931052,0,1,0,0,0,enalapril
000931112,0,1,0,0,0,lisinopril
000931113,0,1,0,0,0,lisinopril
000932046,0,0,1,0,0,pioglitazone
000932047,0,0,1,0,0,pioglitazone
000932048,0,0,1,0,0,pioglitazone
000935002,0,1,0,0,0,olmesartan
000935003,0,1,0,0,0,olmesartan
000935004,0,1,0,0,0,olmesartan
000935005,0,1,0,0,0,olmesartan
000935006,0,1,0,0,0,olmesartan
000935049,0,0,1,0,0,metformin / pioglitazone
000935050,0,0,1,0,0,metformin / pioglitazone
000935056,1,0,0,0,0,atorvastatin
000935057,1,0,0,0,0,atorvastatin
000935058,1,0,0,0,0,atorvastatin
000935059,1,0,0,0,0,atorvastatin
000935124,0,1,0,0,0,benazepril
000935125,0,1,0,0,0,benazepril
000935126,0,1,0,0,0,benazepril
000935127,0,1,0,0,0,benazepril
000935150,0,1,0,0,0,moexipril
000935213,0,1,0,0,0,moexipril
000935214,0,1,0,0,0,moexipril
000935215,0,1,0,0,0,moexipril
000935456,0,1,0,0,0,quinapril
000935457,0,1,0,0,0,quinapril
000935458,0,1,0,0,0,quinapril
000935459,0,1,0,0,0,quinapril
000935710,0,0,1,0,0,glyburide / metformin
000935711,0,0,1,0,0,glyburide / metformin
000935712,0,0,1,0,0,glyburide / metformin
000937027,0,1,0,0,0,olmesartan
000937028,0,1,0,0,0,olmesartan
000937029,0,1,0,0,0,olmesartan
000937030,0,1,0,0,0,olmesartan
000937037,0,1,0,0,0,valsartan
000937038,0,1,0,0,0,valsartan
000937152,1,0,0,0,0,simvastatin
000937153,1,0,0,0,0,simvastatin
000937154,1,0,0,0,0,simvastatin
000937155,1,0,0,0,0,simvastatin
000937156,1,0,0,0,0,simvastatin
000937201,1,0,0,0,0,pravastatin
000937202,1,0,0,0,0,pravastatin
000937212,0,0,1,0,0,metformin
000937214,0,0,1,0,0,metformin
000937222,0,1,0,0,0,fosinopril
000937223,0,1,0,0,0,fosinopril
000937224,0,1,0,0,0,fosinopril
000937238,0,1,0,0,0,irbesartan
000937239,0,1,0,0,0,irbesartan
000937254,0,0,1,0,0,glimepiride
000937255,0,0,1,0,0,glimepiride
000937256,0,0,1,0,0,glimepiride
000937260,0,0,1,0,0,glyburide / metformin
000937261,0,0,1,0,0,glyburide / metformin
000937262,0,0,1,0,0,glyburide / metformin
000937267,0,0,1,0,0,metformin
000937270,1,0,0,0,0,pravastatin
000937271,0,0,1,0,0,pioglitazone
000937272,0,0,1,0,0,pioglitazone
000937273,0,0,1,0,0,pioglitazone
000937325,0,1,0,0,0,trandolapril
000937326,0,1,0,0,0,trandolapril
000937327,0,1,0,0,0,trandolapril
000937364,0,1,0,0,0,losartan
000937365,0,1,0,0,0,losartan
000937366,0,1,0,0,0,losartan
000937367,0,1,0,0,0,losartan
000937368,0,1,0,0,0,losartan
000937369,0,1,0,0,0,losartan
000937370,0,1,0,0,0,benazepril
000937371,0,1,0,0,0,benazepril
000937372,0,1,0,0,0,benazepril
000937373,0,1,0,0,0,benazepril
000937431,0,1,0,0,0,valsartan
000937432,0,1,0,0,0,valsartan
000937433,0,1,0,0,0,valsartan
000937434,0,1,0,0,0,valsartan
000937436,0,1,0,0,0,ramipril
000937437,0,1,0,0,0,ramipril
000937438,0,1,0,0,0,ramipril
000937442,1,0,0,0,0,fluvastatin
000937443,1,0,0,0,0,fluvastatin
000937446,1,0,0,0,0,fluvastatin
000937455,0,0,1,0,0,glipizide / metformin
000937456,0,0,1,0,0,glipizide / metformin
000937457,0,0,1,0,0,glipizide / metformin
000937464,0,1,0,0,0,irbesartan
000937465,0,1,0,0,0,irbesartan
000937466,0,1,0,0,0,irbesartan
000937514,0,1,0,0,0,irbesartan
000937570,1,0,0,0,0,rosuvastatin
000937571,1,0,0,0,0,rosuvastatin
000937572,1,0,0,0,0,rosuvastatin
000937573,1,0,0,0,0,rosuvastatin
000937610,0,1,0,0,0,olmesartan
000937611,0,1,0,0,0,olmesartan
000937612,0,1,0,0,0,olmesartan
000937615,0,1,0,0,0,olmesartan
000937616,0,1,0,0,0,olmesartan
000937617,0,1,0,0,0,olmesartan
000937670,0,1,0,0,0,benazepril
000937671,0,1,0,0,0,benazepril
000937677,0,0,1,0,0,metformin / pioglitazone
000937678,0,0,1,0,0,metformin / pioglitazone
000937690,0,1,0,0,0,valsartan
000937691,0,1,0,0,0,valsartan
000937692,0,1,0,0,0,valsartan
000937693,0,1,0,0,0,valsartan
000937807,0,1,0,0,0,valsartan
000937809,0,1,0,0,0,valsartan
000937810,0,1,0,0,0,valsartan
000938034,0,0,1,0,0,glyburide
000938035,0,0,1,0,0,glyburide
000938036,0,0,1,0,0,glyburide
000938133,0,1,0,0,0,captopril
000938134,0,1,0,0,0,captopril
000938232,0,1,0,0,0,irbesartan
000938238,0,1,0,0,0,irbesartan
000938342,0,0,1,0,0,glyburide
000938343,0,0,1,0,0,glyburide
000938344,0,0,1,0,0,glyburide
000939364,0,0,1,0,0,glyburide
000939433,0,0,1,0,0,glyburide
000939477,0,0,1,0,0,glyburide
001151385,1,0,0,0,0,simvastatin
001151386,1,0,0,0,0,simvastatin
001151387,1,0,0,0,0,simvastatin
001151388,1,0,0,0,0,simvastatin
001151648,0,0,1,0,0,glyburide / metformin
001151649,0,0,1,0,0,glyburide / metformin
001151650,0,0,1,0,0,glyburide / metformin
001151742,0,0,1,0,0,glyburide
001151743,0,0,1,0,0,glyburide
001151744,0,0,1,0,0,glyburide
001210929,0,0,1,0,0,glyburide
001210930,0,0,1,0,0,glyburide
001210931,0,0,1,0,0,glyburide
001431171,0,1,0,0,0,captopril
001431172,0,1,0,0,0,captopril
001431173,0,1,0,0,0,captopril
001431174,0,1,0,0,0,captopril
001431262,0,1,0,0,0,lisinopril
001431263,0,1,0,0,0,lisinopril
001431264,0,1,0,0,0,lisinopril
001431265,0,1,0,0,0,lisinopril
001431266,0,1,0,0,0,lisinopril
001431267,0,1,0,0,0,lisinopril
001431268,0,1,0,0,0,lisinopril
001431270,0,1,0,0,0,lisinopril
001431280,0,1,0,0,0,lisinopril
001439125,0,1,0,0,0,trandolapril
001439126,0,1,0,0,0,trandolapril
001439127,0,1,0,0,0,trandolapril
001439713,0,1,0,0,0,lisinopril
001439714,0,1,0,0,0,lisinopril
001439715,0,1,0,0,0,lisinopril
001439716,0,1,0,0,0,lisinopril
001439918,0,0,1,0,0,glyburide
001439919,0,0,1,0,0,glyburide
001439920,0,0,1,0,0,glyburide
001439973,0,0,1,0,0,rosiglitazone
001439974,0,0,1,0,0,rosiglitazone
001439975,0,0,1,0,0,rosiglitazone
001691833,0,0,0,1,0,"insulin, regular, human"
001691834,0,0,0,1,0,"insulin isophane, human"
001691837,0,0,0,1,0,"insulin isophane, human / insulin, regular, human"
001692100,0,0,0,1,0,"insulin aspart, human"
001692101,0,0,0,1,0,"insulin aspart, human"
001692200,0,0,0,1,0,"insulin aspart, human"
001692201,0,0,0,1,0,"insulin aspart, human"
001692550,0,0,0,1,0,insulin degludec
001692660,0,0,0,1,0,insulin degludec
001692662,0,0,0,1,0,insulin degludec
001692800,0,0,1,0,0,liraglutide
001692911,0,0,1,1,0,insulin degludec / liraglutide
001693003,0,0,0,1,0,"insulin, regular, human"
001693004,0,0,0,1,0,"insulin isophane, human"
001693007,0,0,0,1,0,"insulin isophane, human / insulin, regular, human"
001693201,0,0,0,1,0,"insulin aspart, human"
001693204,0,0,0,1,0,"insulin aspart, human"
001693205,0,0,0,1,0,"insulin aspart, human"
001693303,0,0,0,1,0,"insulin aspart, human"
001693685,0,0,0,1,0,"insulin aspart, human"
001693687,0,0,0,1,0,insulin detemir
001693696,0,0,0,1,0,"insulin aspart, human"
001694060,0,0,1,0,0,liraglutide
001694130,0,0,1,0,0,semaglutide
001694181,0,0,1,0,0,semaglutide
001694303,0,0,1,0,0,semaglutide
001694307,0,0,1,0,0,semaglutide
001694314,0,0,1,0,0,semaglutide
001694501,0,0,1,0,0,semaglutide
001694505,0,0,1,0,0,semaglutide
001694517,0,0,1,0,0,semaglutide
001694524,0,0,1,0,0,semaglutide
001694525,0,0,1,0,0,semaglutide
001694772,0,0,1,0,0,semaglutide
001696338,0,0,0,1,0,"insulin aspart, human"
001696339,0,0,0,1,0,"insulin aspart, human"
001696432,0,0,0,1,0,insulin detemir
001696438,0,0,0,1,0,insulin detemir
001696439,0,0,0,1,0,insulin detemir
001697501,0,0,0,1,0,"insulin aspart, human"
001723649,0,0,1,0,0,glipizide
001723650,0,0,1,0,0,glipizide
001723757,0,1,0,0,0,lisinopril
001723758,0,1,0,0,0,lisinopril
001723759,0,1,0,0,0,lisinopril
001723760,0,1,0,0,0,lisinopril
001723761,0,1,0,0,0,lisinopril
001723762,0,1,0,0,0,lisinopril
001724195,0,1,0,0,0,enalapril
001724196,0,1,0,0,0,enalapril
001724197,0,1,0,0,0,enalapril
001724198,0,1,0,0,0,enalapril
001724435,0,0,1,0,0,metformin
001725032,0,1,0,0,0,lisinopril
001725033,0,1,0,0,0,lisinopril
001725034,0,1,0,0,0,lisinopril
001725351,0,1,0,0,0,benazepril
001725352,0,1,0,0,0,benazepril
001725353,0,1,0,0,0,benazepril
001790128,1,0,0,0,0,simvastatin
001790135,0,1,0,0,0,lisinopril
001790141,1,0,0,0,0,atorvastatin
001790178,0,0,1,0,0,metformin
001790183,0,0,1,0,0,metformin
001790200,0,1,0,0,0,losartan
001790202,0,1,0,0,0,losartan
001790203,0,1,0,0,0,losartan
001790205,0,0,1,0,0,glipizide / metformin
001790214,1,0,0,0,0,atorvastatin
001790215,1,0,0,0,0,atorvastatin
001790216,1,0,0,0,0,atorvastatin
001790219,1,0,0,0,0,simvastatin
001790240,1,0,0,0,0,simvastatin
001790241,1,0,0,0,0,simvastatin
001790242,1,0,0,0,0,simvastatin
001790243,1,0,0,0,0,simvastatin
001791433,1,0,0,0,0,lovastatin
001791434,1,0,0,0,0,lovastatin
001791435,1,0,0,0,0,lovastatin
001791897,1,0,0,0,0,simvastatin
001791898,1,0,0,0,0,simvastatin
001791899,1,0,0,0,0,simvastatin
001791979,0,0,1,0,0,metformin
001791984,0,1,0,0,0,lisinopril
001791985,0,1,0,0,0,lisinopril
001791988,0,1,0,0,0,lisinopril
001822623,0,1,0,0,0,captopril
001822646,0,0,1,0,0,glyburide
001850025,0,1,0,0,0,lisinopril
001850041,0,1,0,0,0,fosinopril
001850042,0,1,0,0,0,fosinopril
001850047,0,1,0,0,0,fosinopril
001850048,0,1,0,0,0,benazepril
001850053,0,1,0,0,0,benazepril
001850070,1,0,0,0,0,lovastatin
001850072,1,0,0,0,0,lovastatin
001850074,1,0,0,0,0,lovastatin
001850101,0,1,0,0,0,lisinopril
001850102,0,1,0,0,0,lisinopril
001850103,0,1,0,0,0,lisinopril
001850104,0,1,0,0,0,lisinopril
001850114,0,1,0,0,0,enalapril
001850124,0,1,0,0,0,benazepril
001850127,0,1,0,0,0,enalapril
001850147,0,1,0,0,0,enalapril
001850151,0,1,0,0,0,enalapril
001850152,0,1,0,0,0,lisinopril
001850172,0,1,0,0,0,enalapril
001850173,0,1,0,0,0,lisinopril
001850204,0,1,0,0,0,benazepril
001850211,0,1,0,0,0,benazepril
001850213,0,0,1,0,0,metformin
001850214,0,1,0,0,0,enalapril
001850215,0,0,1,0,0,metformin
001850221,0,0,1,0,0,metformin
001850236,0,1,0,0,0,benazepril
001850277,0,1,0,0,0,benazepril
001850325,0,1,0,0,0,benazepril
001850341,0,1,0,0,0,fosinopril
001850342,0,1,0,0,0,fosinopril
001850505,0,1,0,0,0,benazepril
001850602,0,1,0,0,0,lisinopril
001850605,0,1,0,0,0,lisinopril
001850610,0,1,0,0,0,lisinopril
001850620,0,1,0,0,0,lisinopril
001850630,0,1,0,0,0,lisinopril
001850640,0,1,0,0,0,lisinopril
001850820,0,1,0,0,0,benazepril
001854416,0,0,1,0,0,metformin
001855400,0,1,0,0,0,lisinopril
001857100,0,1,0,0,0,lisinopril
001860004,0,1,0,0,0,candesartan
001860008,0,1,0,0,0,candesartan
001860016,0,1,0,0,0,candesartan
001860032,0,1,0,0,0,candesartan
001860162,0,1,0,0,0,candesartan
001860322,0,1,0,0,0,candesartan
001860324,0,1,0,0,0,candesartan
001870140,0,1,0,0,0,enalapril
001870141,0,1,0,0,0,enalapril
001870142,0,1,0,0,0,enalapril
001870143,0,1,0,0,0,enalapril
001870146,0,1,0,0,0,enalapril
002282633,1,0,0,0,0,lovastatin
002282634,1,0,0,0,0,lovastatin
002282635,1,0,0,0,0,lovastatin
002282657,0,0,1,0,0,metformin
002282706,0,1,0,0,0,lisinopril
002282707,0,1,0,0,0,lisinopril
002282708,0,1,0,0,0,lisinopril
002282715,0,0,1,0,0,metformin
002282718,0,0,1,0,0,metformin
002282728,0,0,1,0,0,metformin
002282740,0,0,1,0,0,metformin
002282751,0,0,1,0,0,glyburide / metformin
002282752,0,0,1,0,0,glyburide / metformin
002282753,0,0,1,0,0,glyburide / metformin
002282898,0,0,1,0,0,glipizide
002282899,0,0,1,0,0,glipizide
002282900,0,0,1,0,0,glipizide
002450193,0,1,0,0,0,losartan
002450194,0,1,0,0,0,losartan
002450195,0,1,0,0,0,losartan
002470444,0,0,1,0,0,glipizide
002470447,0,0,0,1,0,"insulin, regular, human"
002470578,0,1,0,0,0,enalapril
002470579,0,1,0,0,0,enalapril
002471023,0,1,0,0,0,lisinopril
002471091,0,1,0,0,0,ramipril
002471126,0,1,0,0,0,benazepril
002471127,0,1,0,0,0,benazepril
002471139,1,0,0,0,0,pravastatin
002471140,1,0,0,0,0,pravastatin
002471148,0,1,0,0,0,lisinopril
002471152,1,0,0,0,0,simvastatin
002471154,1,0,0,0,0,simvastatin
002471270,0,0,1,0,0,glyburide
002471277,0,1,0,0,0,moexipril
002471380,0,1,0,0,0,enalapril
002471440,0,1,0,0,0,enalapril
002471525,0,1,0,0,0,quinapril
002471538,0,0,0,1,0,"insulin isophane, human"
002471635,0,1,0,0,0,captopril
002471636,0,1,0,0,0,captopril
002471637,0,1,0,0,0,captopril
002471689,1,0,0,0,0,atorvastatin
002471690,1,0,0,0,0,atorvastatin
002471691,1,0,0,0,0,atorvastatin
002471704,0,0,1,0,0,glyburide
002471760,0,0,1,0,0,glipizide
002471762,0,0,1,0,0,glipizide
002471763,0,0,1,0,0,glipizide
002471854,0,0,1,0,0,metformin
002471881,0,1,0,0,0,enalapril
002471882,0,1,0,0,0,enalapril
002471919,0,1,0,0,0,lisinopril
002471920,0,1,0,0,0,lisinopril
002471924,0,0,1,0,0,pioglitazone
002471925,0,0,1,0,0,pioglitazone
002471926,0,0,1,0,0,pioglitazone
002471952,0,0,1,0,0,metformin
002471953,0,0,1,0,0,metformin
002471954,0,0,1,0,0,metformin
002471955,0,1,0,0,0,quinapril
002471956,0,1,0,0,0,quinapril
002471957,0,1,0,0,0,quinapril
002471962,0,1,0,0,0,valsartan
002471989,0,0,0,1,0,insulin lispro
002472001,0,1,0,0,0,lisinopril
002472021,0,1,0,0,0,lisinopril
002472053,1,0,0,0,0,lovastatin
002472054,1,0,0,0,0,lovastatin
002472055,1,0,0,0,0,lovastatin
002472058,0,1,0,0,0,fosinopril
002472069,0,0,1,0,0,glyburide
002472107,0,1,0,0,0,lisinopril
002472136,0,1,0,0,0,benazepril
002472137,0,1,0,0,0,benazepril
002472151,0,1,0,0,0,benazepril
002472155,0,1,0,0,0,enalapril
002472159,0,0,1,0,0,glipizide
002472160,0,0,1,0,0,glipizide
002472171,0,1,0,0,0,fosinopril
002472237,0,1,0,0,0,lisinopril
002472257,0,1,0,0,0,valsartan
002472285,0,1,0,0,0,olmesartan
002472286,0,1,0,0,0,olmesartan
002472287,0,1,0,0,0,olmesartan
002472288,0,0,1,0,0,glimepiride
002472289,0,0,1,0,0,glimepiride
002472290,0,0,1,0,0,glimepiride
002472291,0,0,1,0,0,glyburide / metformin
002472292,0,0,1,0,0,glyburide / metformin
002472293,0,0,1,0,0,glyburide / metformin
002472305,0,1,0,0,0,fosinopril
002472306,0,1,0,0,0,enalapril
002472318,0,1,0,0,0,lisinopril
002472320,0,1,0,0,0,quinapril
002472335,0,1,0,0,0,losartan
003100130,0,1,0,0,0,lisinopril
003100131,0,1,0,0,0,lisinopril
003100132,0,1,0,0,0,lisinopril
003100133,0,1,0,0,0,lisinopril
003100134,0,1,0,0,0,lisinopril
003100135,0,1,0,0,0,lisinopril
003100141,0,1,0,0,0,lisinopril
003100142,0,1,0,0,0,lisinopril
003100145,0,1,0,0,0,lisinopril
003100751,1,0,0,0,0,rosuvastatin
003100752,1,0,0,0,0,rosuvastatin
003100754,1,0,0,0,0,rosuvastatin
003100755,1,0,0,0,0,rosuvastatin
003106100,0,0,1,0,0,saxagliptin
003106105,0,0,1,0,0,saxagliptin
003106125,0,0,1,0,0,metformin / saxagliptin
003106135,0,0,1,0,0,metformin / saxagliptin
003106145,0,0,1,0,0,metformin / saxagliptin
003106205,0,0,1,0,0,dapagliflozin
003106210,0,0,1,0,0,dapagliflozin
003106225,0,0,1,0,0,dapagliflozin / metformin
003106250,0,0,1,0,0,dapagliflozin / metformin
003106260,0,0,1,0,0,dapagliflozin / metformin
003106270,0,0,1,0,0,dapagliflozin / metformin
003106280,0,0,1,0,0,dapagliflozin / metformin
003106512,0,0,1,0,0,exenatide
003106524,0,0,1,0,0,exenatide
003106540,0,0,1,0,0,exenatide
003106770,0,0,1,0,0,dapagliflozin / saxagliptin
003106780,0,0,1,0,0,dapagliflozin / saxagliptin
003107560,1,0,0,0,0,rosuvastatin
003107570,1,0,0,0,0,rosuvastatin
003107580,1,0,0,0,0,rosuvastatin
003107590,1,0,0,0,0,rosuvastatin
003380126,0,0,0,1,0,"insulin, regular, human"
003780017,0,1,0,0,0,quinapril
003780048,0,0,1,0,0,pioglitazone
003780081,0,1,0,0,0,captopril
003780083,0,1,0,0,0,captopril
003780084,0,1,0,0,0,captopril
003780086,0,1,0,0,0,captopril
003780197,0,0,1,0,0,chlorpropamide
003780210,0,0,1,0,0,chlorpropamide
003780215,0,0,1,0,0,tolbutamide
003780217,0,0,1,0,0,tolazamide
003780226,0,1,0,0,0,quinapril
003780228,0,0,1,0,0,pioglitazone
003780234,0,0,1,0,0,metformin
003780240,0,0,1,0,0,metformin
003780244,0,0,1,0,0,metformin
003780254,0,1,0,0,0,quinapril
003780272,0,1,0,0,0,quinapril
003780318,0,0,1,0,0,pioglitazone
003780340,0,0,1,0,0,glipizide
003780342,0,0,1,0,0,glipizide
003780350,0,0,1,0,0,metformin
003780352,0,0,1,0,0,metformin
003780431,0,0,1,0,0,glipizide
003780441,0,1,0,0,0,benazepril
003780443,0,1,0,0,0,benazepril
003780444,0,1,0,0,0,benazepril
003780447,0,1,0,0,0,benazepril
003780542,0,1,0,0,0,quinapril
003780543,0,1,0,0,0,quinapril
003780544,0,1,0,0,0,quinapril
003780551,0,0,1,0,0,tolazamide
003780552,1,0,0,0,0,pravastatin
003780553,1,0,0,0,0,pravastatin
003780554,1,0,0,0,0,pravastatin
003780557,1,0,0,0,0,pravastatin
003780712,0,1,0,0,0,enalapril
003780723,0,1,0,0,0,enalapril
003781012,0,1,0,0,0,lisinopril
003781051,0,1,0,0,0,enalapril
003781052,0,1,0,0,0,enalapril
003781053,0,1,0,0,0,enalapril
003781054,0,1,0,0,0,enalapril
003781075,0,1,0,0,0,telmisartan
003781076,0,1,0,0,0,telmisartan
003781077,0,1,0,0,0,telmisartan
003781078,0,1,0,0,0,telmisartan
003781105,0,0,1,0,0,glipizide
003781110,0,0,1,0,0,glipizide
003781113,0,0,1,0,0,glyburide
003781117,0,1,0,0,0,quinapril
003781125,0,0,1,0,0,glyburide
003781142,0,0,1,0,0,glyburide
003781413,0,1,0,0,0,olmesartan
003781418,0,1,0,0,0,losartan
003781419,0,1,0,0,0,losartan
003781420,0,1,0,0,0,losartan
003781422,0,1,0,0,0,olmesartan
003781425,0,1,0,0,0,olmesartan
003781550,0,0,1,0,0,metformin / pioglitazone
003781575,0,0,1,0,0,metformin / pioglitazone
003781721,0,1,0,0,0,valsartan
003781722,0,1,0,0,0,valsartan
003781723,0,1,0,0,0,valsartan
003781724,0,1,0,0,0,valsartan
003782012,0,1,0,0,0,lisinopril
003782015,1,0,0,0,0,atorvastatin
003782017,1,0,0,0,0,atorvastatin
003782022,0,1,0,0,0,irbesartan
003782023,0,1,0,0,0,irbesartan
003782024,0,1,0,0,0,irbesartan
003782025,0,1,0,0,0,lisinopril
003782072,0,1,0,0,0,lisinopril
003782073,0,1,0,0,0,lisinopril
003782074,0,1,0,0,0,lisinopril
003782075,0,1,0,0,0,lisinopril
003782076,0,1,0,0,0,lisinopril
003782077,0,1,0,0,0,lisinopril
003782121,1,0,0,0,0,atorvastatin
003782122,1,0,0,0,0,atorvastatin
003782201,1,0,0,0,0,rosuvastatin
003782203,1,0,0,0,0,rosuvastatin
003782204,1,0,0,0,0,rosuvastatin
003782232,1,0,0,0,0,rosuvastatin
003782901,0,1,0,0,0,telmisartan
003782902,0,1,0,0,0,telmisartan
003782903,0,1,0,0,0,telmisartan
003782920,0,1,0,0,0,telmisartan
003782921,0,1,0,0,0,telmisartan
003782922,0,1,0,0,0,telmisartan
003783001,0,1,0,0,0,candesartan
003783002,0,1,0,0,0,candesartan
003783003,0,1,0,0,0,candesartan
003783007,0,1,0,0,0,captopril
003783012,0,1,0,0,0,captopril
003783017,0,1,0,0,0,captopril
003783022,0,1,0,0,0,captopril
003783033,0,1,0,0,0,irbesartan
003783034,0,1,0,0,0,irbesartan
003783121,0,0,1,0,0,repaglinide
003783122,0,0,1,0,0,repaglinide
003783123,0,0,1,0,0,repaglinide
003783131,0,0,1,0,0,glipizide / metformin
003783132,0,0,1,0,0,glipizide / metformin
003783133,0,0,1,0,0,glipizide / metformin
003783224,0,1,0,0,0,candesartan
003783225,0,1,0,0,0,candesartan
003783231,0,1,0,0,0,candesartan
003783232,0,1,0,0,0,candesartan
003783241,0,1,0,0,0,trandolapril
003783242,0,1,0,0,0,trandolapril
003783243,0,1,0,0,0,trandolapril
003783950,1,0,0,0,0,atorvastatin
003783951,1,0,0,0,0,atorvastatin
003783952,1,0,0,0,0,atorvastatin
003783953,1,0,0,0,0,atorvastatin
003784011,0,0,1,0,0,glimepiride
003784012,0,0,1,0,0,glimepiride
003784013,0,0,1,0,0,glimepiride
003784041,0,1,0,0,0,losartan
003784042,0,1,0,0,0,losartan
003784043,0,1,0,0,0,losartan
003784510,1,0,0,0,0,atorvastatin
003784511,1,0,0,0,0,atorvastatin
003784512,1,0,0,0,0,atorvastatin
003784513,1,0,0,0,0,atorvastatin
003784514,1,0,0,0,0,atorvastatin
003784515,1,0,0,0,0,atorvastatin
003784516,1,0,0,0,0,atorvastatin
003784517,1,0,0,0,0,atorvastatin
003784518,1,0,0,0,0,atorvastatin
003784519,1,1,0,0,0,atorvastatin / telmisartan
003784520,1,0,0,0,0,atorvastatin
003784725,0,1,0,0,0,benazepril
003784735,0,1,0,0,0,benazepril
003784745,0,1,0,0,0,benazepril
003784775,0,1,0,0,0,benazepril
003785121,1,0,0,0,0,fluvastatin
003785401,1,0,0,0,0,simvastatin
003785402,1,0,0,0,0,simvastatin
003785403,1,0,0,0,0,simvastatin
003785404,1,0,0,0,0,simvastatin
003785405,1,0,0,0,0,simvastatin
003785807,0,1,0,0,0,valsartan
003785813,0,1,0,0,0,valsartan
003785814,0,1,0,0,0,valsartan
003785815,0,1,0,0,0,valsartan
003786001,0,0,1,0,0,metformin
003786002,0,0,1,0,0,metformin
003786161,1,0,0,0,0,atorvastatin
003786162,1,0,0,0,0,atorvastatin
003786163,1,0,0,0,0,atorvastatin
003786164,1,0,0,0,0,atorvastatin
003786165,1,0,0,0,0,atorvastatin
003786166,1,0,0,0,0,atorvastatin
003786167,1,0,0,0,0,atorvastatin
003786168,1,0,0,0,0,atorvastatin
003786169,1,0,0,0,0,atorvastatin
003786170,1,0,0,0,0,atorvastatin
003786171,1,0,0,0,0,atorvastatin
003786321,0,1,0,0,0,valsartan
003786322,0,1,0,0,0,valsartan
003786323,0,1,0,0,0,valsartan
003786324,0,1,0,0,0,valsartan
003786325,0,1,0,0,0,valsartan
003786510,1,0,0,0,0,lovastatin
003786520,1,0,0,0,0,lovastatin
003786540,1,0,0,0,0,lovastatin
003786628,0,1,0,0,0,eprosartan
003786629,0,1,0,0,0,eprosartan
003786895,0,1,0,0,0,benazepril
003786896,0,1,0,0,0,benazepril
003786897,0,1,0,0,0,benazepril
003786898,0,1,0,0,0,benazepril
003786899,0,1,0,0,0,benazepril
003786900,0,1,0,0,0,benazepril
003787012,0,1,0,0,0,olmesartan
003787112,0,1,0,0,0,olmesartan
003787124,0,1,0,0,0,olmesartan
003787185,0,0,1,0,0,metformin
003787186,0,0,1,0,0,metformin
003787187,0,0,1,0,0,metformin
003788020,1,0,0,0,0,fluvastatin
003788021,1,0,0,0,0,fluvastatin
003788210,1,0,0,0,0,pravastatin
003788220,1,0,0,0,0,pravastatin
003788240,1,0,0,0,0,pravastatin
003788280,1,0,0,0,0,pravastatin
004405550,0,1,0,0,0,fosinopril
004405551,0,1,0,0,0,fosinopril
004405552,0,1,0,0,0,fosinopril
004405739,0,0,1,0,0,metformin
004405745,0,0,1,0,0,metformin
004405746,0,0,1,0,0,metformin
004406564,0,0,1,0,0,glimepiride
004406565,0,0,1,0,0,glimepiride
004406566,0,0,1,0,0,glimepiride
004406692,1,0,0,0,0,lovastatin
004406693,1,0,0,0,0,lovastatin
004406694,1,0,0,0,0,lovastatin
004406739,0,0,1,0,0,metformin
004406745,0,0,1,0,0,metformin
004406746,0,0,1,0,0,metformin
004407125,1,0,0,0,0,atorvastatin
004407126,1,0,0,0,0,atorvastatin
004407127,1,0,0,0,0,atorvastatin
004407128,1,0,0,0,0,atorvastatin
004407140,0,1,0,0,0,benazepril
004407141,0,1,0,0,0,benazepril
004407142,0,1,0,0,0,benazepril
004407143,0,1,0,0,0,benazepril
004407569,0,0,1,0,0,glipizide
004407589,0,0,1,0,0,glyburide / metformin
004407674,0,1,0,0,0,lisinopril
004407675,0,1,0,0,0,lisinopril
004407676,0,1,0,0,0,lisinopril
004407677,0,1,0,0,0,lisinopril
004407748,0,0,1,0,0,metformin
004408072,0,1,0,0,0,quinapril
004408155,1,0,0,0,0,pravastatin
004408156,1,0,0,0,0,pravastatin
004408157,1,0,0,0,0,pravastatin
004807270,1,0,0,0,0,pravastatin
004900067,0,1,0,0,0,enalapril
004907030,0,1,0,0,0,enalapril
005271919,0,1,0,0,0,perindopril
005271920,0,1,0,0,0,perindopril
005272425,0,1,0,0,0,olmesartan
005272426,0,1,0,0,0,olmesartan
005272427,0,1,0,0,0,olmesartan
005272580,1,0,0,0,0,fluvastatin
005550385,0,0,1,0,0,metformin
005550386,0,0,1,0,0,metformin
005550387,0,0,1,0,0,metformin
005740110,0,1,0,0,0,moexipril
005740112,0,1,0,0,0,moexipril
005740133,0,1,0,0,0,moexipril
005740134,0,1,0,0,0,moexipril
005740135,0,1,0,0,0,moexipril
005740227,0,1,0,0,0,benazepril
005740228,0,1,0,0,0,benazepril
005740229,0,1,0,0,0,benazepril
005740240,0,0,1,0,0,repaglinide
005740241,0,0,1,0,0,repaglinide
005740242,0,0,1,0,0,repaglinide
005741710,1,0,0,0,0,simvastatin
005910013,1,0,0,0,0,pravastatin
005910014,1,0,0,0,0,pravastatin
005910016,1,0,0,0,0,pravastatin
005910019,1,0,0,0,0,pravastatin
005910405,0,1,0,0,0,lisinopril
005910406,0,1,0,0,0,lisinopril
005910407,0,1,0,0,0,lisinopril
005910408,0,1,0,0,0,lisinopril
005910409,0,1,0,0,0,lisinopril
005910460,0,0,1,0,0,glipizide
005910461,0,0,1,0,0,glipizide
005910668,0,1,0,0,0,enalapril
005910669,0,1,0,0,0,enalapril
005910670,0,1,0,0,0,enalapril
005910671,0,1,0,0,0,enalapril
005910844,0,0,1,0,0,glipizide
005910845,0,0,1,0,0,glipizide
005910860,0,1,0,0,0,lisinopril
005910861,0,1,0,0,0,lisinopril
005910862,0,1,0,0,0,lisinopril
005910885,0,1,0,0,0,lisinopril
005910900,0,0,1,0,0,glipizide
005912167,0,1,0,0,0,valsartan
005912168,0,1,0,0,0,valsartan
005912169,0,1,0,0,0,valsartan
005912170,0,1,0,0,0,valsartan
005912315,0,1,0,0,0,valsartan
005912316,0,1,0,0,0,valsartan
005912317,0,1,0,0,0,valsartan
005912318,0,1,0,0,0,valsartan
005912319,0,1,0,0,0,valsartan
005912411,0,0,1,0,0,metformin
005912412,0,0,1,0,0,metformin
005912455,0,0,1,0,0,metformin
005912713,0,0,1,0,0,metformin
005912719,0,0,1,0,0,metformin
005912720,0,0,1,0,0,metformin
005912775,0,0,1,0,0,metformin
005912782,0,1,0,0,0,irbesartan
005912783,0,1,0,0,0,irbesartan
005912784,0,1,0,0,0,irbesartan
005912785,0,1,0,0,0,irbesartan
005912786,0,1,0,0,0,irbesartan
005913205,0,0,1,0,0,pioglitazone
005913206,0,0,1,0,0,pioglitazone
005913207,0,0,1,0,0,pioglitazone
005913292,0,1,0,0,0,telmisartan
005913293,0,1,0,0,0,telmisartan
005913294,0,1,0,0,0,telmisartan
005913354,0,0,1,0,0,nateglinide
005913355,0,0,1,0,0,nateglinide
005913745,0,1,0,0,0,losartan
005913746,0,1,0,0,0,losartan
005913747,0,1,0,0,0,losartan
005913748,0,1,0,0,0,losartan
005913749,0,1,0,0,0,losartan
005913750,0,1,0,0,0,losartan
005913757,0,1,0,0,0,benazepril
005913758,0,1,0,0,0,benazepril
005913759,0,1,0,0,0,benazepril
005913760,0,1,0,0,0,benazepril
005913761,0,1,0,0,0,benazepril
005913762,0,1,0,0,0,benazepril
005913774,1,0,0,0,0,atorvastatin
005913775,1,0,0,0,0,atorvastatin
005913776,1,0,0,0,0,atorvastatin
005913777,1,0,0,0,0,atorvastatin
005913971,0,0,1,0,0,glipizide / metformin
005913972,0,0,1,0,0,glipizide / metformin
005913973,0,0,1,0,0,glipizide / metformin
005970039,0,1,0,0,0,telmisartan
005970040,0,1,0,0,0,telmisartan
005970041,0,1,0,0,0,telmisartan
005970042,0,1,0,0,0,telmisartan
005970043,0,1,0,0,0,telmisartan
005970044,0,1,0,0,0,telmisartan
005970124,0,1,0,0,0,telmisartan
005970125,0,1,0,0,0,telmisartan
005970126,0,1,0,0,0,telmisartan
005970127,0,1,0,0,0,telmisartan
005970140,0,0,1,0,0,linagliptin
005970146,0,0,1,0,0,linagliptin / metformin
005970147,0,0,1,0,0,linagliptin / metformin
005970148,0,0,1,0,0,linagliptin / metformin
005970152,0,0,1,0,0,empagliflozin
005970153,0,0,1,0,0,empagliflozin
005970159,0,0,1,0,0,empagliflozin / metformin
005970164,0,0,1,0,0,empagliflozin / linagliptin
005970168,0,0,1,0,0,empagliflozin / metformin
005970175,0,0,1,0,0,empagliflozin / metformin
005970180,0,0,1,0,0,empagliflozin / metformin
005970182,0,0,1,0,0,empagliflozin / linagliptin
005970270,0,0,1,0,0,linagliptin / metformin
005970275,0,0,1,0,0,linagliptin / metformin
005970280,0,0,1,0,0,empagliflozin / metformin
005970290,0,0,1,0,0,empagliflozin / metformin
005970295,0,0,1,0,0,empagliflozin / metformin
005970300,0,0,1,0,0,empagliflozin / metformin
005970380,0,0,1,0,0,empagliflozin / linagliptin / metformin
005970385,0,0,1,0,0,empagliflozin / linagliptin / metformin
005970390,0,0,1,0,0,empagliflozin / linagliptin / metformin
005970395,0,0,1,0,0,empagliflozin / linagliptin / metformin
006033744,0,0,1,0,0,glimepiride
006033745,0,0,1,0,0,glimepiride
006033746,0,0,1,0,0,glimepiride
006034080,0,1,0,0,0,irbesartan
006034081,0,1,0,0,0,irbesartan
006034082,0,1,0,0,0,irbesartan
006034088,0,1,0,0,0,irbesartan
006034089,0,1,0,0,0,irbesartan
006034209,0,1,0,0,0,lisinopril
006034210,0,1,0,0,0,lisinopril
006034211,0,1,0,0,0,lisinopril
006034212,0,1,0,0,0,lisinopril
006034213,0,1,0,0,0,lisinopril
006034214,0,1,0,0,0,lisinopril
006034224,0,1,0,0,0,losartan
006034225,0,1,0,0,0,losartan
006034226,0,1,0,0,0,losartan
006034228,0,1,0,0,0,losartan
006034229,0,1,0,0,0,losartan
006034230,0,1,0,0,0,losartan
006034467,0,0,1,0,0,metformin
006034468,0,0,1,0,0,metformin
006034469,0,0,1,0,0,metformin
006035914,0,1,0,0,0,telmisartan
006035915,0,1,0,0,0,telmisartan
006035916,0,1,0,0,0,telmisartan
006035926,0,1,0,0,0,telmisartan
006035927,0,1,0,0,0,telmisartan
006035928,0,1,0,0,0,telmisartan
006036340,0,1,0,0,0,valsartan
006036341,0,1,0,0,0,valsartan
006036342,0,1,0,0,0,valsartan
006036343,0,1,0,0,0,valsartan
006036345,0,1,0,0,0,valsartan
006036346,0,1,0,0,0,valsartan
006036347,0,1,0,0,0,valsartan
006036348,0,1,0,0,0,valsartan
006036349,0,1,0,0,0,valsartan
006151397,0,1,0,0,0,benazepril
006151398,0,1,0,0,0,benazepril
006151399,0,1,0,0,0,benazepril
006151556,0,0,1,0,0,glyburide
006153595,0,0,1,0,0,glipizide
006153596,0,0,1,0,0,glipizide
006154509,0,0,1,0,0,glyburide
006154519,0,1,0,0,0,captopril
006154520,0,1,0,0,0,captopril
006154521,0,1,0,0,0,captopril
006154589,0,1,0,0,0,enalapril
006154590,0,1,0,0,0,enalapril
006154591,0,1,0,0,0,enalapril
006154593,0,1,0,0,0,enalapril
006155521,0,1,0,0,0,lisinopril
006155530,0,1,0,0,0,lisinopril
006155531,0,1,0,0,0,lisinopril
006155538,0,1,0,0,0,lisinopril
006155539,0,1,0,0,0,lisinopril
006155540,0,1,0,0,0,lisinopril
006155583,0,0,1,0,0,metformin
006155584,0,0,1,0,0,glipizide
006155585,0,0,1,0,0,glipizide
006155589,1,0,0,0,0,lovastatin
006156551,1,0,0,0,0,lovastatin
006156556,1,0,0,0,0,pravastatin
006156557,1,0,0,0,0,pravastatin
006156575,0,0,1,0,0,glimepiride
006156576,0,0,1,0,0,glimepiride
006156579,1,0,0,0,0,simvastatin
006156580,1,0,0,0,0,simvastatin
006156581,1,0,0,0,0,simvastatin
006156587,1,0,0,0,0,simvastatin
006156588,1,0,0,0,0,simvastatin
006156590,1,0,0,0,0,lovastatin
006156596,0,0,1,0,0,glipizide
006157523,0,0,1,0,0,glimepiride
006157570,1,0,0,0,0,pravastatin
006157577,0,1,0,0,0,lisinopril
006157581,0,1,0,0,0,lisinopril
006157582,0,1,0,0,0,lisinopril
006157585,0,0,1,0,0,nateglinide
006157586,0,0,1,0,0,nateglinide
006157604,0,1,0,0,0,losartan
006157605,0,1,0,0,0,losartan
006157606,0,1,0,0,0,losartan
006157626,0,0,1,0,0,metformin
006157627,0,0,1,0,0,metformin
006157628,0,0,1,0,0,metformin
006157639,0,1,0,0,0,lisinopril
006157640,0,1,0,0,0,lisinopril
006157641,0,1,0,0,0,lisinopril
006157642,0,1,0,0,0,lisinopril
006157643,0,1,0,0,0,lisinopril
006157644,0,1,0,0,0,lisinopril
006157661,0,0,1,0,0,metformin
006157662,0,0,1,0,0,metformin
006157663,0,0,1,0,0,metformin
006157674,1,0,0,0,0,lovastatin
006157679,1,0,0,0,0,lovastatin
006157685,1,0,0,0,0,lovastatin
006157690,1,0,0,0,0,lovastatin
006157704,1,0,0,0,0,simvastatin
006157705,1,0,0,0,0,simvastatin
006157706,1,0,0,0,0,simvastatin
006157707,1,0,0,0,0,simvastatin
006157708,1,0,0,0,0,simvastatin
006157740,1,0,0,0,0,pravastatin
006157769,1,0,0,0,0,atorvastatin
006157770,1,0,0,0,0,atorvastatin
006157771,1,0,0,0,0,atorvastatin
006157772,1,0,0,0,0,atorvastatin
006157774,0,1,0,0,0,lisinopril
006157775,0,1,0,0,0,lisinopril
006157776,0,1,0,0,0,lisinopril
006157777,0,1,0,0,0,lisinopril
006157778,0,1,0,0,0,lisinopril
006157779,0,1,0,0,0,lisinopril
006157847,0,0,1,0,0,metformin
006157868,1,0,0,0,0,pravastatin
006157869,1,0,0,0,0,pravastatin
006157907,0,1,0,0,0,enalapril
006157908,0,1,0,0,0,enalapril
006157909,0,1,0,0,0,enalapril
006157917,0,1,0,0,0,lisinopril
006157918,0,1,0,0,0,lisinopril
006157934,0,1,0,0,0,lisinopril
006157958,0,1,0,0,0,losartan
006157959,0,1,0,0,0,losartan
006157960,0,1,0,0,0,losartan
006157966,0,1,0,0,0,lisinopril
006157968,0,0,1,0,0,glipizide
006157969,0,0,1,0,0,glipizide
006157980,0,1,0,0,0,lisinopril
006157981,0,1,0,0,0,lisinopril
006157982,0,0,1,0,0,metformin
006157992,1,0,0,0,0,simvastatin
006157993,1,0,0,0,0,simvastatin
006158006,1,0,0,0,0,atorvastatin
006158007,1,0,0,0,0,atorvastatin
006158008,1,0,0,0,0,atorvastatin
006158009,1,0,0,0,0,atorvastatin
006158015,0,0,1,0,0,metformin
006158029,1,0,0,0,0,pravastatin
006158030,1,0,0,0,0,pravastatin
006158053,0,1,0,0,0,lisinopril
006158054,0,1,0,0,0,lisinopril
006158056,1,0,0,0,0,simvastatin
006158057,0,1,0,0,0,lisinopril
006158061,0,1,0,0,0,lisinopril
006158062,0,1,0,0,0,lisinopril
006158063,0,1,0,0,0,lisinopril
006158064,0,1,0,0,0,lisinopril
006158065,0,1,0,0,0,lisinopril
006158105,0,0,1,0,0,metformin
006158151,1,0,0,0,0,lovastatin
006158152,1,0,0,0,0,lovastatin
006158158,1,0,0,0,0,pravastatin
006158159,1,0,0,0,0,pravastatin
006158207,0,1,0,0,0,losartan
006158208,0,1,0,0,0,losartan
006158209,0,1,0,0,0,losartan
006158252,0,1,0,0,0,lisinopril
006158253,0,1,0,0,0,lisinopril
006158254,0,1,0,0,0,lisinopril
006158255,0,1,0,0,0,lisinopril
006158256,0,1,0,0,0,lisinopril
006158289,0,0,1,0,0,metformin
006158332,0,0,1,0,0,glimepiride
006158333,0,0,1,0,0,glimepiride
006158334,0,0,1,0,0,glimepiride
006158405,0,1,0,0,0,lisinopril
006158407,0,0,1,0,0,glipizide
006158408,0,0,1,0,0,glipizide
006158410,1,0,0,0,0,pravastatin
006158415,0,0,1,0,0,metformin
007130860,0,1,0,0,0,olmesartan
007130861,0,1,0,0,0,olmesartan
007130862,0,1,0,0,0,olmesartan
007130863,0,1,0,0,0,olmesartan
007130864,0,1,0,0,0,olmesartan
007130865,0,1,0,0,0,olmesartan
007130870,0,1,0,0,0,olmesartan
007130871,0,1,0,0,0,olmesartan
007130872,0,1,0,0,0,olmesartan
007130873,0,1,0,0,0,olmesartan
007130874,0,1,0,0,0,olmesartan
007130875,0,1,0,0,0,olmesartan
007130876,0,1,0,0,0,olmesartan
007130877,0,1,0,0,0,olmesartan
007130878,0,1,0,0,0,olmesartan
007131044,0,1,0,0,0,enalapril
007131052,0,1,0,0,0,enalapril
007811138,0,0,1,0,0,glyburide
007811146,0,0,1,0,0,glyburide
007811176,0,1,0,0,0,lisinopril
007811178,0,1,0,0,0,lisinopril
007811191,0,0,1,0,0,glyburide
007811452,0,0,1,0,0,glipizide
007811453,0,0,1,0,0,glipizide
007811665,0,1,0,0,0,lisinopril
007811666,0,1,0,0,0,lisinopril
007811667,0,1,0,0,0,lisinopril
007811668,0,1,0,0,0,lisinopril
007811673,0,1,0,0,0,lisinopril
007811828,0,1,0,0,0,captopril
007811829,0,1,0,0,0,captopril
007811838,0,1,0,0,0,captopril
007811839,0,1,0,0,0,captopril
007811848,0,1,0,0,0,lisinopril
007811891,0,1,0,0,0,benazepril
007811892,0,1,0,0,0,benazepril
007811893,0,1,0,0,0,benazepril
007811894,0,1,0,0,0,benazepril
007812126,0,1,0,0,0,ramipril
007812127,0,1,0,0,0,ramipril
007812128,0,1,0,0,0,ramipril
007812129,0,1,0,0,0,ramipril
007812271,0,1,0,0,0,benazepril
007812272,0,1,0,0,0,benazepril
007812273,0,1,0,0,0,benazepril
007812274,0,1,0,0,0,benazepril
007812277,0,1,0,0,0,benazepril
007812279,0,1,0,0,0,benazepril
007815045,0,0,1,0,0,glimepiride
007815046,0,0,1,0,0,glimepiride
007815047,0,0,1,0,0,glimepiride
007815050,0,0,1,0,0,metformin
007815051,0,0,1,0,0,metformin
007815052,0,0,1,0,0,metformin
007815070,1,0,0,0,0,simvastatin
007815071,1,0,0,0,0,simvastatin
007815072,1,0,0,0,0,simvastatin
007815073,1,0,0,0,0,simvastatin
007815074,1,0,0,0,0,simvastatin
007815131,0,1,0,0,0,benazepril
007815132,0,1,0,0,0,benazepril
007815133,0,1,0,0,0,benazepril
007815134,0,1,0,0,0,benazepril
007815148,0,0,1,0,0,repaglinide
007815149,0,0,1,0,0,repaglinide
007815150,0,0,1,0,0,repaglinide
007815170,0,0,1,0,0,glyburide / metformin
007815171,0,0,1,0,0,glyburide / metformin
007815172,0,0,1,0,0,glyburide / metformin
007815204,0,1,0,0,0,losartan
007815206,0,1,0,0,0,losartan
007815207,0,1,0,0,0,losartan
007815231,1,0,0,0,0,pravastatin
007815232,1,0,0,0,0,pravastatin
007815234,1,0,0,0,0,pravastatin
007815235,1,0,0,0,0,pravastatin
007815304,0,0,1,0,0,glipizide / metformin
007815305,0,0,1,0,0,glipizide / metformin
007815306,0,0,1,0,0,glipizide / metformin
007815320,0,1,0,0,0,trandolapril
007815321,0,1,0,0,0,trandolapril
007815322,0,1,0,0,0,trandolapril
007815370,1,0,0,0,0,fluvastatin
007815372,0,1,0,0,0,telmisartan
007815374,0,1,0,0,0,telmisartan
007815378,0,1,0,0,0,telmisartan
007815381,1,0,0,0,0,atorvastatin
007815382,1,0,0,0,0,atorvastatin
007815384,1,0,0,0,0,atorvastatin
007815388,1,0,0,0,0,atorvastatin
007815400,1,0,0,0,0,rosuvastatin
007815401,1,0,0,0,0,rosuvastatin
007815402,1,0,0,0,0,rosuvastatin
007815403,1,0,0,0,0,rosuvastatin
007815420,0,0,1,0,0,pioglitazone
007815421,0,0,1,0,0,pioglitazone
007815422,0,0,1,0,0,pioglitazone
007815441,0,1,0,0,0,enalapril
007815442,0,1,0,0,0,enalapril
007815443,0,1,0,0,0,enalapril
007815444,0,1,0,0,0,enalapril
007815503,0,0,1,0,0,metformin
007815607,0,1,0,0,0,valsartan
007815608,0,1,0,0,0,valsartan
007815615,0,1,0,0,0,valsartan
007815618,0,1,0,0,0,valsartan
007815619,0,1,0,0,0,valsartan
007815626,0,0,1,0,0,metformin / pioglitazone
007815627,0,0,1,0,0,metformin / pioglitazone
007815628,0,1,0,0,0,valsartan
007815634,0,0,1,0,0,glimepiride / pioglitazone
007815635,0,0,1,0,0,glimepiride / pioglitazone
007815639,0,1,0,0,0,valsartan
007815643,0,1,0,0,0,valsartan
007815700,0,1,0,0,0,losartan
007815701,0,1,0,0,0,losartan
007815702,0,1,0,0,0,losartan
007815756,0,1,0,0,0,valsartan
007815760,0,1,0,0,0,valsartan
007815771,0,1,0,0,0,valsartan
007815787,0,1,0,0,0,valsartan
007815794,0,1,0,0,0,valsartan
007815805,0,1,0,0,0,losartan
007815806,0,1,0,0,0,losartan
007815807,0,1,0,0,0,losartan
007815816,0,1,0,0,0,losartan
007815817,0,1,0,0,0,losartan
007815818,0,1,0,0,0,losartan
007815936,0,1,0,0,0,candesartan
007815937,0,1,0,0,0,candesartan
007815938,0,1,0,0,0,candesartan
007815939,0,1,0,0,0,candesartan
007815948,0,1,0,0,0,valsartan
007815949,0,1,0,0,0,valsartan
007815950,0,1,0,0,0,valsartan
007815951,0,1,0,0,0,valsartan
007815952,0,1,0,0,0,valsartan
007818017,1,0,0,0,0,fluvastatin
007818052,0,1,0,0,0,captopril
007818061,0,1,0,0,0,captopril
007818075,0,1,0,0,0,captopril
007818080,0,1,0,0,0,captopril
008320483,0,1,0,0,0,benazepril
008320484,0,1,0,0,0,benazepril
008320485,0,1,0,0,0,benazepril
008320491,0,0,1,0,0,glipizide
008320492,0,0,1,0,0,glipizide
009045045,0,1,0,0,0,captopril
009045046,0,1,0,0,0,captopril
009045047,0,1,0,0,0,captopril
009045502,0,1,0,0,0,enalapril
009045609,0,1,0,0,0,enalapril
009045610,0,1,0,0,0,enalapril
009045611,0,1,0,0,0,enalapril
009045794,0,0,1,0,0,metformin
009045795,0,0,1,0,0,metformin
009045800,1,0,0,0,0,simvastatin
009045801,1,0,0,0,0,simvastatin
009045802,1,0,0,0,0,simvastatin
009045808,0,1,0,0,0,lisinopril
009045809,0,1,0,0,0,lisinopril
009045810,0,1,0,0,0,lisinopril
009045811,0,1,0,0,0,lisinopril
009045849,0,0,1,0,0,metformin
009045850,0,0,1,0,0,metformin
009045851,0,0,1,0,0,metformin
009045891,1,0,0,0,0,pravastatin
009045892,1,0,0,0,0,pravastatin
009045893,1,0,0,0,0,pravastatin
009046090,0,0,1,0,0,metformin
009046091,0,0,1,0,0,metformin
009046092,0,0,1,0,0,metformin
009046107,0,0,1,0,0,metformin
009046108,0,0,1,0,0,metformin
009046113,1,0,0,0,0,pravastatin
009046114,1,0,0,0,0,pravastatin
009046115,1,0,0,0,0,pravastatin
009046123,0,0,1,0,0,glipizide
009046124,0,0,1,0,0,glipizide
009046137,0,0,1,0,0,glyburide
009046138,0,0,1,0,0,glyburide
009046139,0,0,1,0,0,glyburide
009046189,0,1,0,0,0,benazepril
009046190,0,1,0,0,0,benazepril
009046191,0,1,0,0,0,benazepril
009046192,0,1,0,0,0,benazepril
009046290,1,0,0,0,0,atorvastatin
009046291,1,0,0,0,0,atorvastatin
009046292,1,0,0,0,0,atorvastatin
009046293,1,0,0,0,0,atorvastatin
009046326,0,0,1,0,0,metformin
009046327,0,0,1,0,0,metformin
009046328,0,0,1,0,0,metformin
009046343,0,0,1,0,0,metformin
009046344,0,0,1,0,0,metformin
009046345,0,0,1,0,0,metformin
009046389,0,1,0,0,0,losartan
009046390,0,1,0,0,0,losartan
009046391,0,1,0,0,0,losartan
009046484,0,1,0,0,0,lisinopril
009046485,0,1,0,0,0,lisinopril
009046486,0,1,0,0,0,lisinopril
009046487,0,1,0,0,0,lisinopril
009046594,0,1,0,0,0,valsartan
009046595,0,1,0,0,0,valsartan
009046602,1,0,0,0,0,rosuvastatin
009046603,1,0,0,0,0,rosuvastatin
009046604,1,0,0,0,0,rosuvastatin
009046605,1,0,0,0,0,rosuvastatin
009046637,0,0,1,0,0,glipizide
009046689,0,0,1,0,0,metformin
009046690,0,0,1,0,0,metformin
009046691,0,0,1,0,0,metformin
009046778,1,0,0,0,0,rosuvastatin
009046779,1,0,0,0,0,rosuvastatin
009046780,1,0,0,0,0,rosuvastatin
009046781,1,0,0,0,0,rosuvastatin
009046797,0,1,0,0,0,lisinopril
009046798,0,1,0,0,0,lisinopril
009046799,0,1,0,0,0,lisinopril
009046800,0,1,0,0,0,lisinopril
009047034,0,1,0,0,0,candesartan
009047047,0,1,0,0,0,losartan
009047048,0,1,0,0,0,losartan
009047049,0,1,0,0,0,losartan
009047090,0,0,1,0,0,pioglitazone
009047096,0,0,1,0,0,pioglitazone
009047105,0,1,0,0,0,captopril
009047106,0,1,0,0,0,captopril
009047162,0,0,1,0,0,metformin
009047163,0,0,1,0,0,metformin
009047164,0,0,1,0,0,metformin
009047200,0,1,0,0,0,lisinopril
009551040,0,1,0,0,0,irbesartan
009551041,0,1,0,0,0,irbesartan
009551042,0,1,0,0,0,irbesartan
009551045,0,1,0,0,0,irbesartan
009551046,0,1,0,0,0,irbesartan
009551728,0,0,0,1,0,insulin glargine
009551729,0,0,0,1,0,insulin glargine
009552900,0,0,0,1,0,insulin glargine
009553900,0,0,0,1,0,insulin glargine
101350498,1,0,0,0,0,pravastatin
101350499,1,0,0,0,0,pravastatin
101350500,1,0,0,0,0,pravastatin
101350508,1,0,0,0,0,simvastatin
101350509,1,0,0,0,0,simvastatin
101350510,1,0,0,0,0,simvastatin
101350511,1,0,0,0,0,simvastatin
101350512,1,0,0,0,0,simvastatin
101350599,0,1,0,0,0,perindopril
101350600,0,1,0,0,0,perindopril
101350617,0,0,1,0,0,metformin
101350618,0,0,1,0,0,metformin
101350619,0,0,1,0,0,metformin
101350649,1,0,0,0,0,atorvastatin
101350650,1,0,0,0,0,atorvastatin
101350651,1,0,0,0,0,atorvastatin
101350653,1,0,0,0,0,atorvastatin
101350768,0,1,0,0,0,valsartan
101350769,0,1,0,0,0,valsartan
101350770,0,1,0,0,0,valsartan
101350771,0,1,0,0,0,valsartan
103700190,0,0,1,0,0,glipizide
103700191,0,0,1,0,0,glipizide
103700745,0,0,1,0,0,glipizide
103700746,0,0,1,0,0,glipizide
105440058,0,0,1,0,0,metformin
105440067,0,0,1,0,0,metformin
105440068,0,0,1,0,0,metformin
105440133,0,0,1,0,0,metformin
105440170,0,1,0,0,0,enalapril
105440175,0,1,0,0,0,captopril
105440192,0,0,1,0,0,glipizide
105440193,0,0,1,0,0,glipizide
105440195,0,1,0,0,0,enalapril
105440217,0,0,1,0,0,glimepiride
105440219,0,0,1,0,0,glimepiride
105440220,0,0,1,0,0,glipizide
105440221,0,0,1,0,0,glipizide
105440232,0,0,1,0,0,glyburide
105440235,1,0,0,0,0,lovastatin
105440236,0,1,0,0,0,lisinopril
105440237,0,1,0,0,0,lisinopril
105440238,0,1,0,0,0,lisinopril
105440239,0,1,0,0,0,lisinopril
105440240,0,1,0,0,0,lisinopril
105440241,1,0,0,0,0,lovastatin
105440242,1,0,0,0,0,lovastatin
105440246,1,0,0,0,0,lovastatin
105440248,0,0,1,0,0,metformin
105440253,0,0,1,0,0,metformin
105440254,0,0,1,0,0,metformin
105440255,0,0,1,0,0,metformin
105440293,0,1,0,0,0,enalapril
105440300,0,0,1,0,0,glyburide
105440440,1,0,0,0,0,pravastatin
105440486,1,0,0,0,0,simvastatin
105440487,1,0,0,0,0,simvastatin
105440505,1,0,0,0,0,pravastatin
105440507,1,0,0,0,0,pravastatin
105440521,0,0,1,0,0,metformin
105440535,0,0,1,0,0,metformin
105440554,0,1,0,0,0,benazepril
105440561,0,1,0,0,0,benazepril
105440564,0,1,0,0,0,lisinopril
105440566,0,1,0,0,0,benazepril
105440579,0,0,1,0,0,glyburide / metformin
105440580,0,0,1,0,0,glyburide / metformin
105440585,0,1,0,0,0,lisinopril
105440588,0,1,0,0,0,ramipril
105440589,0,0,1,0,0,metformin
105440623,0,1,0,0,0,lisinopril
105440630,0,0,1,0,0,metformin
105440632,0,1,0,0,0,enalapril
105440633,0,1,0,0,0,enalapril
105440874,1,0,0,0,0,atorvastatin
105440901,0,0,1,0,0,metformin
105440903,0,1,0,0,0,lisinopril
105440904,0,1,0,0,0,lisinopril
105440905,0,1,0,0,0,lisinopril
105440907,1,0,0,0,0,simvastatin
105440908,1,0,0,0,0,simvastatin
105440944,0,0,1,0,0,metformin
105440947,0,0,1,0,0,metformin
105440957,0,0,1,0,0,metformin
106310206,0,0,1,0,0,metformin
106310238,0,0,1,0,0,metformin
117880037,0,0,1,0,0,metformin
117880038,0,0,1,0,0,metformin
126340729,0,0,1,0,0,glipizide
126340756,0,0,1,0,0,metformin
126340757,0,0,1,0,0,metformin
126340789,0,0,1,0,0,metformin
126340790,0,0,1,0,0,glipizide
128540432,0,0,0,1,0,insulin glargine
128540433,0,0,0,1,0,insulin glargine
131070050,1,0,0,0,0,simvastatin
131070051,1,0,0,0,0,simvastatin
131070052,1,0,0,0,0,simvastatin
131070053,1,0,0,0,0,simvastatin
131070054,1,0,0,0,0,simvastatin
131070195,0,1,0,0,0,losartan
131070196,0,1,0,0,0,losartan
131070197,0,1,0,0,0,losartan
134110101,0,0,1,0,0,pioglitazone
134110102,0,0,1,0,0,pioglitazone
134110103,0,0,1,0,0,pioglitazone
134110106,0,1,0,0,0,irbesartan
134110107,0,1,0,0,0,irbesartan
134110113,1,0,0,0,0,atorvastatin
134110114,1,0,0,0,0,atorvastatin
134110115,1,0,0,0,0,atorvastatin
134110118,1,0,0,0,0,pravastatin
134110119,1,0,0,0,0,pravastatin
134110132,1,0,0,0,0,simvastatin
134110133,1,0,0,0,0,simvastatin
134110142,0,1,0,0,0,valsartan
134110143,0,1,0,0,0,valsartan
134110144,0,1,0,0,0,valsartan
134110145,0,1,0,0,0,valsartan
134110156,0,1,0,0,0,valsartan
134110161,1,0,0,0,0,simvastatin
134110162,1,0,0,0,0,simvastatin
134110163,0,0,1,0,0,metformin
134110164,0,0,1,0,0,metformin
134110184,0,1,0,0,0,captopril
136680001,0,0,1,0,0,metformin
136680002,0,0,1,0,0,metformin
136680003,0,0,1,0,0,metformin
136680012,0,0,1,0,0,metformin
136680013,0,0,1,0,0,metformin
136680067,0,1,0,0,0,valsartan
136680068,0,1,0,0,0,valsartan
136680069,0,1,0,0,0,valsartan
136680070,0,1,0,0,0,valsartan
136680113,0,1,0,0,0,losartan
136680114,0,1,0,0,0,losartan
136680115,0,1,0,0,0,losartan
136680116,0,1,0,0,0,losartan
136680117,0,1,0,0,0,losartan
136680118,0,1,0,0,0,losartan
136680119,0,0,1,0,0,pioglitazone
136680120,0,0,1,0,0,pioglitazone
136680140,0,0,1,0,0,pioglitazone
136680156,0,1,0,0,0,telmisartan
136680157,0,1,0,0,0,telmisartan
136680158,0,1,0,0,0,telmisartan
136680159,0,1,0,0,0,telmisartan
136680160,0,1,0,0,0,telmisartan
136680161,0,1,0,0,0,telmisartan
136680179,1,0,0,0,0,rosuvastatin
136680180,1,0,0,0,0,rosuvastatin
136680181,1,0,0,0,0,rosuvastatin
136680182,1,0,0,0,0,rosuvastatin
136680204,0,1,0,0,0,valsartan
136680205,0,1,0,0,0,valsartan
136680206,0,1,0,0,0,valsartan
136680207,0,1,0,0,0,valsartan
136680248,0,1,0,0,0,olmesartan
136680249,0,1,0,0,0,olmesartan
136680250,0,1,0,0,0,olmesartan
136680251,0,1,0,0,0,olmesartan
136680252,0,1,0,0,0,olmesartan
136680253,0,1,0,0,0,olmesartan
136680280,0,0,1,0,0,metformin / pioglitazone
136680281,0,0,1,0,0,metformin / pioglitazone
136680311,0,1,0,0,0,olmesartan
136680312,0,1,0,0,0,olmesartan
136680313,0,1,0,0,0,olmesartan
136680324,0,1,0,0,0,olmesartan
136680325,0,1,0,0,0,valsartan
136680326,0,1,0,0,0,valsartan
136680327,0,1,0,0,0,valsartan
136680328,0,1,0,0,0,valsartan
136680329,0,1,0,0,0,valsartan
136680343,0,1,0,0,0,telmisartan
136680344,0,1,0,0,0,telmisartan
136680345,0,1,0,0,0,telmisartan
136680346,0,1,0,0,0,telmisartan
136680382,0,1,0,0,0,olmesartan
136680383,0,1,0,0,0,olmesartan
136680385,0,1,0,0,0,olmesartan
136680386,0,1,0,0,0,olmesartan
136680397,0,1,0,0,0,olmesartan
136680409,0,1,0,0,0,losartan
137440805,0,1,0,0,0,benazepril
137440807,0,1,0,0,0,benazepril
137440809,0,1,0,0,0,benazepril
138110627,0,1,0,0,0,benazepril
138110628,0,1,0,0,0,benazepril
138110629,0,1,0,0,0,benazepril
138110630,0,1,0,0,0,benazepril
138110685,0,1,0,0,0,valsartan
138110686,0,1,0,0,0,valsartan
138110687,0,1,0,0,0,valsartan
138110688,0,1,0,0,0,valsartan
139130002,0,0,1,0,0,metformin
139130003,0,0,1,0,0,metformin
145500517,0,0,1,0,0,glyburide / metformin
145500518,0,0,1,0,0,glyburide / metformin
145500519,0,0,1,0,0,glyburide / metformin
153300157,0,1,0,0,0,benazepril
153300158,0,1,0,0,0,benazepril
153300159,0,1,0,0,0,benazepril
153300160,0,1,0,0,0,benazepril
153380200,0,1,0,0,0,enalapril
153380211,0,1,0,0,0,enalapril
153380220,0,1,0,0,0,enalapril
153380233,0,1,0,0,0,enalapril
153380400,0,0,1,0,0,metformin
162520505,1,0,0,0,0,simvastatin
162520506,1,0,0,0,0,simvastatin
162520507,1,0,0,0,0,simvastatin
162520508,1,0,0,0,0,simvastatin
162520509,1,0,0,0,0,simvastatin
162520526,1,0,0,0,0,pravastatin
162520527,1,0,0,0,0,pravastatin
162520528,1,0,0,0,0,pravastatin
162520529,1,0,0,0,0,pravastatin
162520541,0,1,0,0,0,trandolapril
162520542,0,1,0,0,0,trandolapril
162520543,0,1,0,0,0,trandolapril
162520570,0,1,0,0,0,ramipril
162520571,0,1,0,0,0,ramipril
162520572,0,1,0,0,0,ramipril
162520573,0,1,0,0,0,ramipril
162520610,0,1,0,0,0,moexipril
162520611,0,1,0,0,0,moexipril
162520612,0,1,0,0,0,moexipril
162520613,0,1,0,0,0,moexipril
162520614,0,1,0,0,0,moexipril
162520615,1,0,0,0,0,rosuvastatin
162520616,1,0,0,0,0,rosuvastatin
162520617,1,0,0,0,0,rosuvastatin
162520618,1,0,0,0,0,rosuvastatin
165710500,0,1,0,0,0,losartan
165710501,0,1,0,0,0,losartan
165710502,0,1,0,0,0,losartan
165710758,0,0,1,0,0,nateglinide
165710759,0,0,1,0,0,nateglinide
165710770,0,1,0,0,0,fosinopril
165710771,0,1,0,0,0,fosinopril
165710772,0,1,0,0,0,fosinopril
165710773,0,0,1,0,0,glimepiride
165710774,0,0,1,0,0,glimepiride
165710775,0,0,1,0,0,glimepiride
165710791,0,1,0,0,0,lisinopril
165710792,0,1,0,0,0,lisinopril
165710793,0,1,0,0,0,lisinopril
165710794,0,1,0,0,0,lisinopril
165710795,0,1,0,0,0,lisinopril
165710796,0,1,0,0,0,lisinopril
165710797,0,1,0,0,0,lisinopril
165710798,0,1,0,0,0,lisinopril
165710799,0,1,0,0,0,lisinopril
165710827,0,1,0,0,0,captopril
165710828,0,1,0,0,0,captopril
165710829,0,1,0,0,0,captopril
165710830,0,1,0,0,0,captopril
165900063,0,1,0,0,0,losartan
165900259,0,1,0,0,0,benazepril
165900277,0,1,0,0,0,enalapril
165900280,0,1,0,0,0,benazepril
165900286,0,0,1,0,0,glipizide
165900287,0,0,1,0,0,glipizide
165900306,0,1,0,0,0,lisinopril
165900307,0,1,0,0,0,lisinopril
165900308,0,1,0,0,0,lisinopril
165900309,0,1,0,0,0,lisinopril
165900311,1,0,0,0,0,lovastatin
165900312,0,1,0,0,0,valsartan
165900313,0,0,1,0,0,metformin
165900332,0,1,0,0,0,valsartan
165900356,0,1,0,0,0,lisinopril
165900392,0,1,0,0,0,enalapril
165900397,0,0,1,0,0,metformin
165900411,1,0,0,0,0,rosuvastatin
165900431,1,0,0,0,0,simvastatin
165900446,1,0,0,0,0,simvastatin
165900546,1,0,0,0,0,pravastatin
165900547,1,0,0,0,0,lovastatin
165900726,1,0,0,0,0,simvastatin
165900940,0,0,1,0,0,glyburide
165900941,1,0,0,0,0,lovastatin
165900952,0,1,0,0,0,losartan
165900954,0,1,0,0,0,losartan
167140173,1,0,0,0,0,atorvastatin
167140174,1,0,0,0,0,atorvastatin
167140175,1,0,0,0,0,atorvastatin
167140176,1,0,0,0,0,atorvastatin
167140224,0,1,0,0,0,losartan
167140225,0,1,0,0,0,losartan
167140226,0,1,0,0,0,losartan
167140442,0,1,0,0,0,enalapril
167140443,0,1,0,0,0,enalapril
167140444,0,1,0,0,0,enalapril
167140445,0,1,0,0,0,enalapril
167140558,1,0,0,0,0,pravastatin
167140559,1,0,0,0,0,pravastatin
167140560,1,0,0,0,0,pravastatin
167140570,1,0,0,0,0,pravastatin
167140581,0,1,0,0,0,losartan
167140582,0,1,0,0,0,losartan
167140583,0,1,0,0,0,losartan
167140645,0,0,1,0,0,pioglitazone
167140646,0,0,1,0,0,pioglitazone
167140647,0,0,1,0,0,pioglitazone
167140681,1,0,0,0,0,simvastatin
167140682,1,0,0,0,0,simvastatin
167140683,1,0,0,0,0,simvastatin
167140684,1,0,0,0,0,simvastatin
167140685,1,0,0,0,0,simvastatin
167140778,1,0,0,0,0,simvastatin
167140779,1,0,0,0,0,simvastatin
167140780,1,0,0,0,0,simvastatin
167140781,1,0,0,0,0,simvastatin
167140871,0,0,1,0,0,glipizide
167140872,0,0,1,0,0,glipizide
167140873,0,0,1,0,0,glipizide
167140874,1,0,0,0,0,atorvastatin
167140875,1,0,0,0,0,atorvastatin
167140876,1,0,0,0,0,atorvastatin
167140877,1,0,0,0,0,atorvastatin
167140894,0,0,1,0,0,glipizide
167140895,0,0,1,0,0,glipizide
167140896,0,0,1,0,0,glipizide
167140938,0,0,1,0,0,metformin
167140939,0,0,1,0,0,metformin
167140988,1,0,0,0,0,rosuvastatin
167140989,1,0,0,0,0,rosuvastatin
167140990,1,0,0,0,0,rosuvastatin
167140991,1,0,0,0,0,rosuvastatin
167290001,0,0,1,0,0,glimepiride
167290002,0,0,1,0,0,glimepiride
167290003,0,0,1,0,0,glimepiride
167290004,1,0,0,0,0,simvastatin
167290005,1,0,0,0,0,simvastatin
167290006,1,0,0,0,0,simvastatin
167290007,1,0,0,0,0,simvastatin
167290008,1,0,0,0,0,pravastatin
167290009,1,0,0,0,0,pravastatin
167290010,1,0,0,0,0,pravastatin
167290011,1,0,0,0,0,pravastatin
167290020,0,0,1,0,0,pioglitazone
167290021,0,0,1,0,0,pioglitazone
167290022,0,0,1,0,0,pioglitazone
167290044,1,0,0,0,0,atorvastatin
167290045,1,0,0,0,0,atorvastatin
167290046,1,0,0,0,0,atorvastatin
167290047,1,0,0,0,0,atorvastatin
167290139,0,0,1,0,0,glipizide
167290140,0,0,1,0,0,glipizide
167290152,0,1,0,0,0,ramipril
167290153,0,1,0,0,0,ramipril
167290154,0,1,0,0,0,ramipril
167290155,0,1,0,0,0,ramipril
167290156,1,0,0,0,0,simvastatin
167290194,0,1,0,0,0,lisinopril
167290195,0,1,0,0,0,lisinopril
167290196,0,1,0,0,0,lisinopril
167290197,0,1,0,0,0,lisinopril
167290198,0,1,0,0,0,lisinopril
167290199,0,1,0,0,0,lisinopril
167290284,1,0,0,0,0,rosuvastatin
167290285,1,0,0,0,0,rosuvastatin
167290286,1,0,0,0,0,rosuvastatin
167290287,1,0,0,0,0,rosuvastatin
167290320,0,1,0,0,0,olmesartan
167290321,0,1,0,0,0,olmesartan
167290322,0,1,0,0,0,olmesartan
167290366,0,1,0,0,0,olmesartan
167290367,0,1,0,0,0,olmesartan
167290368,0,1,0,0,0,olmesartan
167290375,0,1,0,0,0,lisinopril
167290376,0,1,0,0,0,lisinopril
167290377,0,1,0,0,0,lisinopril
167290378,0,1,0,0,0,lisinopril
167290379,0,1,0,0,0,lisinopril
167290380,0,1,0,0,0,lisinopril
167290392,0,1,0,0,0,olmesartan
167290393,0,1,0,0,0,olmesartan
167290394,0,1,0,0,0,olmesartan
167290395,0,1,0,0,0,olmesartan
172240311,0,0,1,0,0,metformin
178560108,0,1,0,0,0,ramipril
200910531,0,0,1,0,0,metformin
200910533,0,0,1,0,0,metformin
200910535,0,0,1,0,0,metformin
216950147,0,0,1,0,0,pioglitazone
216950148,0,0,1,0,0,pioglitazone
216950178,1,0,0,0,0,pravastatin
216950179,1,0,0,0,0,pravastatin
216950180,1,0,0,0,0,pravastatin
216950255,1,0,0,0,0,atorvastatin
216950287,1,0,0,0,0,rosuvastatin
216950288,1,0,0,0,0,rosuvastatin
216950325,1,0,0,0,0,simvastatin
216950326,0,1,0,0,0,benazepril
216950327,0,1,0,0,0,benazepril
216950328,0,1,0,0,0,lisinopril
216950329,0,1,0,0,0,lisinopril
216950330,0,1,0,0,0,lisinopril
216950331,0,1,0,0,0,lisinopril
216950339,1,0,0,0,0,simvastatin
216950345,0,1,0,0,0,lisinopril
216950393,0,1,0,0,0,quinapril
216950394,0,1,0,0,0,quinapril
216950467,0,0,1,0,0,glyburide
216950468,0,0,1,0,0,glyburide
216950469,0,0,1,0,0,glipizide
216950470,0,0,1,0,0,glipizide
216950471,0,0,1,0,0,metformin
216950472,0,0,1,0,0,metformin
216950473,0,0,1,0,0,metformin
216950477,0,1,0,0,0,captopril
216950478,0,1,0,0,0,captopril
216950487,0,1,0,0,0,enalapril
216950488,0,1,0,0,0,enalapril
216950489,0,1,0,0,0,enalapril
216950534,1,0,0,0,0,lovastatin
216950535,1,0,0,0,0,lovastatin
216950536,1,0,0,0,0,lovastatin
216950568,0,0,1,0,0,glyburide / metformin
216950612,0,1,0,0,0,benazepril
216950659,1,0,0,0,0,rosuvastatin
216950687,0,1,0,0,0,losartan
216950714,0,1,0,0,0,losartan
216950717,0,1,0,0,0,losartan
216950733,0,1,0,0,0,lisinopril
216950734,0,1,0,0,0,lisinopril
216950735,0,1,0,0,0,lisinopril
216950738,1,0,0,0,0,simvastatin
216950739,1,0,0,0,0,simvastatin
216950740,1,0,0,0,0,simvastatin
216950741,1,0,0,0,0,simvastatin
216950742,1,0,0,0,0,simvastatin
216950746,0,0,1,0,0,glimepiride
216950747,0,0,1,0,0,glimepiride
216950759,1,0,0,0,0,rosuvastatin
216950780,0,1,0,0,0,enalapril
216950788,0,1,0,0,0,losartan
216950821,0,1,0,0,0,ramipril
216950822,0,1,0,0,0,ramipril
216950823,0,1,0,0,0,ramipril
216950827,1,0,0,0,0,simvastatin
216950828,0,0,1,0,0,metformin
216950831,0,1,0,0,0,losartan
216950866,0,1,0,0,0,benazepril
216950877,0,1,0,0,0,benazepril
216950894,0,0,1,0,0,glipizide / metformin
216950916,0,1,0,0,0,benazepril
216950917,0,1,0,0,0,valsartan
216950918,0,1,0,0,0,valsartan
216950919,0,1,0,0,0,valsartan
216950966,0,1,0,0,0,losartan
216950967,0,0,1,0,0,glipizide
216950989,0,1,0,0,0,losartan
216950993,0,0,1,0,0,glimepiride
231550035,0,1,0,0,0,moexipril
231550036,0,1,0,0,0,moexipril
231550037,0,1,0,0,0,moexipril
231550056,0,0,1,0,0,glyburide
231550057,0,0,1,0,0,glyburide
231550058,0,0,1,0,0,glyburide
231550060,0,1,0,0,0,fosinopril
231550061,0,1,0,0,0,fosinopril
231550102,0,0,1,0,0,metformin
231550103,0,0,1,0,0,metformin
231550104,0,0,1,0,0,metformin
231550115,0,0,1,0,0,glipizide / metformin
231550116,0,0,1,0,0,glipizide / metformin
231550117,0,0,1,0,0,glipizide / metformin
231550233,0,0,1,0,0,glyburide / metformin
231550234,0,0,1,0,0,glyburide / metformin
231550235,0,0,1,0,0,glyburide / metformin
231550644,0,1,0,0,0,losartan
231550645,0,1,0,0,0,losartan
231550646,0,1,0,0,0,losartan
231550704,0,1,0,0,0,enalapril
231550705,0,1,0,0,0,enalapril
231550706,0,1,0,0,0,enalapril
231550707,0,1,0,0,0,enalapril
231550710,0,1,0,0,0,lisinopril
231550711,0,1,0,0,0,lisinopril
231550712,0,1,0,0,0,lisinopril
231550713,0,1,0,0,0,lisinopril
231550714,0,1,0,0,0,lisinopril
231550715,0,1,0,0,0,lisinopril
231550749,0,1,0,0,0,benazepril
231550750,0,1,0,0,0,benazepril
231550751,0,1,0,0,0,benazepril
231550752,0,1,0,0,0,benazepril
231550772,0,1,0,0,0,enalapril
231550773,0,1,0,0,0,enalapril
231550841,0,0,1,0,0,metformin
231550842,0,0,1,0,0,metformin
231550843,0,0,1,0,0,metformin
231550844,0,1,0,0,0,valsartan
231550845,0,1,0,0,0,valsartan
231550846,0,1,0,0,0,valsartan
231550847,0,1,0,0,0,valsartan
234900900,0,0,1,0,0,metformin
234905118,0,1,0,0,0,benazepril
234905119,0,1,0,0,0,benazepril
234905120,0,1,0,0,0,benazepril
234905121,0,1,0,0,0,benazepril
234905191,0,1,0,0,0,captopril
234905192,0,1,0,0,0,captopril
234905193,0,1,0,0,0,captopril
234905194,0,1,0,0,0,captopril
234905491,0,1,0,0,0,enalapril
234905492,0,1,0,0,0,enalapril
234905494,0,1,0,0,0,enalapril
234905632,0,0,1,0,0,glipizide
234905633,0,0,1,0,0,glipizide
234905634,0,0,1,0,0,glipizide
234905635,0,0,1,0,0,glipizide
234905638,0,0,1,0,0,glyburide
234905639,0,0,1,0,0,glyburide
234905815,0,1,0,0,0,lisinopril
234905816,0,1,0,0,0,lisinopril
234905817,0,1,0,0,0,lisinopril
234905818,0,1,0,0,0,lisinopril
234905819,0,1,0,0,0,lisinopril
234905820,0,1,0,0,0,lisinopril
234905821,0,1,0,0,0,lisinopril
234905822,0,1,0,0,0,lisinopril
234905838,1,0,0,0,0,lovastatin
234905839,1,0,0,0,0,lovastatin
234905840,1,0,0,0,0,lovastatin
234906687,0,0,0,1,0,"insulin, regular, human"
234906838,0,0,1,0,0,metformin
234906839,0,0,1,0,0,metformin
234907260,0,0,1,0,0,metformin
234907449,0,0,1,0,0,glyburide / metformin
234907458,0,0,1,0,0,metformin
234909350,1,0,0,0,0,pravastatin
234909351,1,0,0,0,0,pravastatin
234909352,1,0,0,0,0,pravastatin
234909353,1,0,0,0,0,simvastatin
234909354,1,0,0,0,0,simvastatin
234909355,1,0,0,0,0,simvastatin
234909356,1,0,0,0,0,simvastatin
234909357,1,0,0,0,0,simvastatin
234909364,0,1,0,0,0,quinapril
234909409,0,1,0,0,0,olmesartan
234909410,0,1,0,0,0,olmesartan
234909411,0,1,0,0,0,valsartan
234909412,0,1,0,0,0,valsartan
242360051,0,1,0,0,0,enalapril
242360052,0,1,0,0,0,enalapril
242360156,1,0,0,0,0,lovastatin
242360266,0,0,1,0,0,glipizide
242360317,0,1,0,0,0,enalapril
242360376,0,1,0,0,0,lisinopril
242360412,0,1,0,0,0,lisinopril
242360608,0,1,0,0,0,enalapril
242360615,0,1,0,0,0,lisinopril
242360720,0,1,0,0,0,lisinopril
242360908,0,0,1,0,0,metformin
242360988,0,0,1,0,0,metformin
242360994,0,0,1,0,0,metformin
246580100,0,1,0,0,0,fosinopril
246580101,0,1,0,0,0,fosinopril
246580102,0,1,0,0,0,fosinopril
246580200,0,1,0,0,0,ramipril
246580201,0,1,0,0,0,ramipril
246580202,0,1,0,0,0,ramipril
246580203,0,1,0,0,0,ramipril
246580210,1,0,0,0,0,simvastatin
246580211,1,0,0,0,0,simvastatin
246580212,1,0,0,0,0,simvastatin
246580213,1,0,0,0,0,simvastatin
246580214,1,0,0,0,0,simvastatin
246580240,0,1,0,0,0,lisinopril
246580241,0,1,0,0,0,lisinopril
246580242,0,1,0,0,0,lisinopril
246580243,0,1,0,0,0,lisinopril
246580244,0,1,0,0,0,lisinopril
246580245,0,1,0,0,0,lisinopril
246580261,1,0,0,0,0,rosuvastatin
246580262,1,0,0,0,0,rosuvastatin
246580263,1,0,0,0,0,rosuvastatin
246580264,1,0,0,0,0,rosuvastatin
246580290,0,0,1,0,0,metformin
246580291,0,0,1,0,0,metformin
246580292,0,0,1,0,0,metformin
246580300,1,0,0,0,0,simvastatin
246580301,1,0,0,0,0,simvastatin
246580302,1,0,0,0,0,simvastatin
246580303,1,0,0,0,0,simvastatin
246580304,1,0,0,0,0,simvastatin
246580500,1,0,0,0,0,simvastatin
246580501,1,0,0,0,0,simvastatin
246580502,1,0,0,0,0,simvastatin
246580503,1,0,0,0,0,simvastatin
246580504,1,0,0,0,0,simvastatin
246580790,0,0,1,0,0,metformin
246580791,0,0,1,0,0,metformin
246580792,0,0,1,0,0,metformin
247240014,0,0,1,0,0,metformin
247240015,0,0,1,0,0,metformin
247240016,0,0,1,0,0,metformin
249790146,0,0,1,0,0,metformin
249790153,0,0,1,0,0,metformin
250000101,0,0,1,0,0,metformin
250000102,0,0,1,0,0,metformin
250000131,0,0,1,0,0,metformin
250000132,0,0,1,0,0,metformin
250000134,0,0,1,0,0,metformin
252080201,1,0,0,0,0,pitavastatin
252080202,1,0,0,0,0,pitavastatin
272410033,0,1,0,0,0,irbesartan
272410035,0,1,0,0,0,irbesartan
272410036,0,1,0,0,0,irbesartan
272410083,0,1,0,0,0,olmesartan
272410084,0,1,0,0,0,olmesartan
272410085,0,1,0,0,0,olmesartan
272410086,0,1,0,0,0,olmesartan
272410160,0,1,0,0,0,captopril
272410161,0,1,0,0,0,captopril
272410162,0,1,0,0,0,captopril
272410163,0,1,0,0,0,captopril
272410188,0,0,1,0,0,metformin
272410189,0,0,1,0,0,metformin
272410240,0,0,1,0,0,metformin
272410241,0,0,1,0,0,metformin
278080155,1,0,0,0,0,rosuvastatin
278080156,1,0,0,0,0,rosuvastatin
278080157,1,0,0,0,0,rosuvastatin
278080158,1,0,0,0,0,rosuvastatin
290330018,0,0,1,0,0,metformin
290330021,0,0,1,0,0,metformin
290330031,0,0,1,0,0,metformin
290330032,0,0,1,0,0,metformin
290330055,0,0,1,0,0,metformin
290330056,0,0,1,0,0,metformin
292730401,1,0,0,0,0,simvastatin
292730402,1,0,0,0,0,simvastatin
293000144,0,1,0,0,0,losartan
293000145,0,1,0,0,0,losartan
293000146,0,1,0,0,0,losartan
293000190,0,1,0,0,0,losartan
293000191,0,1,0,0,0,losartan
293000192,0,1,0,0,0,losartan
293000212,0,1,0,0,0,irbesartan
293000213,0,1,0,0,0,irbesartan
293000214,0,1,0,0,0,irbesartan
293000215,0,1,0,0,0,irbesartan
293000216,0,1,0,0,0,irbesartan
293000232,0,1,0,0,0,valsartan
293000233,0,1,0,0,0,valsartan
293000234,0,1,0,0,0,valsartan
293000235,0,1,0,0,0,valsartan
293000389,0,0,1,0,0,metformin
293000399,0,0,1,0,0,metformin
306980448,0,1,0,0,0,benazepril
306980449,0,1,0,0,0,benazepril
306980450,0,1,0,0,0,benazepril
306980452,0,1,0,0,0,benazepril
306980453,0,1,0,0,0,benazepril
306980454,0,1,0,0,0,benazepril
317220020,0,1,0,0,0,enalapril
317220141,0,1,0,0,0,captopril
317220142,0,1,0,0,0,captopril
317220143,0,1,0,0,0,captopril
317220144,0,1,0,0,0,captopril
317220151,0,1,0,0,0,valsartan
317220152,0,1,0,0,0,valsartan
317220153,0,1,0,0,0,valsartan
317220154,0,1,0,0,0,valsartan
317220160,0,1,0,0,0,irbesartan
317220161,0,1,0,0,0,irbesartan
317220162,0,1,0,0,0,irbesartan
317220172,0,1,0,0,0,lisinopril
317220176,0,1,0,0,0,lisinopril
317220177,0,1,0,0,0,lisinopril
317220178,0,1,0,0,0,lisinopril
317220179,0,1,0,0,0,lisinopril
317220180,0,1,0,0,0,lisinopril
317220200,0,1,0,0,0,fosinopril
317220201,0,1,0,0,0,fosinopril
317220202,0,1,0,0,0,fosinopril
317220267,0,1,0,0,0,quinapril
317220268,0,1,0,0,0,quinapril
317220269,0,1,0,0,0,quinapril
317220270,0,1,0,0,0,quinapril
317220271,0,1,0,0,0,ramipril
317220272,0,1,0,0,0,ramipril
317220273,0,1,0,0,0,ramipril
317220274,0,1,0,0,0,ramipril
317220374,0,1,0,0,0,quinapril
317220375,0,1,0,0,0,quinapril
317220376,0,1,0,0,0,quinapril
317220417,0,1,0,0,0,lisinopril
317220418,0,1,0,0,0,lisinopril
317220419,0,1,0,0,0,lisinopril
317220420,0,1,0,0,0,lisinopril
317220421,0,1,0,0,0,lisinopril
317220422,0,1,0,0,0,lisinopril
317220510,1,0,0,0,0,simvastatin
317220511,1,0,0,0,0,simvastatin
317220512,1,0,0,0,0,simvastatin
317220513,1,0,0,0,0,simvastatin
317220514,1,0,0,0,0,simvastatin
317220700,0,1,0,0,0,losartan
317220701,0,1,0,0,0,losartan
317220702,0,1,0,0,0,losartan
317220729,0,1,0,0,0,irbesartan
317220730,0,1,0,0,0,irbesartan
317220731,0,1,0,0,0,irbesartan
317220745,0,1,0,0,0,valsartan
317220746,0,1,0,0,0,valsartan
317220747,0,1,0,0,0,valsartan
317220748,0,1,0,0,0,valsartan
317220802,0,1,0,0,0,telmisartan
317220803,0,1,0,0,0,telmisartan
317220804,0,1,0,0,0,telmisartan
317220882,1,0,0,0,0,rosuvastatin
317220883,1,0,0,0,0,rosuvastatin
317220884,1,0,0,0,0,rosuvastatin
317220885,1,0,0,0,0,rosuvastatin
332610109,0,1,0,0,0,lisinopril
332610110,0,1,0,0,0,lisinopril
332610145,0,0,1,0,0,metformin
332610157,0,0,1,0,0,metformin
332610179,0,1,0,0,0,benazepril
332610180,0,1,0,0,0,benazepril
332610182,0,1,0,0,0,captopril
332610209,0,0,1,0,0,glyburide
332610332,0,1,0,0,0,lisinopril
332610372,0,0,1,0,0,metformin
332610373,0,1,0,0,0,lisinopril
332610397,0,0,1,0,0,glipizide
332610411,0,0,1,0,0,glyburide / metformin
332610416,0,1,0,0,0,lisinopril
332610433,0,0,1,0,0,glipizide
332610453,0,1,0,0,0,benazepril
332610536,0,1,0,0,0,captopril
332610538,0,0,1,0,0,glipizide
332610540,0,0,1,0,0,metformin
332610541,1,0,0,0,0,simvastatin
332610542,1,0,0,0,0,simvastatin
332610546,1,0,0,0,0,simvastatin
332610547,1,0,0,0,0,lovastatin
332610548,1,0,0,0,0,lovastatin
332610549,1,0,0,0,0,lovastatin
332610632,0,1,0,0,0,enalapril
332610668,0,1,0,0,0,enalapril
332610693,0,1,0,0,0,enalapril
332610728,0,1,0,0,0,lisinopril
332610813,0,0,1,0,0,glyburide
332610818,0,1,0,0,0,losartan
332610819,0,1,0,0,0,losartan
332610821,0,0,1,0,0,glyburide / metformin
332610823,0,1,0,0,0,benazepril
332610824,0,1,0,0,0,benazepril
332610825,0,1,0,0,0,benazepril
332610828,0,1,0,0,0,lisinopril
332610830,0,0,1,0,0,glipizide
332610831,0,0,1,0,0,glimepiride
332610835,0,0,1,0,0,glipizide
332610838,0,1,0,0,0,losartan
332610846,0,1,0,0,0,benazepril
332610867,1,0,0,0,0,pravastatin
332610868,1,0,0,0,0,pravastatin
332610892,0,0,1,0,0,glimepiride
332610903,0,1,0,0,0,ramipril
332610904,0,1,0,0,0,losartan
332610935,0,1,0,0,0,lisinopril
332610950,0,1,0,0,0,losartan
332610953,1,0,0,0,0,pravastatin
332610959,1,0,0,0,0,atorvastatin
332610961,0,0,1,0,0,glimepiride
332610967,0,1,0,0,0,ramipril
332610972,1,0,0,0,0,atorvastatin
332610973,1,0,0,0,0,atorvastatin
332610974,0,1,0,0,0,captopril
332610977,0,1,0,0,0,enalapril
332610982,0,1,0,0,0,benazepril
332610995,1,0,0,0,0,atorvastatin
332610996,0,1,0,0,0,losartan
333400051,0,1,0,0,0,losartan
333420044,0,1,0,0,0,losartan
333420045,0,1,0,0,0,losartan
333420046,0,1,0,0,0,losartan
333420047,0,1,0,0,0,irbesartan
333420048,0,1,0,0,0,irbesartan
333420049,0,1,0,0,0,irbesartan
333420050,0,1,0,0,0,losartan
333420051,0,1,0,0,0,losartan
333420052,0,1,0,0,0,losartan
333420054,0,0,1,0,0,pioglitazone
333420055,0,0,1,0,0,pioglitazone
333420056,0,0,1,0,0,pioglitazone
333420057,0,1,0,0,0,irbesartan
333420058,0,1,0,0,0,irbesartan
333420062,0,1,0,0,0,valsartan
333420063,0,1,0,0,0,valsartan
333420064,0,1,0,0,0,valsartan
333420065,0,1,0,0,0,valsartan
333420074,0,1,0,0,0,valsartan
333420075,0,1,0,0,0,valsartan
333420076,0,1,0,0,0,valsartan
333420077,0,1,0,0,0,valsartan
333420078,0,1,0,0,0,valsartan
333420114,0,1,0,0,0,candesartan
333420115,0,1,0,0,0,candesartan
333420116,0,1,0,0,0,candesartan
333420117,0,1,0,0,0,candesartan
333420128,0,1,0,0,0,telmisartan
333420129,0,1,0,0,0,telmisartan
333420130,0,1,0,0,0,telmisartan
333420131,0,1,0,0,0,candesartan
333420132,0,1,0,0,0,candesartan
333420133,0,1,0,0,0,candesartan
333420141,0,0,1,0,0,metformin
333420142,0,0,1,0,0,metformin
333420143,0,0,1,0,0,metformin
333420176,0,0,1,0,0,metformin / pioglitazone
333420177,0,0,1,0,0,metformin / pioglitazone
333420178,0,1,0,0,0,olmesartan
333420179,0,1,0,0,0,olmesartan
333420180,0,1,0,0,0,olmesartan
333420190,0,1,0,0,0,olmesartan
333420191,0,1,0,0,0,olmesartan
333420192,0,1,0,0,0,olmesartan
333420193,0,1,0,0,0,olmesartan
333420239,0,0,1,0,0,metformin
333420240,0,0,1,0,0,metformin
333580047,0,1,0,0,0,benazepril
333580048,0,1,0,0,0,benazepril
333580049,0,1,0,0,0,benazepril
333580050,0,1,0,0,0,benazepril
333580126,0,1,0,0,0,enalapril
333580127,0,1,0,0,0,enalapril
333580128,0,1,0,0,0,enalapril
333580157,0,0,1,0,0,glipizide
333580158,0,0,1,0,0,glipizide
333580160,0,0,1,0,0,glyburide
333580161,0,0,1,0,0,glyburide
333580210,1,0,0,0,0,atorvastatin
333580211,0,1,0,0,0,lisinopril
333580212,0,1,0,0,0,lisinopril
333580213,0,1,0,0,0,lisinopril
333580214,0,1,0,0,0,lisinopril
333580222,0,1,0,0,0,benazepril
333580223,1,0,0,0,0,lovastatin
333580224,1,0,0,0,0,lovastatin
333580225,1,0,0,0,0,lovastatin
333580226,1,0,0,0,0,lovastatin
333580234,0,0,1,0,0,metformin
333580235,0,0,1,0,0,metformin
333580236,0,0,1,0,0,metformin
333580237,0,0,1,0,0,metformin
333580431,1,0,0,0,0,simvastatin
333580475,1,0,0,0,0,simvastatin
352080001,0,0,1,0,0,metformin
352080002,0,0,1,0,0,metformin
353560060,0,1,0,0,0,valsartan
353560099,0,0,1,0,0,glipizide
353560101,0,1,0,0,0,valsartan
353560102,0,0,0,1,0,insulin lispro
353560103,0,0,1,0,0,sitagliptin
353560121,0,0,1,0,0,glipizide
353560125,1,0,0,0,0,pravastatin
353560130,0,0,1,0,0,metformin / pioglitazone
353560131,0,1,0,0,0,irbesartan
353560133,0,1,0,0,0,aliskiren
353560136,0,0,1,0,0,metformin / sitagliptin
353560216,0,1,0,0,0,olmesartan
353560256,0,1,0,0,0,olmesartan
353560257,0,1,0,0,0,olmesartan
353560258,0,1,0,0,0,olmesartan
353560269,0,0,1,0,0,metformin
353560287,0,1,0,0,0,olmesartan
353560288,0,1,0,0,0,olmesartan
353560289,0,1,0,0,0,olmesartan
353560293,0,1,0,0,0,valsartan
353560294,0,1,0,0,0,valsartan
353560295,0,1,0,0,0,telmisartan
353560296,0,1,0,0,0,telmisartan
353560297,0,1,0,0,0,telmisartan
353560298,0,1,0,0,0,telmisartan
353560299,0,1,0,0,0,telmisartan
353560300,0,1,0,0,0,telmisartan
353560360,0,0,1,0,0,glyburide
353560373,0,1,0,0,0,losartan
353560374,0,1,0,0,0,irbesartan
353560406,0,1,0,0,0,irbesartan
353560413,1,0,0,0,0,rosuvastatin
353560416,0,1,0,0,0,losartan
353560427,0,1,0,0,0,candesartan
353560428,0,1,0,0,0,irbesartan
353560432,0,1,0,0,0,benazepril
353560519,1,0,0,0,0,rosuvastatin
353560541,0,1,0,0,0,enalapril
353560587,0,1,0,0,0,benazepril
353560600,1,0,0,0,0,simvastatin
353560601,0,1,0,0,0,perindopril
353560604,1,0,0,0,0,simvastatin
353560667,1,0,0,0,0,simvastatin
353560691,0,0,1,0,0,metformin
353560695,0,1,0,0,0,lisinopril
353560773,0,1,0,0,0,losartan
353560775,1,0,0,0,0,simvastatin
353560777,0,1,0,0,0,lisinopril
353560778,0,1,0,0,0,lisinopril
353560779,0,1,0,0,0,losartan
353560780,0,1,0,0,0,losartan
353560781,1,0,0,0,0,simvastatin
353560792,0,0,1,0,0,metformin
353560854,0,1,0,0,0,irbesartan
353560860,1,0,0,0,0,atorvastatin
353560861,0,1,0,0,0,benazepril
353560869,0,1,0,0,0,enalapril
353560871,0,1,0,0,0,enalapril
353560875,0,0,1,0,0,glipizide
353560879,0,1,0,0,0,lisinopril
353560883,0,1,0,0,0,losartan
353560884,0,1,0,0,0,losartan
353560885,1,0,0,0,0,lovastatin
353560886,0,0,1,0,0,metformin
353560893,0,1,0,0,0,ramipril
353560894,1,0,0,0,0,atorvastatin
353560896,0,0,1,0,0,glimepiride
353560897,0,0,1,0,0,glyburide / metformin
353560899,0,0,1,0,0,glipizide
353560910,0,1,0,0,0,benazepril
353560913,0,1,0,0,0,quinapril
353560917,0,1,0,0,0,benazepril
353560919,1,0,0,0,0,pravastatin
353560921,1,0,0,0,0,pravastatin
353560922,0,0,1,0,0,metformin
353560929,1,0,0,0,0,atorvastatin
353560931,0,0,1,0,0,glipizide
353560932,0,0,1,0,0,glyburide / metformin
353560945,0,1,0,0,0,enalapril
353560948,0,1,0,0,0,lisinopril
353560949,0,1,0,0,0,losartan
353560959,0,0,1,0,0,metformin
353560960,0,1,0,0,0,benazepril
353560961,0,1,0,0,0,fosinopril
353560965,0,1,0,0,0,benazepril
353560970,0,0,1,0,0,glipizide / metformin
353560973,0,1,0,0,0,lisinopril
353560976,0,1,0,0,0,valsartan
353560979,0,1,0,0,0,valsartan
353560995,0,0,1,0,0,glyburide
353560998,0,1,0,0,0,quinapril
400320080,0,1,0,0,0,valsartan
400320081,0,1,0,0,0,valsartan
400320082,0,1,0,0,0,valsartan
400320083,0,1,0,0,0,valsartan
422540019,1,0,0,0,0,atorvastatin
422540025,1,0,0,0,0,lovastatin
422540028,1,0,0,0,0,lovastatin
422540032,1,0,0,0,0,simvastatin
422540060,1,0,0,0,0,simvastatin
422540071,0,0,1,0,0,glyburide / metformin
422540072,0,1,0,0,0,benazepril
422540073,0,1,0,0,0,benazepril
422540074,0,1,0,0,0,benazepril
422540090,0,0,1,0,0,glyburide
422540106,1,0,0,0,0,lovastatin
422540129,1,0,0,0,0,simvastatin
422540131,1,0,0,0,0,pravastatin
422540156,0,1,0,0,0,benazepril
422540168,1,0,0,0,0,simvastatin
422540192,0,1,0,0,0,benazepril
422540202,1,0,0,0,0,pravastatin
422540225,1,0,0,0,0,simvastatin
422540255,0,1,0,0,0,benazepril
422540261,1,0,0,0,0,atorvastatin
422540267,1,0,0,0,0,atorvastatin
422540281,0,0,1,0,0,glyburide
422540307,1,0,0,0,0,atorvastatin
422540328,0,1,0,0,0,benazepril
422540335,0,1,0,0,0,captopril
422540353,0,1,0,0,0,captopril
422540379,1,0,0,0,0,atorvastatin
422540382,1,0,0,0,0,atorvastatin
422540385,0,1,0,0,0,losartan
422540391,1,0,0,0,0,atorvastatin
422540392,1,0,0,0,0,atorvastatin
422540409,0,1,0,0,0,losartan
422540424,1,0,0,0,0,pravastatin
422540425,1,0,0,0,0,pravastatin
422540434,1,0,0,0,0,pravastatin
422540435,0,1,0,0,0,valsartan
422540436,0,1,0,0,0,valsartan
422540437,0,1,0,0,0,valsartan
422910020,0,1,0,0,0,valsartan
422910021,0,1,0,0,0,valsartan
422910022,0,1,0,0,0,valsartan
422910023,0,1,0,0,0,valsartan
422910078,1,0,0,0,0,simvastatin
422910079,1,0,0,0,0,simvastatin
422910080,1,0,0,0,0,simvastatin
422910081,1,0,0,0,0,simvastatin
422910126,0,1,0,0,0,valsartan
422910127,0,1,0,0,0,valsartan
422910128,0,1,0,0,0,valsartan
422910129,0,1,0,0,0,valsartan
422910143,1,0,0,0,0,atorvastatin
422910144,1,0,0,0,0,atorvastatin
422910145,1,0,0,0,0,atorvastatin
422910146,1,0,0,0,0,atorvastatin
422910160,0,1,0,0,0,benazepril
422910161,0,1,0,0,0,benazepril
422910162,0,1,0,0,0,benazepril
422910163,0,1,0,0,0,benazepril
422910269,0,1,0,0,0,enalapril
422910305,0,0,1,0,0,glipizide / metformin
422910306,0,0,1,0,0,glipizide / metformin
422910316,0,0,1,0,0,glyburide
422910317,0,0,1,0,0,glyburide
422910340,0,1,0,0,0,irbesartan
422910341,0,1,0,0,0,irbesartan
422910342,0,1,0,0,0,irbesartan
422910343,0,1,0,0,0,irbesartan
422910355,0,1,0,0,0,irbesartan
422910356,0,1,0,0,0,irbesartan
422910357,0,1,0,0,0,irbesartan
422910375,1,0,0,0,0,lovastatin
422910376,1,0,0,0,0,lovastatin
422910377,1,0,0,0,0,lovastatin
422910390,0,1,0,0,0,lisinopril
422910391,0,1,0,0,0,lisinopril
422910392,0,1,0,0,0,lisinopril
422910393,0,1,0,0,0,losartan
422910394,0,1,0,0,0,losartan
422910395,0,1,0,0,0,losartan
422910422,0,1,0,0,0,losartan
422910423,0,1,0,0,0,losartan
422910424,0,1,0,0,0,losartan
422910429,0,0,1,0,0,glipizide
422910430,0,0,1,0,0,glipizide
422910497,0,0,1,0,0,metformin
422910498,0,0,1,0,0,metformin
422910502,0,1,0,0,0,losartan
422910503,0,1,0,0,0,losartan
422910504,0,1,0,0,0,losartan
422910512,0,0,1,0,0,metformin / pioglitazone
422910513,0,0,1,0,0,metformin / pioglitazone
422910542,0,1,0,0,0,olmesartan
422910543,0,1,0,0,0,olmesartan
422910544,0,1,0,0,0,olmesartan
422910558,0,0,1,0,0,metformin
422910559,0,0,1,0,0,metformin
422910576,0,1,0,0,0,moexipril
422910577,0,1,0,0,0,moexipril
422910578,0,1,0,0,0,moexipril
422910582,0,0,1,0,0,metformin
422910583,0,0,1,0,0,metformin
422910592,0,0,1,0,0,metformin
422910593,0,0,1,0,0,metformin
422910605,0,0,1,0,0,metformin
422910606,0,0,1,0,0,metformin
422910607,0,0,1,0,0,metformin
422910610,0,0,1,0,0,metformin
422910611,0,0,1,0,0,metformin
422910636,0,0,1,0,0,nateglinide
422910637,0,0,1,0,0,nateglinide
422910665,1,0,0,0,0,pravastatin
422910667,1,0,0,0,0,pravastatin
422910668,1,0,0,0,0,pravastatin
422910669,1,0,0,0,0,pravastatin
422910692,0,1,0,0,0,ramipril
422910693,0,0,1,0,0,metformin / pioglitazone
422910694,0,0,1,0,0,metformin / pioglitazone
422910701,0,1,0,0,0,quinapril
422910702,0,1,0,0,0,quinapril
422910703,0,1,0,0,0,quinapril
422910704,0,1,0,0,0,quinapril
422910705,0,1,0,0,0,quinapril
422910706,0,1,0,0,0,quinapril
422910707,0,1,0,0,0,quinapril
422910712,1,0,0,0,0,simvastatin
422910713,1,0,0,0,0,simvastatin
422910714,1,0,0,0,0,simvastatin
422910715,1,0,0,0,0,simvastatin
422910716,1,0,0,0,0,simvastatin
422910719,0,0,1,0,0,repaglinide
422910720,0,0,1,0,0,repaglinide
422910731,1,0,0,0,0,rosuvastatin
422910732,1,0,0,0,0,rosuvastatin
422910733,1,0,0,0,0,rosuvastatin
422910734,1,0,0,0,0,rosuvastatin
422910742,1,0,0,0,0,rosuvastatin
422910743,1,0,0,0,0,rosuvastatin
422910744,1,0,0,0,0,rosuvastatin
422910745,1,0,0,0,0,rosuvastatin
422910790,0,1,0,0,0,telmisartan
422910791,0,1,0,0,0,telmisartan
422910792,0,1,0,0,0,telmisartan
422910793,0,1,0,0,0,telmisartan
422910794,0,1,0,0,0,telmisartan
422910795,0,1,0,0,0,telmisartan
422910796,0,1,0,0,0,telmisartan
422910837,0,1,0,0,0,trandolapril
422910838,0,1,0,0,0,trandolapril
422910839,0,1,0,0,0,trandolapril
422910856,0,1,0,0,0,valsartan
422910857,0,1,0,0,0,valsartan
422910858,0,1,0,0,0,valsartan
422910859,0,1,0,0,0,valsartan
422910876,0,1,0,0,0,valsartan
422910877,0,1,0,0,0,valsartan
422910878,0,1,0,0,0,valsartan
422910879,0,1,0,0,0,valsartan
422910880,0,1,0,0,0,valsartan
422910881,0,1,0,0,0,valsartan
422910882,0,1,0,0,0,valsartan
422910883,0,1,0,0,0,valsartan
422910884,0,1,0,0,0,valsartan
422910885,0,1,0,0,0,valsartan
422910886,0,1,0,0,0,valsartan
422910887,0,1,0,0,0,valsartan
422910888,0,1,0,0,0,valsartan
422910920,0,0,1,0,0,metformin / pioglitazone
422910921,0,0,1,0,0,metformin / pioglitazone
422920029,1,0,0,0,0,rosuvastatin
422920030,1,0,0,0,0,rosuvastatin
422920031,1,0,0,0,0,rosuvastatin
422920032,1,0,0,0,0,rosuvastatin
422920036,0,1,0,0,0,olmesartan
422920037,0,1,0,0,0,olmesartan
423850497,0,0,1,0,0,metformin
423850902,0,0,1,0,0,metformin
423850903,0,0,1,0,0,metformin
423850904,0,0,1,0,0,metformin
423850947,0,0,1,0,0,metformin
423850948,0,0,1,0,0,metformin
423850949,0,0,1,0,0,metformin
425490490,1,0,0,0,0,pravastatin
425490498,0,0,1,0,0,glimepiride
425490499,0,0,1,0,0,glimepiride
425490700,0,1,0,0,0,losartan
425490705,0,1,0,0,0,lisinopril
425490707,0,1,0,0,0,ramipril
425490708,1,0,0,0,0,pravastatin
425490715,1,0,0,0,0,simvastatin
425490735,0,1,0,0,0,losartan
425710005,1,0,0,0,0,simvastatin
425710010,1,0,0,0,0,simvastatin
425710020,1,0,0,0,0,simvastatin
425710040,1,0,0,0,0,simvastatin
425710080,1,0,0,0,0,simvastatin
425710100,0,0,1,0,0,glimepiride
425710101,0,0,1,0,0,glimepiride
425710102,0,0,1,0,0,glimepiride
425710103,0,0,1,0,0,glimepiride
425710104,0,0,1,0,0,glimepiride
425710105,0,0,1,0,0,glimepiride
425710110,0,1,0,0,0,losartan
425710111,0,1,0,0,0,losartan
425710112,0,1,0,0,0,losartan
425710172,1,0,0,0,0,atorvastatin
425710173,1,0,0,0,0,atorvastatin
425710174,1,0,0,0,0,atorvastatin
425710175,1,0,0,0,0,atorvastatin
425710201,0,1,0,0,0,olmesartan
425710202,0,1,0,0,0,olmesartan
425710203,0,1,0,0,0,olmesartan
425710226,0,1,0,0,0,telmisartan
425710227,0,1,0,0,0,telmisartan
425710228,0,1,0,0,0,telmisartan
425710235,0,1,0,0,0,olmesartan
425710236,0,1,0,0,0,olmesartan
425710237,0,1,0,0,0,olmesartan
425710238,0,1,0,0,0,olmesartan
425710333,0,0,1,0,0,metformin
425710334,0,0,1,0,0,metformin
425710360,0,0,1,0,0,metformin
426580105,1,0,0,0,0,pravastatin
426580106,1,0,0,0,0,pravastatin
426580107,1,0,0,0,0,pravastatin
426580108,1,0,0,0,0,simvastatin
426580109,1,0,0,0,0,simvastatin
426580110,1,0,0,0,0,simvastatin
426580111,1,0,0,0,0,simvastatin
426580121,0,1,0,0,0,irbesartan
426580122,0,1,0,0,0,irbesartan
426580123,0,1,0,0,0,irbesartan
426580135,0,1,0,0,0,telmisartan
426580136,0,1,0,0,0,telmisartan
426580137,0,1,0,0,0,telmisartan
426580141,0,1,0,0,0,irbesartan
426580142,0,1,0,0,0,irbesartan
426770301,1,0,0,0,0,rosuvastatin
426770302,1,0,0,0,0,rosuvastatin
427080003,1,0,0,0,0,atorvastatin
427080004,1,0,0,0,0,atorvastatin
427080005,1,0,0,0,0,atorvastatin
427080009,0,0,1,0,0,metformin
427080013,1,0,0,0,0,atorvastatin
427080014,1,0,0,0,0,atorvastatin
427080018,0,0,1,0,0,metformin
427080031,0,1,0,0,0,lisinopril
427080032,0,1,0,0,0,lisinopril
427080033,0,1,0,0,0,lisinopril
427080034,0,1,0,0,0,lisinopril
427080035,0,1,0,0,0,losartan
427080036,0,1,0,0,0,losartan
427080039,0,0,1,0,0,metformin
427080040,0,0,1,0,0,metformin
427080051,1,0,0,0,0,simvastatin
427080052,1,0,0,0,0,simvastatin
427080055,0,1,0,0,0,losartan
427080075,0,0,1,0,0,metformin
427080083,0,0,1,0,0,glimepiride
427080094,0,1,0,0,0,lisinopril
427080095,0,1,0,0,0,lisinopril
427080096,0,1,0,0,0,lisinopril
427080108,1,0,0,0,0,atorvastatin
427080109,0,0,1,0,0,glipizide
427080111,1,0,0,0,0,rosuvastatin
427080113,0,1,0,0,0,losartan
427080117,0,0,1,0,0,metformin
427080125,0,1,0,0,0,losartan
427080141,1,0,0,0,0,atorvastatin
427080142,0,1,0,0,0,lisinopril
427080144,1,0,0,0,0,atorvastatin
427080148,1,0,0,0,0,simvastatin
427080150,0,1,0,0,0,lisinopril
427080151,0,1,0,0,0,losartan
427080152,0,1,0,0,0,losartan
427080154,0,1,0,0,0,lisinopril
427080165,0,1,0,0,0,lisinopril
427080168,1,0,0,0,0,simvastatin
427080169,1,0,0,0,0,simvastatin
428060052,0,1,0,0,0,trandolapril
428060053,0,1,0,0,0,trandolapril
428060054,0,1,0,0,0,trandolapril
428060213,0,0,1,0,0,metformin
428060215,0,0,1,0,0,metformin
428060221,0,0,1,0,0,metformin
428060313,0,0,1,0,0,metformin
428060314,0,0,1,0,0,metformin
428060315,0,0,1,0,0,metformin
428060405,0,0,1,0,0,metformin
428060406,0,0,1,0,0,metformin
428060632,0,0,1,0,0,metformin
428060633,0,0,1,0,0,metformin
430630007,0,1,0,0,0,lisinopril
430630008,1,0,0,0,0,simvastatin
430630012,0,0,1,0,0,metformin
430630032,0,1,0,0,0,lisinopril
430630034,0,0,1,0,0,glimepiride
430630065,0,1,0,0,0,lisinopril
430630074,0,1,0,0,0,lisinopril
430630080,1,0,0,0,0,simvastatin
430630118,0,1,0,0,0,lisinopril
430630119,0,0,1,0,0,glyburide
430630120,0,0,1,0,0,glyburide
430630121,0,0,1,0,0,glimepiride
430630122,0,0,1,0,0,glimepiride
430630130,0,1,0,0,0,lisinopril
430630131,0,1,0,0,0,benazepril
430630132,0,1,0,0,0,benazepril
430630138,0,1,0,0,0,lisinopril
430630143,1,0,0,0,0,pravastatin
430630146,0,1,0,0,0,captopril
430630162,1,0,0,0,0,simvastatin
430630171,0,1,0,0,0,benazepril
430630195,1,0,0,0,0,pravastatin
430630232,0,1,0,0,0,benazepril
430630233,0,1,0,0,0,benazepril
430630234,0,1,0,0,0,benazepril
430630288,0,1,0,0,0,benazepril
430630303,0,1,0,0,0,ramipril
430630347,0,1,0,0,0,losartan
430630358,0,1,0,0,0,quinapril
430630372,0,0,1,0,0,metformin
430630373,1,0,0,0,0,atorvastatin
430630397,0,0,1,0,0,glyburide / metformin
430630402,0,1,0,0,0,benazepril
430630403,0,1,0,0,0,benazepril
430630414,0,1,0,0,0,lisinopril
430630428,0,0,1,0,0,metformin
430630429,0,0,1,0,0,metformin
430630430,0,0,1,0,0,metformin
430630433,0,0,1,0,0,glyburide
430630443,1,0,0,0,0,pravastatin
430630444,1,0,0,0,0,pravastatin
430630453,1,0,0,0,0,atorvastatin
430630458,0,1,0,0,0,lisinopril
430630468,0,1,0,0,0,lisinopril
430630474,1,0,0,0,0,atorvastatin
430630477,0,1,0,0,0,losartan
430630478,0,1,0,0,0,losartan
430630480,0,1,0,0,0,lisinopril
430630482,0,1,0,0,0,lisinopril
430630483,0,1,0,0,0,losartan
430630484,0,1,0,0,0,lisinopril
430630485,0,1,0,0,0,lisinopril
430630487,1,0,0,0,0,atorvastatin
430630491,0,1,0,0,0,losartan
430630493,1,0,0,0,0,lovastatin
430630496,1,0,0,0,0,atorvastatin
430630502,0,1,0,0,0,ramipril
430630507,0,0,1,0,0,metformin
430630525,0,1,0,0,0,lisinopril
430630527,0,0,1,0,0,metformin
430630539,0,0,1,0,0,metformin
430630544,0,0,1,0,0,metformin
430630545,0,0,1,0,0,metformin
430630546,0,0,1,0,0,metformin
430630548,1,0,0,0,0,lovastatin
430630571,0,1,0,0,0,benazepril
430630587,0,0,1,0,0,glimepiride
430630593,1,0,0,0,0,simvastatin
430630630,0,0,1,0,0,glimepiride
430630677,0,1,0,0,0,benazepril
430630679,0,1,0,0,0,benazepril
430630692,1,0,0,0,0,lovastatin
430630697,0,0,1,0,0,glimepiride
430630698,0,0,1,0,0,glimepiride
430630699,0,0,1,0,0,glimepiride
430630726,1,0,0,0,0,simvastatin
430630727,1,0,0,0,0,simvastatin
430630731,1,0,0,0,0,lovastatin
430630733,1,0,0,0,0,simvastatin
430630748,0,1,0,0,0,benazepril
430630766,0,1,0,0,0,losartan
430630769,0,1,0,0,0,lisinopril
430630786,0,1,0,0,0,lisinopril
430630787,0,1,0,0,0,benazepril
430630800,0,1,0,0,0,lisinopril
430630807,1,0,0,0,0,pravastatin
430630808,1,0,0,0,0,pravastatin
430630810,0,1,0,0,0,lisinopril
430630811,0,1,0,0,0,lisinopril
430630812,0,1,0,0,0,lisinopril
430630813,0,1,0,0,0,lisinopril
430630814,0,1,0,0,0,lisinopril
430630815,0,1,0,0,0,lisinopril
430630854,0,1,0,0,0,losartan
430630861,0,0,1,0,0,glipizide
430630873,0,1,0,0,0,losartan
430630881,0,1,0,0,0,losartan
430630889,0,0,1,0,0,metformin
430630894,0,0,1,0,0,pioglitazone
430630895,0,0,1,0,0,pioglitazone
430630896,0,0,1,0,0,pioglitazone
430630898,0,0,1,0,0,metformin
430630902,0,0,1,0,0,metformin
430630939,1,0,0,0,0,lovastatin
430630946,0,0,1,0,0,glimepiride
430630954,0,1,0,0,0,losartan
430630955,0,1,0,0,0,losartan
430630983,1,0,0,0,0,lovastatin
430630986,0,1,0,0,0,losartan
433530007,1,0,0,0,0,simvastatin
433530009,0,1,0,0,0,lisinopril
433530031,1,0,0,0,0,rosuvastatin
433530037,0,1,0,0,0,lisinopril
433530045,0,1,0,0,0,enalapril
433530057,0,1,0,0,0,losartan
433530059,0,1,0,0,0,valsartan
433530062,0,1,0,0,0,lisinopril
433530066,0,1,0,0,0,valsartan
433530067,0,1,0,0,0,valsartan
433530071,0,1,0,0,0,lisinopril
433530082,0,0,1,0,0,metformin
433530096,0,0,1,0,0,metformin
433530098,0,0,1,0,0,metformin
433530113,0,1,0,0,0,lisinopril
433530114,0,0,1,0,0,metformin
433530115,1,0,0,0,0,atorvastatin
433530120,1,0,0,0,0,atorvastatin
433530121,0,1,0,0,0,lisinopril
433530128,0,0,1,0,0,metformin
433530168,0,1,0,0,0,lisinopril
433530169,0,1,0,0,0,lisinopril
433530179,0,1,0,0,0,lisinopril
433530181,1,0,0,0,0,atorvastatin
433530182,1,0,0,0,0,atorvastatin
433530184,1,0,0,0,0,atorvastatin
433530203,0,1,0,0,0,valsartan
433530207,0,0,1,0,0,glipizide
433530225,0,1,0,0,0,valsartan
433530227,1,0,0,0,0,simvastatin
433530228,1,0,0,0,0,simvastatin
433530229,1,0,0,0,0,simvastatin
433530231,0,1,0,0,0,valsartan
433530232,0,1,0,0,0,valsartan
433530245,1,0,0,0,0,rosuvastatin
433530246,1,0,0,0,0,rosuvastatin
433530249,1,0,0,0,0,rosuvastatin
433530270,0,1,0,0,0,lisinopril
433530271,0,1,0,0,0,lisinopril
433530280,1,0,0,0,0,atorvastatin
433530287,1,0,0,0,0,atorvastatin
433530289,1,0,0,0,0,rosuvastatin
433530290,1,0,0,0,0,rosuvastatin
433530293,0,1,0,0,0,lisinopril
433530297,0,1,0,0,0,lisinopril
433530298,0,1,0,0,0,lisinopril
433530299,0,1,0,0,0,losartan
433530301,0,1,0,0,0,lisinopril
433530313,0,1,0,0,0,lisinopril
433530318,0,1,0,0,0,lisinopril
433530321,1,0,0,0,0,atorvastatin
433530323,1,0,0,0,0,rosuvastatin
433530326,0,0,1,0,0,pioglitazone
433530332,1,0,0,0,0,rosuvastatin
433530333,0,1,0,0,0,lisinopril
433530339,1,0,0,0,0,rosuvastatin
433530340,0,0,1,0,0,metformin
433530344,0,0,1,0,0,metformin
433530349,0,0,1,0,0,metformin
433530350,0,1,0,0,0,lisinopril
433530352,1,0,0,0,0,rosuvastatin
433530365,0,1,0,0,0,lisinopril
433530369,0,0,1,0,0,glipizide
433530379,0,0,1,0,0,glipizide
433530394,1,0,0,0,0,simvastatin
433530411,0,1,0,0,0,lisinopril
433530459,0,1,0,0,0,losartan
433530474,1,0,0,0,0,pravastatin
433530477,0,0,1,0,0,metformin
433530488,0,1,0,0,0,lisinopril
433530514,0,0,1,0,0,metformin
433530516,0,1,0,0,0,lisinopril
433530520,0,0,1,0,0,metformin
433530530,0,0,1,0,0,metformin
433530563,0,1,0,0,0,lisinopril
433530582,0,0,1,0,0,glyburide
433530585,0,0,1,0,0,metformin
433530589,0,0,1,0,0,metformin
433530625,1,0,0,0,0,simvastatin
433530626,0,1,0,0,0,lisinopril
433530643,0,1,0,0,0,lisinopril
433530655,0,1,0,0,0,lisinopril
433530656,0,0,1,0,0,glyburide
433530659,0,0,1,0,0,glyburide
433530662,0,1,0,0,0,lisinopril
433530664,1,0,0,0,0,simvastatin
433530676,0,1,0,0,0,lisinopril
433530685,1,0,0,0,0,pravastatin
433530712,0,1,0,0,0,lisinopril
433530718,1,0,0,0,0,lovastatin
433530722,0,1,0,0,0,lisinopril
433530726,0,1,0,0,0,lisinopril
433530728,0,1,0,0,0,losartan
433530729,0,1,0,0,0,losartan
433530730,0,1,0,0,0,lisinopril
433530763,1,0,0,0,0,lovastatin
433530768,1,0,0,0,0,simvastatin
433530773,1,0,0,0,0,simvastatin
433530774,1,0,0,0,0,simvastatin
433530776,1,0,0,0,0,atorvastatin
433530781,1,0,0,0,0,atorvastatin
433530793,0,1,0,0,0,lisinopril
433530800,0,1,0,0,0,lisinopril
433530811,0,0,1,0,0,metformin
433530815,1,0,0,0,0,atorvastatin
433530821,1,0,0,0,0,atorvastatin
433530826,1,0,0,0,0,atorvastatin
433530827,1,0,0,0,0,atorvastatin
433530842,0,0,1,0,0,metformin
433530843,1,0,0,0,0,atorvastatin
433530844,1,0,0,0,0,pravastatin
433530851,1,0,0,0,0,atorvastatin
433530856,1,0,0,0,0,simvastatin
433530858,1,0,0,0,0,simvastatin
433530860,1,0,0,0,0,simvastatin
433530861,1,0,0,0,0,simvastatin
433530865,0,1,0,0,0,lisinopril
433530866,0,1,0,0,0,lisinopril
433530867,0,1,0,0,0,lisinopril
433530870,0,1,0,0,0,fosinopril
433530871,1,0,0,0,0,simvastatin
433530873,1,0,0,0,0,atorvastatin
433530875,1,0,0,0,0,simvastatin
433530885,0,0,1,0,0,metformin
433530892,1,0,0,0,0,atorvastatin
433530894,0,0,1,0,0,metformin
433530895,0,0,1,0,0,glyburide
433530904,1,0,0,0,0,atorvastatin
433530910,0,1,0,0,0,valsartan
433530926,0,1,0,0,0,losartan
433530927,1,0,0,0,0,pravastatin
433530936,0,0,1,0,0,metformin
433530959,1,0,0,0,0,atorvastatin
433530964,1,0,0,0,0,pravastatin
433530966,1,0,0,0,0,pravastatin
433530968,0,1,0,0,0,lisinopril
433530975,0,1,0,0,0,lisinopril
433530976,0,1,0,0,0,lisinopril
433530977,0,1,0,0,0,lisinopril
433530981,1,0,0,0,0,atorvastatin
433530982,0,0,1,0,0,metformin
433530983,1,0,0,0,0,atorvastatin
433530987,0,0,1,0,0,metformin
433530993,0,1,0,0,0,lisinopril
433530995,1,0,0,0,0,lovastatin
433860080,0,1,0,0,0,valsartan
433860081,0,1,0,0,0,valsartan
433860082,0,1,0,0,0,valsartan
433860083,0,1,0,0,0,valsartan
433860710,0,1,0,0,0,quinapril
433860711,0,1,0,0,0,quinapril
433860712,0,1,0,0,0,quinapril
435470248,0,0,1,0,0,metformin
435470249,0,0,1,0,0,metformin
435470250,0,0,1,0,0,metformin
435470277,0,1,0,0,0,irbesartan
435470278,0,1,0,0,0,irbesartan
435470279,0,1,0,0,0,irbesartan
435470283,0,1,0,0,0,telmisartan
435470284,0,1,0,0,0,telmisartan
435470285,0,1,0,0,0,telmisartan
435470299,0,1,0,0,0,olmesartan
435470300,0,1,0,0,0,olmesartan
435470301,0,1,0,0,0,olmesartan
435470311,0,1,0,0,0,valsartan
435470312,0,1,0,0,0,valsartan
435470313,0,1,0,0,0,valsartan
435470314,0,1,0,0,0,valsartan
435470315,0,1,0,0,0,valsartan
435470320,0,0,1,0,0,metformin
435470321,0,0,1,0,0,metformin
435470322,0,0,1,0,0,metformin
435470330,0,1,0,0,0,irbesartan
435470331,0,1,0,0,0,irbesartan
435470335,0,1,0,0,0,benazepril
435470336,0,1,0,0,0,benazepril
435470337,0,1,0,0,0,benazepril
435470338,0,1,0,0,0,benazepril
435470351,0,1,0,0,0,lisinopril
435470352,0,1,0,0,0,lisinopril
435470353,0,1,0,0,0,lisinopril
435470354,0,1,0,0,0,lisinopril
435470355,0,1,0,0,0,lisinopril
435470356,0,1,0,0,0,lisinopril
435470357,0,0,1,0,0,metformin
435470358,0,0,1,0,0,metformin
435470359,0,0,1,0,0,metformin
435470360,0,1,0,0,0,losartan
435470361,0,1,0,0,0,losartan
435470362,0,1,0,0,0,losartan
435470367,0,1,0,0,0,valsartan
435470368,0,1,0,0,0,valsartan
435470369,0,1,0,0,0,valsartan
435470370,0,1,0,0,0,valsartan
435470374,0,1,0,0,0,irbesartan
435470375,0,1,0,0,0,irbesartan
435470376,0,1,0,0,0,irbesartan
435470386,0,1,0,0,0,fosinopril
435470387,0,1,0,0,0,fosinopril
435470388,0,1,0,0,0,fosinopril
435470391,0,1,0,0,0,olmesartan
435470392,0,1,0,0,0,olmesartan
435470393,0,1,0,0,0,olmesartan
435470394,0,0,1,0,0,glimepiride
435470395,0,0,1,0,0,glimepiride
435470396,0,0,1,0,0,glimepiride
435470410,0,1,0,0,0,quinapril
435470411,0,1,0,0,0,quinapril
435470412,0,1,0,0,0,quinapril
435470413,0,1,0,0,0,quinapril
435470414,0,1,0,0,0,lisinopril
435470415,0,1,0,0,0,lisinopril
435470416,0,1,0,0,0,lisinopril
435470417,0,1,0,0,0,lisinopril
435470418,0,1,0,0,0,lisinopril
435470419,0,1,0,0,0,lisinopril
435470420,0,1,0,0,0,lisinopril
435470421,0,1,0,0,0,lisinopril
435470422,0,1,0,0,0,lisinopril
435470423,0,1,0,0,0,losartan
435470424,0,1,0,0,0,losartan
435470425,0,1,0,0,0,losartan
435470426,0,0,1,0,0,pioglitazone
435470427,0,0,1,0,0,pioglitazone
435470428,0,0,1,0,0,pioglitazone
435470441,0,1,0,0,0,telmisartan
435470442,0,1,0,0,0,telmisartan
435470443,0,1,0,0,0,telmisartan
435470459,0,1,0,0,0,candesartan
435470460,0,1,0,0,0,candesartan
435470461,0,1,0,0,0,candesartan
435470503,0,0,1,0,0,metformin
435470504,0,0,1,0,0,metformin
435470545,0,1,0,0,0,enalapril
435470546,0,1,0,0,0,enalapril
435470547,0,1,0,0,0,enalapril
435470548,0,1,0,0,0,enalapril
435470591,1,0,0,0,0,rosuvastatin
435470592,1,0,0,0,0,rosuvastatin
435470593,1,0,0,0,0,rosuvastatin
435470594,1,0,0,0,0,rosuvastatin
435470672,0,1,0,0,0,irbesartan
435980313,1,0,0,0,0,atorvastatin
435980314,1,0,0,0,0,atorvastatin
435980315,1,0,0,0,0,atorvastatin
435980316,1,0,0,0,0,atorvastatin
435980317,1,0,0,0,0,atorvastatin
435980318,1,0,0,0,0,atorvastatin
435980319,1,0,0,0,0,atorvastatin
435980320,1,0,0,0,0,atorvastatin
435980321,1,0,0,0,0,atorvastatin
435980322,1,0,0,0,0,atorvastatin
435980323,1,0,0,0,0,atorvastatin
435980583,1,0,0,0,0,simvastatin
435980584,1,0,0,0,0,simvastatin
435980585,1,0,0,0,0,simvastatin
435980586,1,0,0,0,0,simvastatin
435980742,1,0,0,0,0,simvastatin
435980743,1,0,0,0,0,simvastatin
435980744,1,0,0,0,0,simvastatin
435980745,1,0,0,0,0,simvastatin
435980830,1,0,0,0,0,atorvastatin
435980831,1,0,0,0,0,atorvastatin
435980832,1,0,0,0,0,atorvastatin
435980833,1,0,0,0,0,atorvastatin
458020087,0,0,1,0,0,alogliptin
458020103,0,0,1,0,0,alogliptin
458020150,0,0,1,0,0,alogliptin
458020169,0,0,1,0,0,alogliptin / metformin
458020211,0,0,1,0,0,alogliptin / metformin
458020238,0,0,1,0,0,alogliptin / pioglitazone
458020260,0,0,1,0,0,alogliptin / pioglitazone
458020304,0,0,1,0,0,alogliptin / pioglitazone
458020351,0,0,1,0,0,alogliptin / pioglitazone
458020402,0,0,1,0,0,alogliptin / pioglitazone
458020499,0,0,1,0,0,alogliptin / pioglitazone
458020770,0,0,1,0,0,glimepiride
458020822,0,0,1,0,0,glimepiride
458020947,0,0,1,0,0,glimepiride
458650101,0,1,0,0,0,valsartan
458650114,0,1,0,0,0,valsartan
458650399,0,1,0,0,0,enalapril
458650403,0,1,0,0,0,enalapril
458650404,0,1,0,0,0,enalapril
458650421,1,0,0,0,0,simvastatin
458650441,0,1,0,0,0,ramipril
458650443,0,1,0,0,0,ramipril
458650460,1,0,0,0,0,simvastatin
458650517,0,0,1,0,0,metformin
458650520,0,1,0,0,0,benazepril
458650574,0,0,1,0,0,glyburide
458650635,0,1,0,0,0,lisinopril
458650684,0,1,0,0,0,losartan
458650687,0,1,0,0,0,losartan
458650710,0,0,1,0,0,glyburide / metformin
458650718,0,1,0,0,0,losartan
458650726,1,0,0,0,0,atorvastatin
458650727,1,0,0,0,0,atorvastatin
458650743,1,0,0,0,0,atorvastatin
458650747,0,1,0,0,0,benazepril
458650751,0,1,0,0,0,losartan
458650836,0,1,0,0,0,telmisartan
458650841,0,1,0,0,0,telmisartan
458650857,1,0,0,0,0,rosuvastatin
458650880,0,1,0,0,0,valsartan
458650882,0,1,0,0,0,valsartan
458650889,0,1,0,0,0,valsartan
458650890,0,1,0,0,0,valsartan
458650893,1,0,0,0,0,rosuvastatin
458650894,1,0,0,0,0,rosuvastatin
458650901,0,1,0,0,0,olmesartan
458650923,0,1,0,0,0,olmesartan
458650935,0,1,0,0,0,olmesartan
458650947,0,1,0,0,0,olmesartan
459630565,1,0,0,0,0,simvastatin
459630566,1,0,0,0,0,simvastatin
459630567,1,0,0,0,0,simvastatin
459630568,1,0,0,0,0,simvastatin
459630633,1,0,0,0,0,lovastatin
459630634,1,0,0,0,0,lovastatin
459630635,1,0,0,0,0,lovastatin
459630753,0,0,1,0,0,glyburide / metformin
462870030,1,0,0,0,0,atorvastatin
467080044,0,1,0,0,0,valsartan
467080045,0,1,0,0,0,valsartan
467080046,0,1,0,0,0,valsartan
467080047,0,1,0,0,0,valsartan
467080060,0,1,0,0,0,candesartan
467080087,0,1,0,0,0,telmisartan
467080088,0,1,0,0,0,telmisartan
467080089,0,1,0,0,0,telmisartan
467080131,0,1,0,0,0,olmesartan
467080132,0,1,0,0,0,olmesartan
467080133,0,1,0,0,0,olmesartan
467080149,0,1,0,0,0,olmesartan
467080150,0,1,0,0,0,olmesartan
467080151,0,1,0,0,0,olmesartan
467080184,0,1,0,0,0,telmisartan
467080185,0,1,0,0,0,telmisartan
467080186,0,1,0,0,0,telmisartan
467080187,0,1,0,0,0,telmisartan
467080209,0,1,0,0,0,telmisartan
467080210,0,1,0,0,0,telmisartan
467080211,0,1,0,0,0,telmisartan
467080212,0,1,0,0,0,olmesartan
467080213,0,1,0,0,0,olmesartan
467080214,0,1,0,0,0,olmesartan
467080215,0,1,0,0,0,olmesartan
467080341,0,1,0,0,0,candesartan
467080342,0,1,0,0,0,candesartan
467080343,0,1,0,0,0,candesartan
467080439,0,1,0,0,0,irbesartan
467080440,0,1,0,0,0,irbesartan
467080441,0,1,0,0,0,irbesartan
467080442,0,1,0,0,0,irbesartan
467080443,0,1,0,0,0,irbesartan
467080444,0,1,0,0,0,irbesartan
467080445,0,1,0,0,0,losartan
467080446,0,1,0,0,0,losartan
467080447,0,1,0,0,0,losartan
467080448,0,1,0,0,0,losartan
467080449,0,1,0,0,0,losartan
467080450,0,1,0,0,0,losartan
467080453,0,1,0,0,0,valsartan
467080454,0,1,0,0,0,valsartan
467080455,0,1,0,0,0,valsartan
467080456,0,1,0,0,0,valsartan
467080457,0,1,0,0,0,valsartan
467080458,0,1,0,0,0,valsartan
467080459,0,1,0,0,0,valsartan
467080460,0,1,0,0,0,valsartan
467080461,0,1,0,0,0,valsartan
467080608,0,1,0,0,0,telmisartan
467080609,0,1,0,0,0,telmisartan
467080610,0,1,0,0,0,telmisartan
473350305,0,0,1,0,0,metformin
473350306,0,0,1,0,0,metformin
473350582,1,0,0,0,0,rosuvastatin
473350583,1,0,0,0,0,rosuvastatin
473350584,1,0,0,0,0,rosuvastatin
473350585,1,0,0,0,0,rosuvastatin
473350984,1,0,0,0,0,rosuvastatin
473350985,1,0,0,0,0,rosuvastatin
473350986,1,0,0,0,0,rosuvastatin
473350987,1,0,0,0,0,rosuvastatin
479180004,0,0,0,1,0,"insulin, regular, human"
479180008,0,0,0,1,0,"insulin, regular, human"
479180874,0,0,0,1,0,"insulin, regular, human"
479180878,0,0,0,1,0,"insulin, regular, human"
479180880,0,0,0,1,0,"insulin, regular, human"
479180891,0,0,0,1,0,"insulin, regular, human"
479180898,0,0,0,1,0,"insulin, regular, human"
479180902,0,0,0,1,0,"insulin, regular, human"
484330311,1,0,0,0,0,simvastatin
484330315,0,1,0,0,0,lisinopril
484330326,0,0,1,0,0,metformin
484330332,0,1,0,0,0,lisinopril
487927861,0,0,1,0,0,metformin
487927862,0,0,1,0,0,metformin
487927863,0,0,1,0,0,metformin
487927877,0,1,0,0,0,olmesartan
487927878,0,1,0,0,0,olmesartan
487927879,0,1,0,0,0,olmesartan
487927883,1,0,0,0,0,rosuvastatin
487927884,1,0,0,0,0,rosuvastatin
487927885,1,0,0,0,0,rosuvastatin
487927886,1,0,0,0,0,rosuvastatin
488660351,0,1,0,0,0,enalapril
488660352,0,1,0,0,0,enalapril
488660353,0,1,0,0,0,enalapril
488660354,0,1,0,0,0,enalapril
491580500,0,1,0,0,0,enalapril
491580501,0,1,0,0,0,enalapril
491580502,0,1,0,0,0,enalapril
491580503,0,1,0,0,0,enalapril
492520001,0,0,1,0,0,metformin
492520061,1,0,0,0,0,rosuvastatin
492520062,1,0,0,0,0,rosuvastatin
492520063,1,0,0,0,0,rosuvastatin
492520064,1,0,0,0,0,rosuvastatin
492520065,0,1,0,0,0,olmesartan
492520066,0,1,0,0,0,olmesartan
492520067,0,1,0,0,0,olmesartan
492991090,1,0,0,0,0,atorvastatin
492991091,1,0,0,0,0,atorvastatin
492991092,1,0,0,0,0,atorvastatin
492991093,1,0,0,0,0,atorvastatin
493490016,0,1,0,0,0,lisinopril
493490029,1,0,0,0,0,simvastatin
493490037,0,0,1,0,0,glyburide
493490039,1,0,0,0,0,lovastatin
493490043,0,0,1,0,0,metformin
493490060,0,1,0,0,0,lisinopril
493490069,0,1,0,0,0,lisinopril
493490092,0,0,1,0,0,glipizide
493490103,1,0,0,0,0,atorvastatin
493490104,0,1,0,0,0,valsartan
493490110,1,0,0,0,0,atorvastatin
493490129,0,1,0,0,0,lisinopril
493490138,0,1,0,0,0,losartan
493490144,0,1,0,0,0,enalapril
493490158,0,1,0,0,0,lisinopril
493490167,0,1,0,0,0,lisinopril
493490169,1,0,0,0,0,simvastatin
493490170,0,0,1,0,0,glipizide
493490175,0,0,1,0,0,glyburide
493490201,0,0,1,0,0,metformin
493490209,0,1,0,0,0,lisinopril
493490228,0,0,1,0,0,glipizide
493490232,0,0,1,0,0,metformin
493490245,0,1,0,0,0,lisinopril
493490247,0,1,0,0,0,lisinopril
493490248,0,1,0,0,0,lisinopril
493490256,0,1,0,0,0,lisinopril
493490272,0,0,1,0,0,glipizide
493490283,0,1,0,0,0,lisinopril
493490293,1,0,0,0,0,pravastatin
493490302,0,1,0,0,0,benazepril
493490306,0,1,0,0,0,captopril
493490307,1,0,0,0,0,lovastatin
493490313,0,1,0,0,0,ramipril
493490316,0,1,0,0,0,lisinopril
493490338,0,0,1,0,0,glipizide
493490356,1,0,0,0,0,simvastatin
493490360,0,0,1,0,0,glyburide
493490374,0,1,0,0,0,lisinopril
493490382,1,0,0,0,0,simvastatin
493490383,0,1,0,0,0,losartan
493490391,0,1,0,0,0,lisinopril
493490410,0,0,1,0,0,metformin
493490419,1,0,0,0,0,simvastatin
493490436,1,0,0,0,0,simvastatin
493490469,0,0,1,0,0,metformin
493490470,0,0,1,0,0,metformin
493490507,0,0,1,0,0,metformin
493490523,1,0,0,0,0,pravastatin
493490531,1,0,0,0,0,lovastatin
493490537,0,0,1,0,0,glipizide
493490547,0,1,0,0,0,lisinopril
493490548,0,1,0,0,0,lisinopril
493490549,0,1,0,0,0,lisinopril
493490562,0,1,0,0,0,enalapril
493490569,0,1,0,0,0,valsartan
493490575,0,1,0,0,0,enalapril
493490594,1,0,0,0,0,lovastatin
493490632,0,1,0,0,0,losartan
493490635,0,0,1,0,0,glipizide
493490642,1,0,0,0,0,simvastatin
493490646,1,0,0,0,0,simvastatin
493490651,1,0,0,0,0,simvastatin
493490675,0,0,1,0,0,metformin
493490686,1,0,0,0,0,lovastatin
493490687,1,0,0,0,0,lovastatin
493490702,0,1,0,0,0,lisinopril
493490707,0,0,1,0,0,metformin
493490719,0,0,1,0,0,glipizide
493490730,0,0,1,0,0,glyburide
493490795,1,0,0,0,0,lovastatin
493490798,0,1,0,0,0,lisinopril
493490821,1,0,0,0,0,pravastatin
493490825,1,0,0,0,0,pravastatin
493490839,0,1,0,0,0,losartan
493490847,0,0,1,0,0,metformin
493490850,1,0,0,0,0,lovastatin
493490925,1,0,0,0,0,simvastatin
493490940,1,0,0,0,0,lovastatin
493490982,1,0,0,0,0,lovastatin
493490985,1,0,0,0,0,lovastatin
493490986,1,0,0,0,0,lovastatin
494830620,0,0,1,0,0,metformin
494830621,0,0,1,0,0,metformin
494830622,0,0,1,0,0,metformin
494830623,0,0,1,0,0,metformin
494830624,0,0,1,0,0,metformin
495020250,0,0,0,1,0,insulin glargine
495020251,0,0,0,1,0,insulin glargine
495020393,0,0,0,1,0,insulin glargine
495020394,0,0,0,1,0,insulin glargine
498480008,0,1,0,0,0,losartan
498840172,0,1,0,0,0,valsartan
498840173,0,1,0,0,0,valsartan
498840174,0,1,0,0,0,valsartan
498840175,0,1,0,0,0,valsartan
498840185,0,1,0,0,0,valsartan
498840260,1,0,0,0,0,rosuvastatin
498840261,1,0,0,0,0,rosuvastatin
498840262,1,0,0,0,0,rosuvastatin
498840263,1,0,0,0,0,rosuvastatin
498840424,0,1,0,0,0,aliskiren
498840425,0,1,0,0,0,aliskiren
498840574,0,1,0,0,0,valsartan
498840575,0,1,0,0,0,valsartan
498840576,0,1,0,0,0,valsartan
498840577,0,1,0,0,0,valsartan
498840658,0,1,0,0,0,candesartan
498840659,0,1,0,0,0,candesartan
498840660,0,1,0,0,0,candesartan
498840661,0,1,0,0,0,candesartan
498840662,0,1,0,0,0,candesartan
498840663,0,1,0,0,0,candesartan
498840664,0,1,0,0,0,candesartan
498840741,0,0,1,0,0,metformin
498840745,0,0,1,0,0,glipizide
498840746,0,0,1,0,0,glipizide
498840786,0,1,0,0,0,olmesartan
498840787,0,1,0,0,0,olmesartan
498840788,0,1,0,0,0,olmesartan
498840789,0,1,0,0,0,olmesartan
498840790,0,1,0,0,0,olmesartan
498840929,0,1,0,0,0,benazepril
498840930,0,1,0,0,0,benazepril
498840931,0,1,0,0,0,benazepril
498840932,0,1,0,0,0,benazepril
498840952,0,1,0,0,0,benazepril
498840953,0,1,0,0,0,benazepril
498840984,0,0,1,0,0,nateglinide
498840985,0,0,1,0,0,nateglinide
499990105,0,1,0,0,0,captopril
499990106,0,0,1,0,0,metformin
499990107,0,0,1,0,0,glipizide
499990108,0,0,1,0,0,glipizide
499990113,0,0,1,0,0,glyburide
499990116,0,0,1,0,0,metformin
499990182,0,1,0,0,0,lisinopril
499990183,0,1,0,0,0,lisinopril
499990239,0,1,0,0,0,enalapril
499990240,0,1,0,0,0,enalapril
499990287,0,1,0,0,0,benazepril
499990293,1,0,0,0,0,lovastatin
499990295,0,1,0,0,0,lisinopril
499990305,0,1,0,0,0,candesartan
499990306,1,0,0,0,0,simvastatin
499990321,0,1,0,0,0,lisinopril
499990345,0,1,0,0,0,enalapril
499990392,1,0,0,0,0,atorvastatin
499990401,0,0,1,0,0,glyburide / metformin
499990449,0,0,1,0,0,pioglitazone
499990450,0,0,1,0,0,pioglitazone
499990451,0,0,1,0,0,pioglitazone
499990467,1,0,0,0,0,atorvastatin
499990468,1,0,0,0,0,atorvastatin
499990469,0,1,0,0,0,lisinopril
499990470,1,0,0,0,0,lovastatin
499990471,1,0,0,0,0,lovastatin
499990488,1,0,0,0,0,simvastatin
499990495,0,0,1,0,0,metformin
499990511,0,1,0,0,0,captopril
499990514,0,0,1,0,0,glipizide
499990543,0,1,0,0,0,valsartan
499990571,0,0,1,0,0,glyburide
499990759,0,1,0,0,0,benazepril
499990761,0,1,0,0,0,lisinopril
499990781,0,0,1,0,0,glimepiride
499990807,0,0,1,0,0,glimepiride
499990808,0,0,1,0,0,glyburide
499990815,0,1,0,0,0,olmesartan
499990820,0,0,1,0,0,metformin
499990823,0,1,0,0,0,enalapril
499990870,0,1,0,0,0,lisinopril
499990871,0,1,0,0,0,ramipril
499990873,1,0,0,0,0,rosuvastatin
499990877,0,1,0,0,0,valsartan
499990878,0,1,0,0,0,valsartan
499990879,0,1,0,0,0,valsartan
499990880,0,1,0,0,0,valsartan
499990882,1,0,0,0,0,atorvastatin
499990889,1,0,0,0,0,simvastatin
499990900,1,0,0,0,0,simvastatin
499990903,1,0,0,0,0,simvastatin
499990924,0,1,0,0,0,lisinopril
499990934,0,1,0,0,0,ramipril
499990940,0,1,0,0,0,losartan
499990943,0,1,0,0,0,valsartan
499990946,0,1,0,0,0,benazepril
499990947,0,1,0,0,0,benazepril
499990948,0,1,0,0,0,benazepril
499990957,1,0,0,0,0,simvastatin
499990958,1,0,0,0,0,simvastatin
499990988,0,1,0,0,0,candesartan
499990989,1,0,0,0,0,atorvastatin
499990991,0,1,0,0,0,losartan
499990992,1,0,0,0,0,rosuvastatin
499990993,0,0,0,1,0,"insulin isophane, human / insulin, regular, human"
499990994,0,0,0,1,0,insulin glargine
500900352,0,0,0,1,0,"insulin isophane, human"
500900353,0,0,0,1,0,"insulin, regular, human"
500900403,0,0,0,1,0,"insulin isophane, human / insulin, regular, human"
500900444,0,0,0,1,0,"insulin isophane, human / insulin, regular, human"
500900494,0,0,1,0,0,glyburide
500900495,0,0,1,0,0,glyburide
500900496,0,0,1,0,0,glyburide
500900497,0,0,0,1,0,"insulin, regular, human"
500900498,0,0,0,1,0,"insulin isophane, human"
500900502,0,0,1,0,0,glipizide
500900503,0,0,1,0,0,glipizide
500900504,0,0,1,0,0,glipizide
500900505,0,0,1,0,0,glipizide
500900689,0,1,0,0,0,enalapril
500900690,0,1,0,0,0,enalapril
500900691,0,1,0,0,0,enalapril
500900692,0,1,0,0,0,enalapril
500900757,1,0,0,0,0,lovastatin
500900758,1,0,0,0,0,lovastatin
500900759,1,0,0,0,0,lovastatin
500900761,1,0,0,0,0,lovastatin
500900762,1,0,0,0,0,lovastatin
500900766,0,0,1,0,0,metformin
500900767,0,0,1,0,0,metformin
500900769,0,0,1,0,0,metformin
500900771,0,0,1,0,0,metformin
500900775,0,0,1,0,0,metformin
500900777,0,0,1,0,0,metformin
500900803,0,1,0,0,0,lisinopril
500900804,0,1,0,0,0,lisinopril
500900805,0,1,0,0,0,lisinopril
500900808,0,1,0,0,0,lisinopril
500900809,0,1,0,0,0,lisinopril
500900810,0,1,0,0,0,lisinopril
500900823,0,1,0,0,0,lisinopril
500900851,0,0,1,0,0,metformin
500900852,0,0,1,0,0,glipizide
500900853,0,0,1,0,0,glipizide
500900854,0,0,1,0,0,glipizide
500900876,0,0,0,1,0,insulin glargine
500900877,0,1,0,0,0,olmesartan
500900887,0,0,1,0,0,glyburide / metformin
500900888,0,0,1,0,0,glyburide / metformin
500900890,0,1,0,0,0,fosinopril
500900912,0,1,0,0,0,benazepril
500900913,0,1,0,0,0,benazepril
500900914,0,1,0,0,0,benazepril
500900915,0,1,0,0,0,benazepril
500900925,0,1,0,0,0,benazepril
500900926,0,1,0,0,0,benazepril
500900937,0,1,0,0,0,quinapril
500900938,0,1,0,0,0,quinapril
500900940,0,1,0,0,0,quinapril
500900946,0,1,0,0,0,lisinopril
500900974,1,0,0,0,0,pravastatin
500900975,1,0,0,0,0,pravastatin
500900999,1,0,0,0,0,simvastatin
500901000,1,0,0,0,0,simvastatin
500901004,0,0,1,0,0,glimepiride
500901005,0,0,1,0,0,glimepiride
500901036,0,0,1,0,0,sitagliptin
500901038,0,1,0,0,0,benazepril
500901039,0,1,0,0,0,benazepril
500901041,0,1,0,0,0,benazepril
500901042,0,1,0,0,0,benazepril
500901080,0,0,1,0,0,glipizide / metformin
500901082,0,0,1,0,0,glipizide / metformin
500901083,0,1,0,0,0,olmesartan
500901097,1,0,0,0,0,rosuvastatin
500901104,0,0,1,0,0,glimepiride
500901107,0,1,0,0,0,lisinopril
500901108,0,1,0,0,0,lisinopril
500901109,0,1,0,0,0,lisinopril
500901112,0,1,0,0,0,fosinopril
500901118,0,1,0,0,0,ramipril
500901120,0,1,0,0,0,ramipril
500901121,1,0,0,0,0,simvastatin
500901164,0,1,0,0,0,losartan
500901165,0,1,0,0,0,losartan
500901176,0,1,0,0,0,losartan
500901177,0,1,0,0,0,losartan
500901210,0,1,0,0,0,losartan
500901218,0,1,0,0,0,lisinopril
500901219,0,1,0,0,0,lisinopril
500901250,0,1,0,0,0,aliskiren
500901254,1,0,0,0,0,atorvastatin
500901255,1,0,0,0,0,atorvastatin
500901257,1,0,0,0,0,atorvastatin
500901258,1,0,0,0,0,atorvastatin
500901260,1,0,0,0,0,atorvastatin
500901261,1,0,0,0,0,atorvastatin
500901264,1,0,0,0,0,atorvastatin
500901265,1,0,0,0,0,atorvastatin
500901269,0,1,0,0,0,losartan
500901276,0,0,0,1,0,insulin detemir
500901277,1,0,0,0,0,simvastatin
500901284,0,1,0,0,0,irbesartan
500901319,0,0,1,0,0,pioglitazone
500901320,0,0,1,0,0,pioglitazone
500901321,0,0,1,0,0,pioglitazone
500901354,0,1,0,0,0,ramipril
500901362,1,0,0,0,0,pravastatin
500901375,0,0,0,1,0,insulin lispro
500901387,1,0,0,0,0,simvastatin
500901398,0,0,0,1,0,insulin glargine
500901412,0,1,0,0,0,valsartan
500901413,0,1,0,0,0,valsartan
500901418,0,1,0,0,0,benazepril
500901420,0,1,0,0,0,valsartan
500901421,0,1,0,0,0,valsartan
500901422,0,1,0,0,0,valsartan
500901423,0,1,0,0,0,valsartan
500901434,1,0,0,0,0,pravastatin
500901446,0,0,1,0,0,metformin
500901463,0,1,0,0,0,benazepril
500901475,0,0,0,1,0,insulin detemir
500901494,0,0,1,0,0,metformin
500901504,0,1,0,0,0,fosinopril
500901506,0,1,0,0,0,losartan
500901507,0,1,0,0,0,lisinopril
500901525,1,0,0,0,0,atorvastatin
500901526,0,0,1,0,0,glimepiride
500901533,1,0,0,0,0,pravastatin
500901550,0,0,1,0,0,glipizide / metformin
500901594,1,0,0,0,0,pravastatin
500901613,0,1,0,0,0,irbesartan
500901621,1,0,0,0,0,rosuvastatin
500901626,0,0,1,0,0,glipizide
500901641,0,1,0,0,0,losartan
500901643,0,1,0,0,0,valsartan
500901644,0,1,0,0,0,benazepril
500901663,0,0,0,1,0,insulin lispro
500901664,0,0,0,1,0,"insulin aspart, human"
500901665,0,0,0,1,0,"insulin aspart, human"
500901678,0,0,0,1,0,"insulin aspart, human"
500901682,0,1,0,0,0,valsartan
500901687,0,0,1,0,0,pioglitazone
500901688,0,0,1,0,0,pioglitazone
500901689,0,0,1,0,0,pioglitazone
500901701,0,1,0,0,0,valsartan
500901707,0,1,0,0,0,valsartan
500901737,0,1,0,0,0,lisinopril
500901745,0,1,0,0,0,losartan
500901762,0,1,0,0,0,valsartan
500901763,0,1,0,0,0,valsartan
500901785,0,1,0,0,0,lisinopril
500901840,0,1,0,0,0,captopril
500901872,0,1,0,0,0,losartan
500901921,0,1,0,0,0,valsartan
500901967,0,1,0,0,0,losartan
500901981,0,0,1,0,0,metformin
500901987,0,0,1,0,0,glimepiride
500901995,0,1,0,0,0,benazepril
500902008,0,1,0,0,0,benazepril
500902014,0,1,0,0,0,benazepril
500902017,0,1,0,0,0,irbesartan
500902024,1,0,0,0,0,pravastatin
500902025,1,0,0,0,0,pravastatin
500902026,0,0,1,0,0,metformin
500902030,0,0,1,0,0,glyburide / metformin
500902031,0,0,1,0,0,glyburide / metformin
500902051,0,1,0,0,0,valsartan
500902052,0,1,0,0,0,valsartan
500902054,0,1,0,0,0,losartan
500902072,0,1,0,0,0,lisinopril
500902073,0,1,0,0,0,lisinopril
500902074,0,1,0,0,0,lisinopril
500902075,0,0,1,0,0,glipizide
500902076,0,0,1,0,0,glipizide
500902085,0,1,0,0,0,lisinopril
500902086,0,1,0,0,0,lisinopril
500902116,0,1,0,0,0,quinapril
500902117,0,1,0,0,0,quinapril
500902142,0,1,0,0,0,losartan
500902148,0,1,0,0,0,ramipril
500902168,0,1,0,0,0,lisinopril
500902169,0,1,0,0,0,ramipril
500902173,0,0,1,0,0,metformin
500902177,0,0,1,0,0,metformin
500902193,0,0,0,1,0,insulin glargine
500902197,0,0,1,0,0,glipizide / metformin
500902206,0,1,0,0,0,valsartan
500902220,0,0,1,0,0,glipizide
500902222,0,0,1,0,0,glipizide
500902228,0,1,0,0,0,lisinopril
500902234,0,1,0,0,0,losartan
500902255,0,1,0,0,0,valsartan
500902258,0,0,1,0,0,metformin
500902268,0,1,0,0,0,valsartan
500902272,0,0,0,1,0,"insulin aspart, human"
500902273,0,0,0,1,0,"insulin aspart, human"
500902278,1,0,0,0,0,lovastatin
500902282,0,0,1,0,0,glyburide
500902290,0,1,0,0,0,valsartan
500902294,0,1,0,0,0,valsartan
500902327,0,1,0,0,0,valsartan
500902384,0,1,0,0,0,lisinopril
500902385,0,1,0,0,0,lisinopril
500902390,0,0,1,0,0,pioglitazone
500902395,0,1,0,0,0,lisinopril
500902401,0,0,1,0,0,pioglitazone
500902410,0,0,1,0,0,metformin
500902412,0,1,0,0,0,lisinopril
500902424,0,1,0,0,0,valsartan
500902431,0,1,0,0,0,lisinopril
500902433,0,1,0,0,0,valsartan
500902435,0,1,0,0,0,valsartan
500902447,1,0,0,0,0,rosuvastatin
500902448,1,0,0,0,0,rosuvastatin
500902449,1,0,0,0,0,rosuvastatin
500902451,1,0,0,0,0,rosuvastatin
500902458,1,0,0,0,0,rosuvastatin
500902471,0,1,0,0,0,valsartan
500902475,0,1,0,0,0,ramipril
500902485,0,0,1,0,0,glimepiride
500902486,0,0,1,0,0,glimepiride
500902492,0,0,1,0,0,glipizide / metformin
500902500,0,1,0,0,0,fosinopril
500902518,0,1,0,0,0,valsartan
500902543,1,0,0,0,0,simvastatin
500902545,1,0,0,0,0,pravastatin
500902550,0,1,0,0,0,valsartan
500902556,0,0,1,0,0,glipizide / metformin
500902563,1,0,0,0,0,lovastatin
500902565,0,1,0,0,0,lisinopril
500902577,0,1,0,0,0,ramipril
500902612,0,0,1,0,0,metformin
500902622,0,1,0,0,0,losartan
500902632,0,1,0,0,0,losartan
500902634,0,1,0,0,0,lisinopril
500902635,0,0,1,0,0,metformin
500902637,0,0,1,0,0,pioglitazone
500902639,0,0,1,0,0,pioglitazone
500902640,0,1,0,0,0,valsartan
500902642,0,1,0,0,0,irbesartan
500902643,0,1,0,0,0,quinapril
500902653,0,1,0,0,0,lisinopril
500902656,0,1,0,0,0,losartan
500902720,0,1,0,0,0,benazepril
500902722,1,0,0,0,0,rosuvastatin
500902723,1,0,0,0,0,rosuvastatin
500902724,1,0,0,0,0,rosuvastatin
500902725,1,0,0,0,0,rosuvastatin
500902743,0,1,0,0,0,lisinopril
500902753,0,1,0,0,0,lisinopril
500902767,0,0,1,0,0,metformin
500902785,1,0,0,0,0,pravastatin
500902796,0,0,1,0,0,metformin
500902805,1,0,0,0,0,rosuvastatin
500902851,0,1,0,0,0,lisinopril
500902853,0,0,1,0,0,liraglutide
500902855,0,1,0,0,0,enalapril
500902877,0,1,0,0,0,valsartan
500902882,0,1,0,0,0,losartan
500902908,0,1,0,0,0,losartan
500902915,0,0,1,0,0,glipizide
500902934,0,1,0,0,0,lisinopril
500902952,0,1,0,0,0,lisinopril
500902974,0,1,0,0,0,lisinopril
500902977,0,1,0,0,0,fosinopril
500902978,0,1,0,0,0,irbesartan
500902985,0,1,0,0,0,aliskiren
500902988,0,1,0,0,0,lisinopril
500902989,0,1,0,0,0,lisinopril
500902990,0,1,0,0,0,lisinopril
500903012,0,0,1,0,0,glyburide
500903049,0,1,0,0,0,benazepril
500903050,0,0,1,0,0,metformin
500903053,0,1,0,0,0,olmesartan
500903054,0,1,0,0,0,olmesartan
500903059,0,1,0,0,0,ramipril
500903064,0,0,1,0,0,metformin
500903069,0,0,1,0,0,glipizide
500903074,0,0,1,0,0,glipizide
500903088,0,0,1,0,0,metformin
500903105,0,1,0,0,0,olmesartan
500903107,0,1,0,0,0,olmesartan
500903108,0,1,0,0,0,valsartan
500903135,0,1,0,0,0,losartan
500903166,0,1,0,0,0,enalapril
500903172,0,0,1,0,0,glimepiride
500903175,0,1,0,0,0,lisinopril
500903176,1,0,0,0,0,rosuvastatin
500903177,1,0,0,0,0,rosuvastatin
500903189,0,0,1,0,0,glimepiride
500903204,1,0,0,0,0,pravastatin
500903216,1,0,0,0,0,lovastatin
500903231,0,1,0,0,0,losartan
500903243,0,1,0,0,0,benazepril
500903244,0,1,0,0,0,irbesartan
500903258,1,0,0,0,0,pravastatin
500903268,1,0,0,0,0,lovastatin
500903269,0,1,0,0,0,irbesartan
500903275,0,1,0,0,0,enalapril
500903285,0,1,0,0,0,benazepril
500903292,0,1,0,0,0,valsartan
500903348,0,1,0,0,0,olmesartan
500903357,0,1,0,0,0,benazepril
500903359,0,1,0,0,0,benazepril
500903378,0,1,0,0,0,enalapril
500903386,0,1,0,0,0,enalapril
500903388,0,1,0,0,0,lisinopril
500903396,1,0,0,0,0,lovastatin
500903403,0,1,0,0,0,losartan
500903404,0,1,0,0,0,benazepril
500903409,0,1,0,0,0,losartan
500903428,0,1,0,0,0,fosinopril
500903429,0,0,1,0,0,glyburide
500903431,0,1,0,0,0,irbesartan
500903437,1,0,0,0,0,rosuvastatin
500903444,0,1,0,0,0,fosinopril
500903471,0,1,0,0,0,olmesartan
500903472,0,0,1,0,0,sitagliptin
500903473,1,0,0,0,0,simvastatin
500903479,1,0,0,0,0,simvastatin
500903481,0,0,1,0,0,dapagliflozin
500903482,0,0,1,0,0,dapagliflozin
500903483,0,0,1,0,0,dulaglutide
500903484,0,0,1,0,0,dulaglutide
500903485,0,1,0,0,0,valsartan
500903486,1,0,0,0,0,simvastatin
500903487,0,1,0,0,0,olmesartan
500903491,0,0,0,1,0,insulin degludec
500903515,1,0,0,0,0,rosuvastatin
500903527,0,0,1,0,0,sitagliptin
500903536,1,0,0,0,0,atorvastatin
500903543,0,0,1,0,0,metformin
500903547,0,0,1,0,0,glimepiride
500903549,1,0,0,0,0,rosuvastatin
500903561,0,1,0,0,0,olmesartan
500903576,0,1,0,0,0,valsartan
500903579,0,0,1,0,0,metformin
500903655,0,1,0,0,0,olmesartan
500903656,0,1,0,0,0,olmesartan
500903691,0,0,1,0,0,metformin
500903692,0,0,1,0,0,metformin
500903693,0,0,1,0,0,metformin
500903701,0,1,0,0,0,olmesartan
500903706,1,0,0,0,0,rosuvastatin
500903719,0,0,1,0,0,metformin
500903757,0,1,0,0,0,lisinopril
500903763,0,1,0,0,0,lisinopril
500903765,0,1,0,0,0,lisinopril
500903774,0,1,0,0,0,lisinopril
500903775,0,1,0,0,0,benazepril
500903780,0,1,0,0,0,fosinopril
500903853,1,0,0,0,0,pravastatin
500903873,0,1,0,0,0,ramipril
500903881,1,0,0,0,0,lovastatin
500903898,1,0,0,0,0,pravastatin
500903922,1,0,0,0,0,simvastatin
500903984,1,0,0,0,0,simvastatin
500904008,0,0,1,0,0,glipizide
500904039,1,0,0,0,0,rosuvastatin
500904048,0,1,0,0,0,losartan
500904056,1,0,0,0,0,rosuvastatin
500904068,0,0,0,1,0,insulin glargine
500904073,0,0,0,1,0,insulin lispro
500904074,0,0,0,1,0,"insulin aspart, human"
500904084,0,0,1,0,0,sitagliptin
500904085,0,0,0,1,0,"insulin aspart, human"
500904086,0,0,1,0,0,sitagliptin
500904087,0,0,1,0,0,sitagliptin
500904120,0,1,0,0,0,trandolapril
500904128,0,1,0,0,0,trandolapril
500904130,0,1,0,0,0,valsartan
500904177,0,0,0,1,0,insulin glargine
500904199,0,0,1,0,0,glipizide
500904206,1,0,0,0,0,pravastatin
500904215,0,0,1,0,0,glyburide
500904252,0,1,0,0,0,losartan
500904255,0,1,0,0,0,losartan
500904257,0,0,1,0,0,liraglutide
500904274,0,1,0,0,0,losartan
500904284,0,1,0,0,0,benazepril
500904293,0,1,0,0,0,valsartan
500904294,0,1,0,0,0,valsartan
500904295,0,1,0,0,0,valsartan
500904296,0,1,0,0,0,captopril
500904297,0,0,1,0,0,glipizide
500904301,0,1,0,0,0,losartan
500904305,0,1,0,0,0,losartan
500904329,0,1,0,0,0,olmesartan
500904364,0,0,1,0,0,canagliflozin
500904377,0,1,0,0,0,olmesartan
500904383,0,0,1,0,0,linagliptin
500904384,0,0,1,0,0,empagliflozin
500904411,0,0,1,0,0,metformin / sitagliptin
500904412,0,0,1,0,0,metformin
500904447,0,1,0,0,0,losartan
500904451,0,1,0,0,0,olmesartan
500904485,0,1,0,0,0,lisinopril
500904488,0,0,0,1,0,insulin lispro
500904489,0,1,0,0,0,losartan
500904492,0,0,1,0,0,empagliflozin
500904500,0,0,0,1,0,"insulin aspart, human"
500904501,0,0,0,1,0,insulin detemir
500904503,0,0,1,0,0,liraglutide
500904519,0,1,0,0,0,irbesartan
500904556,0,0,1,0,0,pioglitazone
500904560,0,1,0,0,0,enalapril
500904586,0,0,1,0,0,pioglitazone
500904597,0,1,0,0,0,ramipril
500904605,0,0,1,0,0,pioglitazone
500904645,0,1,0,0,0,losartan
500904649,0,1,0,0,0,quinapril
500904678,0,1,0,0,0,lisinopril
500904685,1,0,0,0,0,atorvastatin
500904691,0,1,0,0,0,ramipril
500904710,1,0,0,0,0,rosuvastatin
500904712,0,1,0,0,0,losartan
500904725,0,1,0,0,0,lisinopril
500904736,1,0,0,0,0,simvastatin
500904738,1,0,0,0,0,rosuvastatin
500904743,0,1,0,0,0,fosinopril
500904772,1,0,0,0,0,simvastatin
500904780,0,0,1,0,0,pioglitazone
500904801,1,0,0,0,0,simvastatin
500904824,0,1,0,0,0,valsartan
500904837,0,1,0,0,0,valsartan
500904839,0,1,0,0,0,valsartan
500904872,0,1,0,0,0,valsartan
500904878,0,1,0,0,0,olmesartan
500904880,1,0,0,0,0,atorvastatin
500904883,0,1,0,0,0,valsartan
500904884,0,0,1,0,0,metformin
500904885,0,1,0,0,0,lisinopril
500904887,0,1,0,0,0,lisinopril
500904891,0,0,1,0,0,metformin
500904892,0,0,1,0,0,metformin
500904897,1,0,0,0,0,simvastatin
500904901,1,0,0,0,0,simvastatin
500904909,1,0,0,0,0,rosuvastatin
500904910,0,1,0,0,0,losartan
500904911,0,0,1,0,0,glipizide
500904913,1,0,0,0,0,atorvastatin
500904914,0,1,0,0,0,losartan
500904943,0,0,1,0,0,metformin
500904955,0,0,0,1,0,"insulin aspart, human"
500904956,0,0,0,1,0,"insulin aspart, human"
500904959,0,0,0,1,0,"insulin aspart, human"
500904964,1,0,0,0,0,atorvastatin
500904972,1,0,0,0,0,atorvastatin
500904973,0,0,1,0,0,metformin
500904991,0,1,0,0,0,lisinopril
500904993,0,1,0,0,0,losartan
500905019,1,0,0,0,0,simvastatin
500905029,0,0,1,0,0,canagliflozin
500905033,0,0,1,0,0,canagliflozin
500905034,0,0,1,0,0,canagliflozin
500905040,0,0,1,0,0,glipizide
500905051,1,0,0,0,0,atorvastatin
500905055,0,1,0,0,0,irbesartan
500905056,1,0,0,0,0,rosuvastatin
500905069,1,0,0,0,0,atorvastatin
500905110,1,0,0,0,0,rosuvastatin
500905113,0,1,0,0,0,losartan
500905116,1,0,0,0,0,rosuvastatin
500905122,0,1,0,0,0,lisinopril
500905137,0,1,0,0,0,benazepril
500905141,0,1,0,0,0,losartan
500905162,1,0,0,0,0,atorvastatin
500905165,0,1,0,0,0,quinapril
500905181,1,0,0,0,0,atorvastatin
500905182,1,0,0,0,0,atorvastatin
500905184,1,0,0,0,0,atorvastatin
500905185,1,0,0,0,0,atorvastatin
500905188,1,0,0,0,0,rosuvastatin
500905189,1,0,0,0,0,rosuvastatin
500905190,0,1,0,0,0,valsartan
500905191,0,1,0,0,0,valsartan
500905192,0,1,0,0,0,valsartan
500905207,1,0,0,0,0,atorvastatin
500905208,1,0,0,0,0,atorvastatin
500905246,0,0,1,0,0,metformin
500905292,0,1,0,0,0,enalapril
500905295,0,1,0,0,0,losartan
500905298,1,0,0,0,0,atorvastatin
500905337,0,1,0,0,0,losartan
500905338,0,1,0,0,0,losartan
500905345,0,1,0,0,0,valsartan
500905357,0,1,0,0,0,benazepril
500905377,0,0,1,0,0,glipizide
500905389,0,1,0,0,0,benazepril
500905391,0,0,0,1,0,insulin lispro
500905396,0,0,1,0,0,metformin
500905397,0,0,1,0,0,metformin
500905400,0,1,0,0,0,quinapril
500905402,0,1,0,0,0,olmesartan
500905404,0,1,0,0,0,benazepril
500905406,0,1,0,0,0,losartan
500905450,0,1,0,0,0,olmesartan
500905467,0,0,1,0,0,dulaglutide
500905468,1,0,0,0,0,rosuvastatin
500905475,0,1,0,0,0,losartan
500905480,0,1,0,0,0,losartan
500905481,0,1,0,0,0,losartan
500905487,0,1,0,0,0,quinapril
500905489,0,1,0,0,0,telmisartan
500905490,0,1,0,0,0,telmisartan
500905492,0,1,0,0,0,telmisartan
500905497,1,0,0,0,0,atorvastatin
500905517,0,0,1,0,0,sitagliptin
500905531,1,0,0,0,0,simvastatin
500905547,0,0,1,0,0,sitagliptin
500905570,0,1,0,0,0,valsartan
500905574,0,0,1,0,0,alogliptin
500905582,0,0,1,0,0,pioglitazone
500905585,0,0,1,0,0,sitagliptin
500905618,0,0,1,0,0,metformin / sitagliptin
500905626,0,1,0,0,0,losartan
500905632,1,0,0,0,0,atorvastatin
500905634,1,0,0,0,0,atorvastatin
500905636,1,0,0,0,0,atorvastatin
500905639,1,0,0,0,0,atorvastatin
500905673,0,1,0,0,0,ramipril
500905694,0,1,0,0,0,olmesartan
500905730,0,1,0,0,0,ramipril
500905745,1,0,0,0,0,rosuvastatin
500905750,0,1,0,0,0,benazepril
500905751,0,1,0,0,0,benazepril
500905770,1,0,0,0,0,rosuvastatin
500905776,0,0,1,0,0,glyburide
500905780,0,1,0,0,0,olmesartan
500905788,1,0,0,0,0,simvastatin
500905806,0,0,1,0,0,glipizide
500905809,1,0,0,0,0,pravastatin
500905824,0,0,1,0,0,semaglutide
500905909,0,1,0,0,0,olmesartan
500905915,1,0,0,0,0,atorvastatin
500905916,1,0,0,0,0,atorvastatin
500905921,1,0,0,0,0,atorvastatin
500905927,1,0,0,0,0,pravastatin
500905937,0,1,0,0,0,losartan
500905947,0,1,0,0,0,ramipril
500905949,0,0,1,0,0,semaglutide
500905960,0,1,0,0,0,losartan
500905962,0,1,0,0,0,losartan
500905964,0,1,0,0,0,captopril
500905970,1,0,0,0,0,rosuvastatin
500905976,0,1,0,0,0,enalapril
500905985,0,1,0,0,0,valsartan
500905993,0,0,1,0,0,alogliptin / metformin
500906027,0,1,0,0,0,olmesartan
500906034,0,1,0,0,0,lisinopril
500906044,0,1,0,0,0,losartan
500906051,0,0,1,0,0,semaglutide
500906054,1,0,0,0,0,atorvastatin
500906057,1,0,0,0,0,atorvastatin
500906061,1,0,0,0,0,atorvastatin
500906062,0,1,0,0,0,lisinopril
500906077,1,0,0,0,0,rosuvastatin
500906094,0,1,0,0,0,lisinopril
500906145,1,0,0,0,0,pravastatin
500906153,0,1,0,0,0,valsartan
500906178,0,0,0,1,0,insulin glargine
500906182,0,0,1,0,0,ertugliflozin
500906183,0,0,1,0,0,ertugliflozin
500906184,0,0,0,1,0,insulin glargine
500906185,0,1,0,0,0,benazepril
500906196,0,0,1,0,0,glyburide
500906204,0,1,0,0,0,lisinopril
500906210,0,1,0,0,0,valsartan
500906217,0,0,1,0,0,ertugliflozin / metformin
500906218,0,0,1,0,0,ertugliflozin / metformin
500906231,0,0,1,0,0,ertugliflozin / metformin
500906232,0,1,0,0,0,valsartan
500906236,1,0,0,0,0,simvastatin
500906302,1,0,0,0,0,rosuvastatin
500906303,0,1,0,0,0,lisinopril
500906306,1,0,0,0,0,simvastatin
500906322,0,0,1,0,0,glimepiride
500906333,1,0,0,0,0,atorvastatin
500906346,0,1,0,0,0,valsartan
500906347,0,1,0,0,0,valsartan
500906348,0,1,0,0,0,valsartan
500906384,0,0,1,0,0,pioglitazone
500906386,0,0,1,0,0,pioglitazone
500906389,1,0,0,0,0,simvastatin
500906391,0,0,0,1,0,insulin detemir
500906393,0,0,1,0,0,pioglitazone
500906394,0,0,1,0,0,glimepiride
501110372,0,0,1,0,0,chlorpropamide
501110373,0,0,1,0,0,chlorpropamide
501110761,1,0,0,0,0,pravastatin
501110762,1,0,0,0,0,pravastatin
501110764,1,0,0,0,0,pravastatin
502280105,0,0,1,0,0,metformin
502280106,0,0,1,0,0,metformin
502280107,0,0,1,0,0,metformin
502280116,1,0,0,0,0,rosuvastatin
502280117,1,0,0,0,0,rosuvastatin
502280118,1,0,0,0,0,rosuvastatin
502280119,1,0,0,0,0,rosuvastatin
502280132,0,1,0,0,0,valsartan
502280133,0,1,0,0,0,valsartan
502280134,0,1,0,0,0,valsartan
502280135,0,1,0,0,0,valsartan
502280152,1,0,0,0,0,atorvastatin
502280153,1,0,0,0,0,atorvastatin
502280154,1,0,0,0,0,atorvastatin
502280155,1,0,0,0,0,atorvastatin
502280160,0,1,0,0,0,irbesartan
502280161,0,1,0,0,0,irbesartan
502280162,0,1,0,0,0,irbesartan
502280339,0,1,0,0,0,olmesartan
502280340,0,1,0,0,0,olmesartan
502280341,0,1,0,0,0,olmesartan
502280365,0,1,0,0,0,olmesartan
502280366,0,1,0,0,0,olmesartan
502280367,0,1,0,0,0,olmesartan
502280368,0,1,0,0,0,olmesartan
502280445,0,0,1,0,0,metformin
502280446,0,0,1,0,0,metformin
502280451,1,0,0,0,0,atorvastatin
502280452,1,0,0,0,0,atorvastatin
502280453,1,0,0,0,0,atorvastatin
502280454,1,0,0,0,0,atorvastatin
502280503,0,0,1,0,0,metformin
502280504,0,0,1,0,0,metformin
502680093,1,0,0,0,0,atorvastatin
502680094,1,0,0,0,0,atorvastatin
502680095,1,0,0,0,0,atorvastatin
502680096,1,0,0,0,0,atorvastatin
502680109,0,1,0,0,0,benazepril
502680110,0,1,0,0,0,benazepril
502680111,0,1,0,0,0,benazepril
502680112,0,1,0,0,0,benazepril
502680327,0,1,0,0,0,fosinopril
502680328,0,1,0,0,0,fosinopril
502680329,0,1,0,0,0,fosinopril
502680355,0,0,1,0,0,glyburide / metformin
502680356,0,0,1,0,0,glyburide / metformin
502680357,0,0,1,0,0,glyburide / metformin
502680358,0,0,1,0,0,glimepiride
502680359,0,0,1,0,0,glimepiride
502680360,0,0,1,0,0,glimepiride
502680361,0,0,1,0,0,glipizide
502680362,0,0,1,0,0,glipizide
502680440,0,1,0,0,0,irbesartan
502680441,0,1,0,0,0,irbesartan
502680442,0,1,0,0,0,irbesartan
502680479,0,1,0,0,0,lisinopril
502680480,0,1,0,0,0,lisinopril
502680481,0,1,0,0,0,lisinopril
502680504,0,1,0,0,0,losartan
502680505,0,1,0,0,0,losartan
502680506,0,1,0,0,0,losartan
502680510,1,0,0,0,0,lovastatin
502680511,1,0,0,0,0,lovastatin
502680512,1,0,0,0,0,lovastatin
502680513,0,1,0,0,0,losartan
502680514,0,1,0,0,0,losartan
502680515,0,1,0,0,0,losartan
502680516,0,1,0,0,0,losartan
502680517,0,1,0,0,0,losartan
502680518,0,1,0,0,0,losartan
502680531,0,0,1,0,0,metformin
502680532,0,0,1,0,0,metformin
502680550,0,0,1,0,0,metformin
502680551,0,0,1,0,0,metformin
502680665,1,0,0,0,0,pravastatin
502680666,1,0,0,0,0,pravastatin
502680667,1,0,0,0,0,pravastatin
502680668,1,0,0,0,0,pravastatin
502680672,1,0,0,0,0,pravastatin
502680673,1,0,0,0,0,pravastatin
502680688,0,1,0,0,0,quinapril
502680689,0,1,0,0,0,quinapril
502680690,0,1,0,0,0,quinapril
502680691,0,1,0,0,0,quinapril
502680709,1,0,0,0,0,rosuvastatin
502680710,1,0,0,0,0,rosuvastatin
502680711,1,0,0,0,0,rosuvastatin
502680712,1,0,0,0,0,simvastatin
502680713,1,0,0,0,0,simvastatin
502680714,1,0,0,0,0,simvastatin
502680715,1,0,0,0,0,simvastatin
502680716,1,0,0,0,0,simvastatin
502680783,0,1,0,0,0,valsartan
502680784,0,1,0,0,0,valsartan
502680785,0,1,0,0,0,valsartan
502680786,0,1,0,0,0,valsartan
502680790,0,1,0,0,0,valsartan
502680791,0,1,0,0,0,valsartan
502680792,0,1,0,0,0,valsartan
502680793,0,1,0,0,0,valsartan
502680794,0,1,0,0,0,valsartan
504360024,0,0,1,0,0,glyburide / metformin
504360120,1,0,0,0,0,simvastatin
504360121,1,0,0,0,0,simvastatin
504360122,1,0,0,0,0,simvastatin
504360124,1,0,0,0,0,simvastatin
504360125,1,0,0,0,0,simvastatin
504360141,0,0,1,0,0,glipizide
504360248,0,0,1,0,0,metformin
504360274,0,1,0,0,0,fosinopril
504360337,0,1,0,0,0,benazepril
504360352,0,1,0,0,0,lisinopril
504360353,0,1,0,0,0,lisinopril
504360354,0,1,0,0,0,lisinopril
504360376,0,1,0,0,0,lisinopril
504360700,0,0,1,0,0,metformin
504360872,0,0,1,0,0,glyburide / metformin
504360873,0,0,1,0,0,glyburide / metformin
504360874,0,0,1,0,0,glipizide / metformin
504360908,0,0,1,0,0,glipizide
504360934,0,1,0,0,0,enalapril
504362000,0,1,0,0,0,lisinopril
504362168,0,1,0,0,0,valsartan
504363000,0,1,0,0,0,lisinopril
504363138,0,1,0,0,0,fosinopril
504363140,0,1,0,0,0,benazepril
504363145,0,1,0,0,0,benazepril
504363146,0,1,0,0,0,benazepril
504363800,1,0,0,0,0,pravastatin
504364000,0,1,0,0,0,lisinopril
504364352,0,1,0,0,0,enalapril
504364353,0,1,0,0,0,enalapril
504364652,0,1,0,0,0,irbesartan
504364653,0,1,0,0,0,enalapril
504365000,0,1,0,0,0,lisinopril
504366103,0,1,0,0,0,captopril
504366104,0,1,0,0,0,captopril
504366106,0,1,0,0,0,captopril
504366302,0,0,1,0,0,glipizide
504366400,1,0,0,0,0,lovastatin
504366408,0,0,1,0,0,glyburide
504366409,0,0,1,0,0,glyburide
504366462,0,0,1,0,0,glipizide
504366463,0,0,1,0,0,glipizide
504366500,1,0,0,0,0,lovastatin
504366601,1,0,0,0,0,lovastatin
504366617,1,0,0,0,0,pravastatin
504366664,0,1,0,0,0,losartan
504366665,0,1,0,0,0,losartan
504366666,0,1,0,0,0,losartan
504366667,0,1,0,0,0,losartan
504366668,0,1,0,0,0,losartan
504366669,0,1,0,0,0,losartan
504366858,0,1,0,0,0,enalapril
504366859,0,1,0,0,0,enalapril
504367000,0,1,0,0,0,lisinopril
504367073,0,0,1,0,0,glimepiride
504367074,0,0,1,0,0,glimepiride
504367075,0,0,1,0,0,glimepiride
504367988,0,1,0,0,0,lisinopril
504368000,0,1,0,0,0,lisinopril
504368700,0,1,0,0,0,lisinopril
504368900,0,1,0,0,0,lisinopril
504369054,0,0,1,0,0,metformin
504369055,0,0,1,0,0,metformin
504369056,0,0,1,0,0,metformin
504369971,0,1,0,0,0,ramipril
504369981,0,1,0,0,0,ramipril
504369983,1,0,0,0,0,atorvastatin
504369987,1,0,0,0,0,atorvastatin
504369988,1,0,0,0,0,atorvastatin
504369989,1,0,0,0,0,atorvastatin
504580140,0,0,1,0,0,canagliflozin
504580141,0,0,1,0,0,canagliflozin
504580540,0,0,1,0,0,canagliflozin / metformin
504580541,0,0,1,0,0,canagliflozin / metformin
504580542,0,0,1,0,0,canagliflozin / metformin
504580543,0,0,1,0,0,canagliflozin / metformin
504580940,0,0,1,0,0,canagliflozin / metformin
504580941,0,0,1,0,0,canagliflozin / metformin
504580942,0,0,1,0,0,canagliflozin / metformin
504580943,0,0,1,0,0,canagliflozin / metformin
507420137,1,0,0,0,0,simvastatin
507420138,1,0,0,0,0,simvastatin
507420139,1,0,0,0,0,simvastatin
507420140,1,0,0,0,0,simvastatin
507420154,0,0,1,0,0,metformin
507420155,0,0,1,0,0,metformin
507420156,0,0,1,0,0,metformin
507420633,0,0,1,0,0,metformin
507420634,0,0,1,0,0,metformin
510790062,0,0,1,0,0,repaglinide
510790145,0,1,0,0,0,benazepril
510790146,0,1,0,0,0,benazepril
510790172,0,0,1,0,0,metformin
510790173,0,0,1,0,0,metformin
510790174,0,0,1,0,0,metformin
510790192,0,1,0,0,0,valsartan
510790193,0,1,0,0,0,valsartan
510790194,0,1,0,0,0,valsartan
510790208,1,0,0,0,0,atorvastatin
510790209,1,0,0,0,0,atorvastatin
510790210,1,0,0,0,0,atorvastatin
510790211,1,0,0,0,0,atorvastatin
510790256,0,1,0,0,0,lisinopril
510790261,0,1,0,0,0,lisinopril
510790393,1,0,0,0,0,simvastatin
510790398,1,0,0,0,0,simvastatin
510790409,1,0,0,0,0,atorvastatin
510790410,1,0,0,0,0,atorvastatin
510790411,1,0,0,0,0,atorvastatin
510790412,1,0,0,0,0,atorvastatin
510790425,0,0,1,0,0,glimepiride
510790426,0,0,1,0,0,glimepiride
510790454,1,0,0,0,0,simvastatin
510790455,1,0,0,0,0,simvastatin
510790456,1,0,0,0,0,simvastatin
510790458,1,0,0,0,0,pravastatin
510790513,0,0,1,0,0,pioglitazone
510790514,0,0,1,0,0,pioglitazone
510790515,0,0,1,0,0,pioglitazone
510790539,0,0,1,0,0,repaglinide
510790555,0,0,1,0,0,repaglinide
510790686,1,0,0,0,0,simvastatin
510790697,0,1,0,0,0,lisinopril
510790698,0,1,0,0,0,lisinopril
510790699,0,1,0,0,0,lisinopril
510790750,0,1,0,0,0,losartan
510790751,0,1,0,0,0,losartan
510790752,0,1,0,0,0,losartan
510790757,0,1,0,0,0,losartan
510790782,1,0,0,0,0,pravastatin
510790810,0,0,1,0,0,glipizide
510790811,0,0,1,0,0,glipizide
510790863,0,1,0,0,0,captopril
510790864,0,1,0,0,0,captopril
510790872,0,0,1,0,0,glyburide
510790873,0,0,1,0,0,glyburide
510790950,0,1,0,0,0,enalapril
510790951,0,1,0,0,0,enalapril
510790952,0,1,0,0,0,enalapril
510790953,0,1,0,0,0,enalapril
510790972,0,0,1,0,0,metformin
510790973,0,0,1,0,0,metformin
510790974,1,0,0,0,0,lovastatin
510790975,1,0,0,0,0,lovastatin
510790976,1,0,0,0,0,lovastatin
510790981,0,1,0,0,0,lisinopril
510790982,0,1,0,0,0,lisinopril
510790983,0,1,0,0,0,lisinopril
510790984,0,1,0,0,0,lisinopril
510790995,0,0,1,0,0,metformin
511380013,0,1,0,0,0,captopril
511380014,0,1,0,0,0,captopril
511380015,0,1,0,0,0,captopril
511380016,0,1,0,0,0,captopril
511380033,0,1,0,0,0,enalapril
511380034,0,1,0,0,0,enalapril
511380035,0,1,0,0,0,enalapril
511380036,0,1,0,0,0,enalapril
511380063,0,1,0,0,0,lisinopril
511380064,0,1,0,0,0,lisinopril
511380065,0,1,0,0,0,lisinopril
511380066,0,1,0,0,0,lisinopril
511380067,0,1,0,0,0,lisinopril
511380068,0,1,0,0,0,lisinopril
511380074,0,0,1,0,0,metformin
511380075,0,0,1,0,0,metformin
511380076,0,0,1,0,0,metformin
511380083,0,0,1,0,0,metformin
511380084,0,0,1,0,0,metformin
511380085,0,0,1,0,0,metformin
511380110,1,0,0,0,0,simvastatin
511380111,1,0,0,0,0,simvastatin
511380112,1,0,0,0,0,simvastatin
511380113,1,0,0,0,0,simvastatin
511380114,1,0,0,0,0,simvastatin
511380134,0,1,0,0,0,lisinopril
511380135,0,1,0,0,0,lisinopril
511380136,0,1,0,0,0,lisinopril
511380137,0,1,0,0,0,lisinopril
511380138,0,1,0,0,0,lisinopril
511380139,0,1,0,0,0,lisinopril
511380211,0,1,0,0,0,olmesartan
511380212,0,1,0,0,0,olmesartan
511380213,0,1,0,0,0,olmesartan
511380214,0,0,1,0,0,pioglitazone
511380215,0,0,1,0,0,pioglitazone
511380216,0,0,1,0,0,pioglitazone
511380217,0,1,0,0,0,irbesartan
511380218,0,1,0,0,0,irbesartan
511380219,0,1,0,0,0,irbesartan
511380220,1,0,0,0,0,atorvastatin
511380221,1,0,0,0,0,atorvastatin
511380222,1,0,0,0,0,atorvastatin
511380223,1,0,0,0,0,atorvastatin
511380224,0,1,0,0,0,olmesartan
511380225,0,1,0,0,0,olmesartan
511380226,0,1,0,0,0,olmesartan
511380227,1,0,0,0,0,pravastatin
511380228,1,0,0,0,0,pravastatin
511380229,1,0,0,0,0,pravastatin
511380230,1,0,0,0,0,pravastatin
511380231,0,1,0,0,0,irbesartan
511380232,0,1,0,0,0,irbesartan
511380243,1,0,0,0,0,pravastatin
511380245,1,0,0,0,0,pravastatin
511380247,1,0,0,0,0,lovastatin
511380248,1,0,0,0,0,lovastatin
511380249,1,0,0,0,0,lovastatin
511380251,0,0,1,0,0,glipizide
511380252,0,0,1,0,0,glipizide
511380257,1,0,0,0,0,rosuvastatin
511380258,1,0,0,0,0,rosuvastatin
511380259,1,0,0,0,0,rosuvastatin
511380260,1,0,0,0,0,simvastatin
511380261,1,0,0,0,0,simvastatin
511380262,1,0,0,0,0,simvastatin
511380263,1,0,0,0,0,simvastatin
511380264,1,0,0,0,0,simvastatin
511380266,0,0,1,0,0,glipizide
511380268,0,0,1,0,0,glipizide
511380269,0,0,1,0,0,glipizide
511380270,0,0,1,0,0,glipizide
511380271,0,0,1,0,0,glipizide
511380274,1,0,0,0,0,lovastatin
511380275,1,0,0,0,0,lovastatin
511380306,0,1,0,0,0,valsartan
511380307,0,1,0,0,0,valsartan
511380308,0,1,0,0,0,valsartan
511380309,0,1,0,0,0,valsartan
511380310,0,1,0,0,0,valsartan
511380327,0,1,0,0,0,enalapril
511380333,0,1,0,0,0,enalapril
511380334,0,1,0,0,0,enalapril
511380335,0,1,0,0,0,enalapril
511380336,0,1,0,0,0,enalapril
511380337,0,0,1,0,0,glimepiride
511380338,0,0,1,0,0,glimepiride
511380339,0,0,1,0,0,glimepiride
511380357,0,1,0,0,0,quinapril
511380358,0,1,0,0,0,quinapril
511380359,0,1,0,0,0,quinapril
511380363,1,0,0,0,0,simvastatin
511380364,1,0,0,0,0,simvastatin
511380365,1,0,0,0,0,simvastatin
511380366,1,0,0,0,0,simvastatin
511380367,0,0,1,0,0,glyburide
511380368,0,0,1,0,0,glyburide
511380369,0,0,1,0,0,glyburide
511380370,0,0,1,0,0,glyburide
511380371,0,0,1,0,0,glyburide
511380372,0,0,1,0,0,glyburide
511380379,0,1,0,0,0,benazepril
511380380,0,1,0,0,0,benazepril
511380381,0,1,0,0,0,benazepril
511380382,0,1,0,0,0,benazepril
511380392,0,1,0,0,0,benazepril
511380393,0,1,0,0,0,benazepril
511380394,0,1,0,0,0,benazepril
511380395,0,1,0,0,0,benazepril
511380396,0,1,0,0,0,benazepril
511380397,0,1,0,0,0,benazepril
511380398,0,1,0,0,0,benazepril
511380399,0,1,0,0,0,benazepril
511380418,0,1,0,0,0,benazepril
511380419,0,1,0,0,0,benazepril
511380420,0,1,0,0,0,benazepril
511380422,0,1,0,0,0,benazepril
511380424,0,1,0,0,0,ramipril
511380425,0,1,0,0,0,ramipril
511380426,0,1,0,0,0,ramipril
511380427,0,1,0,0,0,ramipril
511380432,0,1,0,0,0,benazepril
511380433,0,1,0,0,0,benazepril
511380434,0,1,0,0,0,benazepril
511380435,0,1,0,0,0,benazepril
511380443,0,1,0,0,0,enalapril
511380444,0,1,0,0,0,enalapril
511380470,0,0,1,0,0,glyburide / metformin
511380471,0,0,1,0,0,glyburide / metformin
511380472,0,0,1,0,0,glyburide / metformin
511380473,0,0,1,0,0,glyburide / metformin
511380474,0,0,1,0,0,glyburide / metformin
511380475,0,0,1,0,0,glyburide / metformin
511380476,0,1,0,0,0,losartan
511380477,0,1,0,0,0,losartan
511380478,0,1,0,0,0,losartan
511380479,0,0,1,0,0,sitagliptin
511380480,0,0,1,0,0,sitagliptin
511380481,0,0,1,0,0,sitagliptin
511380493,0,1,0,0,0,candesartan
511380494,0,1,0,0,0,candesartan
511380505,0,1,0,0,0,captopril
511380506,0,1,0,0,0,captopril
511380507,0,1,0,0,0,captopril
511380508,0,1,0,0,0,captopril
511380515,0,1,0,0,0,losartan
511380516,0,1,0,0,0,losartan
511380517,0,1,0,0,0,losartan
511380520,0,1,0,0,0,fosinopril
511380521,0,1,0,0,0,fosinopril
511380522,0,1,0,0,0,fosinopril
511380523,0,1,0,0,0,fosinopril
511380524,0,1,0,0,0,fosinopril
511380525,0,1,0,0,0,fosinopril
511380526,0,0,1,0,0,metformin / sitagliptin
511380527,0,0,1,0,0,metformin / sitagliptin
511380532,0,1,0,0,0,benazepril
511380533,0,1,0,0,0,benazepril
511380535,0,1,0,0,0,benazepril
511380536,0,1,0,0,0,benazepril
511380537,0,0,1,0,0,metformin
511380538,0,0,1,0,0,metformin
511380539,0,0,1,0,0,metformin
511380540,0,0,1,0,0,metformin
511380551,0,1,0,0,0,lisinopril
511380552,0,1,0,0,0,lisinopril
511380553,0,1,0,0,0,lisinopril
511380554,0,1,0,0,0,lisinopril
511380555,0,1,0,0,0,lisinopril
511380556,0,1,0,0,0,lisinopril
511380573,0,1,0,0,0,trandolapril
511380574,0,1,0,0,0,trandolapril
511380575,0,1,0,0,0,trandolapril
512240007,0,0,1,0,0,metformin
512240020,0,0,1,0,0,metformin
512240107,0,0,1,0,0,metformin
512240120,0,0,1,0,0,metformin
512240220,0,0,1,0,0,metformin
514070058,0,0,1,0,0,metformin
514070059,0,0,1,0,0,metformin
514070078,1,0,0,0,0,atorvastatin
514070079,1,0,0,0,0,atorvastatin
514070080,1,0,0,0,0,atorvastatin
514070081,1,0,0,0,0,atorvastatin
514070153,1,0,0,0,0,rosuvastatin
514070154,1,0,0,0,0,rosuvastatin
514070155,1,0,0,0,0,rosuvastatin
514070156,1,0,0,0,0,rosuvastatin
514070190,1,0,0,0,0,simvastatin
514070191,1,0,0,0,0,simvastatin
514070192,1,0,0,0,0,simvastatin
514070193,1,0,0,0,0,simvastatin
514070197,0,1,0,0,0,olmesartan
514070198,0,1,0,0,0,olmesartan
514070199,0,1,0,0,0,olmesartan
514070251,1,0,0,0,0,lovastatin
514070252,1,0,0,0,0,lovastatin
514070253,1,0,0,0,0,lovastatin
514070462,0,1,0,0,0,benazepril
514070463,0,1,0,0,0,benazepril
514070464,0,1,0,0,0,benazepril
514070465,0,1,0,0,0,benazepril
514070600,0,1,0,0,0,captopril
514070601,0,1,0,0,0,captopril
514070602,0,1,0,0,0,captopril
514070603,0,1,0,0,0,captopril
514070620,0,0,1,0,0,glipizide
514070621,0,0,1,0,0,glipizide
514070656,0,0,1,0,0,nateglinide
514070657,0,0,1,0,0,nateglinide
514070668,0,1,0,0,0,valsartan
514070669,0,1,0,0,0,valsartan
514070670,0,1,0,0,0,valsartan
514070671,0,1,0,0,0,valsartan
514070672,0,1,0,0,0,valsartan
516550006,0,1,0,0,0,enalapril
516550013,1,0,0,0,0,lovastatin
516550045,0,0,1,0,0,metformin
516550058,0,1,0,0,0,enalapril
516550062,1,0,0,0,0,rosuvastatin
516550065,0,1,0,0,0,benazepril
516550066,0,1,0,0,0,benazepril
516550067,0,1,0,0,0,benazepril
516550070,1,0,0,0,0,pravastatin
516550071,1,0,0,0,0,pravastatin
516550072,1,0,0,0,0,pravastatin
516550073,1,0,0,0,0,pravastatin
516550103,0,0,1,0,0,glimepiride
516550105,0,0,1,0,0,glipizide
516550106,0,0,1,0,0,glipizide
516550110,0,1,0,0,0,enalapril
516550113,1,0,0,0,0,simvastatin
516550117,0,1,0,0,0,ramipril
516550120,0,0,1,0,0,glimepiride
516550144,0,1,0,0,0,ramipril
516550146,0,1,0,0,0,lisinopril
516550180,0,0,1,0,0,glipizide
516550207,0,1,0,0,0,enalapril
516550213,0,1,0,0,0,benazepril
516550232,0,1,0,0,0,lisinopril
516550235,1,1,0,0,0,lisinopril / rosuvastatin
516550243,0,1,0,0,0,valsartan
516550244,0,1,0,0,0,valsartan
516550258,0,1,0,0,0,losartan
516550273,0,1,0,0,0,lisinopril
516550279,0,1,0,0,0,enalapril
516550292,0,1,0,0,0,lisinopril
516550296,0,1,0,0,0,ramipril
516550301,0,1,0,0,0,ramipril
516550311,0,1,0,0,0,lisinopril
516550335,0,1,0,0,0,lisinopril
516550337,0,0,1,0,0,glipizide
516550341,0,1,0,0,0,enalapril
516550346,0,1,0,0,0,ramipril
516550347,0,1,0,0,0,ramipril
516550361,0,0,1,0,0,glipizide
516550368,0,0,1,0,0,metformin
516550381,0,0,1,0,0,glimepiride
516550383,0,0,1,0,0,glimepiride
516550399,0,1,0,0,0,lisinopril
516550401,0,1,0,0,0,lisinopril
516550402,0,1,0,0,0,lisinopril
516550408,0,1,0,0,0,lisinopril
516550411,0,1,0,0,0,lisinopril
516550412,0,1,0,0,0,lisinopril
516550413,0,1,0,0,0,lisinopril
516550414,0,1,0,0,0,lisinopril
516550418,0,1,0,0,0,losartan
516550464,1,0,0,0,0,atorvastatin
516550489,0,0,1,0,0,glimepiride
516550549,0,0,1,0,0,metformin
516550550,0,0,1,0,0,metformin
516550551,0,0,1,0,0,metformin
516550558,1,0,0,0,0,lovastatin
516550560,0,0,1,0,0,metformin
516550561,0,0,1,0,0,metformin
516550562,0,0,1,0,0,metformin
516550563,0,0,1,0,0,metformin
516550565,0,0,1,0,0,glimepiride
516550598,1,0,0,0,0,simvastatin
516550610,1,0,0,0,0,atorvastatin
516550613,1,0,0,0,0,atorvastatin
516550614,1,0,0,0,0,atorvastatin
516550640,1,0,0,0,0,atorvastatin
516550643,1,0,0,0,0,simvastatin
516550649,0,0,1,0,0,metformin
516550650,1,0,0,0,0,atorvastatin
516550651,1,1,0,0,0,atorvastatin / valsartan
516550652,0,1,0,0,0,valsartan
516550655,0,1,0,0,0,valsartan
516550659,0,0,1,0,0,glyburide
516550686,1,0,0,0,0,lovastatin
516550695,0,1,0,0,0,valsartan
516550698,0,1,0,0,0,valsartan
516550708,1,0,0,0,0,pravastatin
516550729,0,1,0,0,0,lisinopril
516550737,0,1,0,0,0,quinapril
516550751,0,1,0,0,0,valsartan
516550756,1,0,0,0,0,rosuvastatin
516550791,0,1,0,0,0,losartan
516550795,0,1,0,0,0,losartan
516550810,0,0,1,0,0,glipizide
516550828,0,1,0,0,0,losartan
516550834,0,1,0,0,0,valsartan
516550880,1,0,0,0,0,atorvastatin
516550918,0,1,0,0,0,losartan
516550920,1,0,0,0,0,atorvastatin
516550921,1,0,0,0,0,atorvastatin
516550942,0,0,1,0,0,glyburide / metformin
516550946,1,0,0,0,0,atorvastatin
516550950,0,1,0,0,0,valsartan
516550951,0,1,0,0,0,valsartan
516550953,0,1,0,0,0,valsartan
516550976,1,0,0,0,0,pravastatin
516550982,0,0,1,0,0,glipizide
516550983,0,0,1,0,0,glipizide
516550987,1,0,0,0,0,rosuvastatin
516550994,0,1,0,0,0,lisinopril
516550995,0,1,0,0,0,lisinopril
516550996,1,0,0,0,0,rosuvastatin
516600140,0,1,0,0,0,valsartan
516600141,0,1,0,0,0,valsartan
516600142,0,1,0,0,0,valsartan
516600143,0,1,0,0,0,valsartan
516724037,0,1,0,0,0,enalapril
516724038,0,1,0,0,0,enalapril
516724039,0,1,0,0,0,enalapril
516724040,0,1,0,0,0,enalapril
516724045,0,1,0,0,0,enalapril
516724046,0,1,0,0,0,enalapril
518750955,0,1,0,0,0,captopril
519910708,0,0,1,0,0,pioglitazone
519910709,0,0,1,0,0,pioglitazone
519910710,0,0,1,0,0,pioglitazone
519910805,0,0,1,0,0,metformin
519910806,0,0,1,0,0,metformin
519910807,0,0,1,0,0,metformin
519910853,0,0,1,0,0,repaglinide
519910854,0,0,1,0,0,repaglinide
519910855,0,0,1,0,0,repaglinide
521250033,1,0,0,0,0,rosuvastatin
521250052,0,0,1,0,0,metformin
521250063,0,1,0,0,0,lisinopril
521250092,0,1,0,0,0,enalapril
521250094,0,0,1,0,0,metformin
521250105,0,0,1,0,0,glipizide
521250124,0,1,0,0,0,enalapril
521250127,0,0,1,0,0,pioglitazone
521250129,0,1,0,0,0,losartan
521250158,0,1,0,0,0,lisinopril
521250164,0,1,0,0,0,enalapril
521250165,0,1,0,0,0,lisinopril
521250178,0,1,0,0,0,losartan
521250199,0,0,1,0,0,glipizide
521250207,0,0,1,0,0,metformin
521250213,0,1,0,0,0,lisinopril
521250215,0,0,1,0,0,glipizide
521250269,0,1,0,0,0,lisinopril
521250279,0,0,1,0,0,metformin
521250291,0,1,0,0,0,lisinopril
521250305,0,1,0,0,0,lisinopril
521250321,0,1,0,0,0,lisinopril
521250336,0,1,0,0,0,enalapril
521250341,0,0,1,0,0,metformin
521250348,0,1,0,0,0,losartan
521250351,1,0,0,0,0,simvastatin
521250354,0,0,1,0,0,metformin
521250379,0,1,0,0,0,lisinopril
521250388,0,0,1,0,0,glimepiride
521250389,0,0,1,0,0,glimepiride
521250392,0,0,1,0,0,glyburide / metformin
521250393,0,0,1,0,0,glyburide / metformin
521250399,0,1,0,0,0,losartan
521250400,0,0,1,0,0,metformin
521250404,0,1,0,0,0,lisinopril
521250405,1,0,0,0,0,lovastatin
521250406,0,1,0,0,0,lisinopril
521250407,0,1,0,0,0,losartan
521250414,0,0,0,1,0,"insulin isophane, human / insulin, regular, human"
521250415,0,0,0,1,0,"insulin isophane, human / insulin, regular, human"
521250416,0,0,0,1,0,insulin glargine
521250423,1,0,0,0,0,atorvastatin
521250426,0,1,0,0,0,enalapril
521250428,0,1,0,0,0,losartan
521250429,0,1,0,0,0,lisinopril
521250437,1,0,0,0,0,atorvastatin
521250439,1,0,0,0,0,atorvastatin
521250443,0,1,0,0,0,lisinopril
521250452,0,1,0,0,0,losartan
521250473,0,1,0,0,0,losartan
521250479,0,0,1,0,0,glipizide
521250480,0,1,0,0,0,lisinopril
521250481,0,0,1,0,0,glipizide
521250485,0,1,0,0,0,losartan
521250486,0,0,1,0,0,metformin / sitagliptin
521250493,0,0,1,0,0,metformin / sitagliptin
521250499,0,1,0,0,0,lisinopril
521250510,1,0,0,0,0,simvastatin
521250511,1,0,0,0,0,atorvastatin
521250524,0,1,0,0,0,enalapril
521250541,0,0,1,0,0,metformin
521250548,1,0,0,0,0,pravastatin
521250549,1,0,0,0,0,pravastatin
521250567,0,1,0,0,0,losartan
521250573,0,0,1,0,0,glipizide
521250583,0,0,1,0,0,glyburide
521250590,0,1,0,0,0,lisinopril
521250593,0,1,0,0,0,lisinopril
521250607,0,0,1,0,0,metformin
521250634,0,1,0,0,0,lisinopril
521250644,1,0,0,0,0,pravastatin
521250646,0,0,1,0,0,glyburide
521250653,1,0,0,0,0,pravastatin
521250679,1,0,0,0,0,atorvastatin
521250696,0,0,1,0,0,metformin
521250718,1,0,0,0,0,lovastatin
521250724,0,1,0,0,0,olmesartan
521250728,0,0,1,0,0,glipizide
521250737,1,0,0,0,0,atorvastatin
521250760,1,0,0,0,0,pravastatin
521250761,0,0,1,0,0,glipizide / metformin
521250762,0,1,0,0,0,valsartan
521250763,0,1,0,0,0,valsartan
521250764,0,0,1,0,0,glipizide
521250765,0,0,1,0,0,glipizide / metformin
521250766,0,0,1,0,0,glipizide / metformin
521250767,0,0,1,0,0,glimepiride
521250768,0,1,0,0,0,benazepril
521250769,0,1,0,0,0,benazepril
521250770,0,1,0,0,0,enalapril
521250772,0,1,0,0,0,benazepril
521250820,0,1,0,0,0,captopril
521250841,1,0,0,0,0,lovastatin
521250853,0,1,0,0,0,valsartan
521250861,0,0,1,0,0,sitagliptin
521250890,0,1,0,0,0,losartan
521250895,0,1,0,0,0,lisinopril
521250897,0,1,0,0,0,losartan
521250918,0,1,0,0,0,valsartan
521250959,0,1,0,0,0,enalapril
521250971,0,0,1,0,0,glipizide
521250972,0,0,1,0,0,glipizide
523430021,1,0,0,0,0,simvastatin
523430022,1,0,0,0,0,simvastatin
523430023,1,0,0,0,0,simvastatin
523430024,1,0,0,0,0,simvastatin
523430025,1,0,0,0,0,simvastatin
523430053,0,0,1,0,0,pioglitazone
523430054,0,0,1,0,0,pioglitazone
523430055,0,0,1,0,0,pioglitazone
523430116,0,1,0,0,0,losartan
523430117,0,1,0,0,0,losartan
523430118,0,1,0,0,0,losartan
523430122,0,1,0,0,0,valsartan
523430123,0,1,0,0,0,valsartan
523430124,0,1,0,0,0,valsartan
523430125,0,1,0,0,0,valsartan
523430151,1,0,0,0,0,rosuvastatin
523430152,1,0,0,0,0,rosuvastatin
523430153,1,0,0,0,0,rosuvastatin
523430154,1,0,0,0,0,rosuvastatin
524270435,0,1,0,0,0,lisinopril
524270436,0,1,0,0,0,lisinopril
524270437,0,1,0,0,0,lisinopril
524270438,0,1,0,0,0,lisinopril
524270439,0,1,0,0,0,lisinopril
524270440,0,1,0,0,0,lisinopril
524270441,0,1,0,0,0,lisinopril
524270442,0,1,0,0,0,lisinopril
524270443,0,1,0,0,0,lisinopril
525360063,0,0,1,0,0,nateglinide
525360067,0,0,1,0,0,nateglinide
526521001,0,1,0,0,0,enalapril
526523001,0,1,0,0,0,lisinopril
526524001,0,1,0,0,0,enalapril
528170120,0,0,1,0,0,glyburide
528170121,0,0,1,0,0,glyburide
528170122,0,0,1,0,0,glyburide
528170820,0,0,1,0,0,metformin
528170821,0,0,1,0,0,metformin
528170822,0,0,1,0,0,metformin
529590046,1,0,0,0,0,atorvastatin
529590112,1,0,0,0,0,simvastatin
529590137,0,1,0,0,0,lisinopril
529590180,0,1,0,0,0,enalapril
529590205,0,1,0,0,0,lisinopril
529590207,0,0,1,0,0,metformin
529590449,0,0,1,0,0,glyburide
529590498,0,1,0,0,0,lisinopril
529590595,0,1,0,0,0,benazepril
529590598,0,0,1,0,0,glyburide
529590629,1,0,0,0,0,rosuvastatin
529590720,1,0,0,0,0,lovastatin
529590728,0,1,0,0,0,lisinopril
529590729,0,1,0,0,0,lisinopril
529590753,0,1,0,0,0,lisinopril
529590756,0,1,0,0,0,valsartan
529590759,1,0,0,0,0,atorvastatin
529590760,1,0,0,0,0,atorvastatin
529590822,0,0,1,0,0,glipizide
529590823,0,0,1,0,0,glipizide
529590831,0,1,0,0,0,benazepril
529590835,0,1,0,0,0,benazepril
529590841,0,1,0,0,0,benazepril
529590854,0,1,0,0,0,lisinopril
529590860,0,0,1,0,0,metformin
529590888,0,0,1,0,0,glimepiride
529590896,0,0,1,0,0,metformin
529590907,0,1,0,0,0,benazepril
529590936,0,0,1,0,0,glimepiride
529590942,0,1,0,0,0,enalapril
529590944,1,0,0,0,0,simvastatin
529590973,0,1,0,0,0,lisinopril
529590974,1,0,0,0,0,lovastatin
529590975,0,1,0,0,0,lisinopril
529590988,1,0,0,0,0,simvastatin
529590989,1,0,0,0,0,simvastatin
529590990,1,0,0,0,0,pravastatin
529590997,0,1,0,0,0,lisinopril
530020431,0,1,0,0,0,captopril
530020446,0,0,1,0,0,glipizide
530020570,1,0,0,0,0,lovastatin
530021086,0,1,0,0,0,captopril
530021111,0,0,1,0,0,glipizide
530021123,0,1,0,0,0,lisinopril
530021177,1,0,0,0,0,lovastatin
530021178,0,1,0,0,0,lisinopril
530021225,0,1,0,0,0,lisinopril
530021233,0,1,0,0,0,benazepril
530021248,0,1,0,0,0,benazepril
530021251,0,0,1,0,0,metformin
530021308,0,1,0,0,0,lisinopril
530021335,1,0,0,0,0,atorvastatin
530021385,1,0,0,0,0,lovastatin
530021422,0,0,1,0,0,metformin
530021439,1,0,0,0,0,atorvastatin
530021440,1,0,0,0,0,atorvastatin
530021445,0,0,1,0,0,metformin
530021463,0,1,0,0,0,lisinopril
530021527,1,0,0,0,0,simvastatin
530021528,1,0,0,0,0,simvastatin
530021569,1,0,0,0,0,simvastatin
530021624,0,1,0,0,0,losartan
530021638,0,1,0,0,0,losartan
530021643,0,1,0,0,0,losartan
530021674,0,1,0,0,0,lisinopril
530021755,0,0,1,0,0,pioglitazone
530021756,0,0,1,0,0,pioglitazone
530021757,0,0,1,0,0,pioglitazone
530021782,0,1,0,0,0,benazepril
530021784,0,1,0,0,0,valsartan
530021785,0,1,0,0,0,valsartan
530021787,0,1,0,0,0,valsartan
530021788,0,1,0,0,0,valsartan
530022111,0,0,1,0,0,glipizide
530022251,0,0,1,0,0,metformin
530022308,0,1,0,0,0,lisinopril
530022335,1,0,0,0,0,atorvastatin
530022439,1,0,0,0,0,atorvastatin
530022440,1,0,0,0,0,atorvastatin
530022445,0,0,1,0,0,metformin
530022624,0,1,0,0,0,losartan
530022638,0,1,0,0,0,losartan
530022643,0,1,0,0,0,losartan
530022755,0,0,1,0,0,pioglitazone
530022756,0,0,1,0,0,pioglitazone
530022757,0,0,1,0,0,pioglitazone
530023638,0,1,0,0,0,losartan
530023643,0,1,0,0,0,losartan
530024170,0,0,1,0,0,glyburide
530024460,0,0,1,0,0,glipizide
530024462,0,0,1,0,0,glipizide
530024624,0,1,0,0,0,losartan
530024643,0,1,0,0,0,losartan
530025624,0,1,0,0,0,losartan
530025701,1,0,0,0,0,lovastatin
532170003,0,1,0,0,0,captopril
532170012,0,1,0,0,0,lisinopril
532170076,0,1,0,0,0,benazepril
532170089,0,1,0,0,0,quinapril
532170095,0,0,1,0,0,pioglitazone
532170113,1,0,0,0,0,rosuvastatin
532170114,0,1,0,0,0,valsartan
532170190,0,1,0,0,0,benazepril
532170196,0,0,1,0,0,glipizide
532170202,0,1,0,0,0,lisinopril
532170203,1,0,0,0,0,pravastatin
532170204,1,0,0,0,0,simvastatin
532170209,1,0,0,0,0,atorvastatin
532170250,0,0,1,0,0,glimepiride
532170253,0,1,0,0,0,lisinopril
532170277,0,1,0,0,0,fosinopril
532170278,0,1,0,0,0,fosinopril
532170283,0,1,0,0,0,lisinopril
532170285,0,0,1,0,0,glimepiride
532170295,1,0,0,0,0,rosuvastatin
532170296,1,0,0,0,0,rosuvastatin
532170297,1,0,0,0,0,rosuvastatin
532170303,0,1,0,0,0,lisinopril
532170304,1,0,0,0,0,lovastatin
532170317,0,0,1,0,0,glipizide
532170319,1,0,0,0,0,atorvastatin
532170320,0,0,1,0,0,glimepiride
532170322,0,1,0,0,0,lisinopril
532170323,0,0,1,0,0,glimepiride
532170333,0,1,0,0,0,lisinopril
532170337,0,1,0,0,0,losartan
532170348,1,0,0,0,0,rosuvastatin
532170349,0,0,1,0,0,glipizide
532170369,0,1,0,0,0,losartan
532170379,1,0,0,0,0,pravastatin
534890151,0,0,1,0,0,tolazamide
534890152,0,0,1,0,0,tolazamide
534890153,0,0,1,0,0,tolazamide
534890607,1,0,0,0,0,lovastatin
534890608,1,0,0,0,0,lovastatin
534890609,1,0,0,0,0,lovastatin
537460178,0,0,1,0,0,metformin
537460179,0,0,1,0,0,metformin
537460218,0,0,1,0,0,metformin
537460219,0,0,1,0,0,metformin
537460220,0,0,1,0,0,metformin
537460291,0,1,0,0,0,telmisartan
537460292,0,1,0,0,0,telmisartan
537460293,0,1,0,0,0,telmisartan
537460751,0,1,0,0,0,benazepril
537460752,0,1,0,0,0,benazepril
537460753,0,1,0,0,0,benazepril
537460754,0,1,0,0,0,benazepril
538080104,0,1,0,0,0,lisinopril
538080217,0,1,0,0,0,captopril
538080242,0,1,0,0,0,enalapril
538080243,0,1,0,0,0,enalapril
538080244,0,1,0,0,0,enalapril
538080257,0,0,1,0,0,glipizide
538080258,0,0,1,0,0,glipizide
538080259,0,0,1,0,0,glipizide
538080260,0,0,1,0,0,glipizide
538080347,0,1,0,0,0,captopril
538080348,0,1,0,0,0,captopril
538080359,0,1,0,0,0,captopril
538080369,0,0,1,0,0,glipizide
538080379,0,1,0,0,0,lisinopril
538080381,0,0,1,0,0,metformin
538080398,1,0,0,0,0,pravastatin
538080400,0,0,1,0,0,glipizide
538080401,0,0,1,0,0,glipizide
538080408,0,0,1,0,0,glipizide
538080409,0,0,1,0,0,glipizide
538080459,0,0,1,0,0,metformin
538080536,1,0,0,0,0,pravastatin
538080538,1,0,0,0,0,pravastatin
538080613,0,0,1,0,0,metformin
538080617,0,1,0,0,0,lisinopril
538080625,0,0,1,0,0,glipizide
538080648,0,1,0,0,0,enalapril
538080663,0,1,0,0,0,enalapril
538080678,0,0,1,0,0,glipizide
538080685,1,0,0,0,0,pravastatin
538080688,1,0,0,0,0,simvastatin
538080692,0,1,0,0,0,lisinopril
538080700,0,1,0,0,0,lisinopril
538080701,0,1,0,0,0,lisinopril
538080702,0,1,0,0,0,lisinopril
538080703,0,1,0,0,0,lisinopril
538080712,0,0,1,0,0,metformin
538080713,0,0,1,0,0,metformin
538080717,0,0,1,0,0,metformin
538080718,0,0,1,0,0,metformin
538080720,0,0,1,0,0,metformin
538080764,1,0,0,0,0,pravastatin
538080765,1,0,0,0,0,pravastatin
538080766,1,0,0,0,0,pravastatin
538080768,1,0,0,0,0,pravastatin
538080790,1,0,0,0,0,simvastatin
538080791,1,0,0,0,0,simvastatin
538080792,1,0,0,0,0,simvastatin
538080793,1,0,0,0,0,simvastatin
538080794,1,0,0,0,0,simvastatin
538080800,1,0,0,0,0,simvastatin
538080816,1,0,0,0,0,simvastatin
538080833,0,1,0,0,0,enalapril
538080848,0,0,1,0,0,metformin
538080849,0,0,1,0,0,metformin
538080867,0,1,0,0,0,lisinopril
538080868,0,1,0,0,0,lisinopril
538080870,0,1,0,0,0,lisinopril
538080874,1,0,0,0,0,pravastatin
538080875,1,0,0,0,0,pravastatin
538080888,0,1,0,0,0,lisinopril
538080892,0,1,0,0,0,losartan
538080896,0,1,0,0,0,losartan
538080911,0,1,0,0,0,captopril
538080912,0,1,0,0,0,captopril
538080919,1,0,0,0,0,simvastatin
538080927,1,0,0,0,0,simvastatin
538080942,0,0,1,0,0,glipizide
538080951,1,0,0,0,0,atorvastatin
538080952,1,0,0,0,0,simvastatin
538080959,1,0,0,0,0,atorvastatin
538080966,0,1,0,0,0,enalapril
538080978,0,1,0,0,0,losartan
538080999,0,1,0,0,0,lisinopril
538081008,1,0,0,0,0,atorvastatin
538081033,0,0,1,0,0,metformin
538081035,1,0,0,0,0,atorvastatin
538081043,0,1,0,0,0,losartan
538081049,1,0,0,0,0,simvastatin
538081050,1,0,0,0,0,simvastatin
538081067,1,0,0,0,0,atorvastatin
538081072,0,1,0,0,0,losartan
538081078,1,0,0,0,0,simvastatin
538081108,0,1,0,0,0,enalapril
538081120,0,1,0,0,0,olmesartan
543480104,0,0,1,0,0,glyburide
544580844,1,0,0,0,0,lovastatin
544580845,1,0,0,0,0,lovastatin
544580846,1,0,0,0,0,lovastatin
544580862,0,1,0,0,0,benazepril
544580863,0,1,0,0,0,benazepril
544580864,0,0,1,0,0,pioglitazone
544580865,0,0,1,0,0,pioglitazone
544580866,0,0,1,0,0,pioglitazone
544580867,1,0,0,0,0,pravastatin
544580869,1,0,0,0,0,pravastatin
544580870,1,0,0,0,0,lovastatin
544580871,1,0,0,0,0,lovastatin
544580872,0,1,0,0,0,lisinopril
544580873,0,1,0,0,0,lisinopril
544580874,0,1,0,0,0,lisinopril
544580877,0,1,0,0,0,lisinopril
544580881,1,0,0,0,0,atorvastatin
544580883,0,0,1,0,0,pioglitazone
544580884,0,0,1,0,0,pioglitazone
544580885,0,0,1,0,0,pioglitazone
544580886,0,1,0,0,0,lisinopril
544580893,0,1,0,0,0,benazepril
544580894,1,0,0,0,0,simvastatin
544580899,1,0,0,0,0,simvastatin
544580900,1,0,0,0,0,simvastatin
544580905,0,1,0,0,0,lisinopril
544580906,0,1,0,0,0,lisinopril
544580907,0,1,0,0,0,lisinopril
544580908,1,0,0,0,0,pravastatin
544580910,0,1,0,0,0,lisinopril
544580914,1,0,0,0,0,lovastatin
544580915,1,0,0,0,0,lovastatin
544580916,1,0,0,0,0,lovastatin
544580921,0,1,0,0,0,lisinopril
544580925,1,0,0,0,0,pravastatin
544580926,1,0,0,0,0,pravastatin
544580927,1,0,0,0,0,pravastatin
544580928,1,0,0,0,0,simvastatin
544580932,1,0,0,0,0,simvastatin
544580933,1,0,0,0,0,simvastatin
544580934,1,0,0,0,0,simvastatin
544580936,1,0,0,0,0,lovastatin
544580937,1,0,0,0,0,lovastatin
544580938,1,0,0,0,0,lovastatin
544580956,0,1,0,0,0,benazepril
544580957,0,1,0,0,0,benazepril
544580958,0,1,0,0,0,benazepril
544580959,0,1,0,0,0,benazepril
544580966,0,0,1,0,0,glimepiride
544580967,0,0,1,0,0,glimepiride
544580968,0,0,1,0,0,glimepiride
544580982,1,0,0,0,0,lovastatin
544580983,1,0,0,0,0,lovastatin
544580984,1,0,0,0,0,lovastatin
544580985,1,0,0,0,0,pravastatin
544580986,1,0,0,0,0,pravastatin
544580987,1,0,0,0,0,pravastatin
544580991,0,1,0,0,0,lisinopril
544580992,0,1,0,0,0,lisinopril
544580993,0,1,0,0,0,lisinopril
544580994,0,1,0,0,0,lisinopril
544580995,0,1,0,0,0,lisinopril
544580996,0,1,0,0,0,lisinopril
544580997,0,1,0,0,0,lisinopril
544580998,0,1,0,0,0,lisinopril
544580999,0,1,0,0,0,lisinopril
545680433,0,0,1,0,0,dulaglutide
545680434,0,0,1,0,0,dulaglutide
545690203,0,0,1,0,0,chlorpropamide
545692318,0,0,0,1,0,"insulin isophane, human"
545692319,0,0,0,1,0,"insulin, regular, human"
545692918,0,0,0,1,0,"insulin isophane, human / insulin, regular, human"
545693467,0,0,0,1,0,"insulin isophane, human / insulin, regular, human"
545693714,0,1,0,0,0,ramipril
545693830,0,0,1,0,0,glyburide
545693831,0,0,1,0,0,glyburide
545693833,0,0,0,1,0,"insulin, regular, human"
545693835,0,0,0,1,0,"insulin isophane, human"
545693841,0,0,1,0,0,glipizide
545693842,0,0,1,0,0,glipizide
545693937,0,0,1,0,0,glipizide
545693938,0,0,1,0,0,glipizide
545694246,0,1,0,0,0,captopril
545694247,0,1,0,0,0,captopril
545694438,0,1,0,0,0,losartan
545694466,1,0,0,0,0,atorvastatin
545694467,1,0,0,0,0,atorvastatin
545694572,0,1,0,0,0,irbesartan
545694587,1,0,0,0,0,atorvastatin
545694593,0,1,0,0,0,captopril
545694696,0,1,0,0,0,benazepril
545694714,0,1,0,0,0,candesartan
545694722,0,1,0,0,0,losartan
545694740,0,0,1,0,0,metformin
545694766,0,1,0,0,0,valsartan
545694767,0,1,0,0,0,valsartan
545694880,0,0,1,0,0,pioglitazone
545694881,0,0,1,0,0,pioglitazone
545694882,0,0,1,0,0,pioglitazone
545695133,0,1,0,0,0,enalapril
545695134,0,1,0,0,0,enalapril
545695135,0,1,0,0,0,enalapril
545695232,0,1,0,0,0,benazepril
545695321,0,0,0,1,0,insulin lispro
545695345,1,0,0,0,0,lovastatin
545695346,1,0,0,0,0,lovastatin
545695347,1,0,0,0,0,lovastatin
545695353,0,0,1,0,0,metformin
545695360,0,0,1,0,0,metformin
545695361,0,1,0,0,0,valsartan
545695362,0,1,0,0,0,valsartan
545695373,0,0,1,0,0,metformin
545695382,1,0,0,0,0,atorvastatin
545695434,0,1,0,0,0,lisinopril
545695435,0,1,0,0,0,lisinopril
545695437,0,1,0,0,0,lisinopril
545695438,0,1,0,0,0,lisinopril
545695472,0,1,0,0,0,lisinopril
545695546,0,0,1,0,0,metformin
545695547,0,0,1,0,0,glipizide
545695548,0,0,1,0,0,glipizide
545695600,1,0,0,0,0,rosuvastatin
545695605,0,0,0,1,0,insulin glargine
545695606,0,1,0,0,0,olmesartan
545695618,0,0,1,0,0,glyburide / metformin
545695619,0,0,1,0,0,glyburide / metformin
545695621,0,1,0,0,0,fosinopril
545695648,1,0,0,0,0,simvastatin
545695665,0,1,0,0,0,telmisartan
545695666,0,1,0,0,0,valsartan
545695667,0,1,0,0,0,valsartan
545695668,0,1,0,0,0,benazepril
545695669,0,1,0,0,0,benazepril
545695670,0,1,0,0,0,benazepril
545695672,1,0,0,0,0,rosuvastatin
545695685,0,1,0,0,0,benazepril
545695704,1,0,0,0,0,atorvastatin
545695709,0,1,0,0,0,quinapril
545695710,0,1,0,0,0,quinapril
545695711,0,1,0,0,0,quinapril
545695728,0,1,0,0,0,lisinopril
545695746,1,0,0,0,0,rosuvastatin
545695766,1,0,0,0,0,simvastatin
545695793,1,0,0,0,0,pravastatin
545695794,1,0,0,0,0,pravastatin
545695801,0,1,0,0,0,candesartan
545695833,1,0,0,0,0,simvastatin
545695834,1,0,0,0,0,simvastatin
545695855,0,0,1,0,0,glimepiride
545695867,0,1,0,0,0,irbesartan
545695878,0,1,0,0,0,benazepril
545695880,0,1,0,0,0,losartan
545695881,1,0,0,0,0,atorvastatin
545695903,0,1,0,0,0,olmesartan
545695916,0,1,0,0,0,moexipril
545695925,0,0,1,0,0,sitagliptin
545695936,0,1,0,0,0,ramipril
545695937,0,1,0,0,0,benazepril
545695938,0,1,0,0,0,benazepril
545695951,1,0,0,0,0,atorvastatin
545695992,0,0,1,0,0,glipizide / metformin
545695993,0,0,1,0,0,glipizide / metformin
545695998,0,1,0,0,0,olmesartan
545695999,0,1,0,0,0,losartan
545696054,1,0,0,0,0,rosuvastatin
545696072,0,0,1,0,0,glimepiride
545696091,0,1,0,0,0,lisinopril
545696092,0,1,0,0,0,lisinopril
545696098,0,1,0,0,0,fosinopril
545696099,1,0,0,0,0,atorvastatin
545696110,0,1,0,0,0,valsartan
545696111,0,1,0,0,0,ramipril
545696112,0,1,0,0,0,ramipril
545696113,1,0,0,0,0,simvastatin
545696173,0,1,0,0,0,losartan
545696180,0,1,0,0,0,losartan
545696182,0,1,0,0,0,losartan
545696223,0,1,0,0,0,losartan
545696228,0,1,0,0,0,lisinopril
545696273,0,1,0,0,0,aliskiren
545696274,0,1,0,0,0,aliskiren
545696282,1,0,0,0,0,atorvastatin
545696283,1,0,0,0,0,atorvastatin
545696284,1,0,0,0,0,atorvastatin
545696285,1,0,0,0,0,atorvastatin
545696294,0,1,0,0,0,losartan
545696297,0,1,0,0,0,losartan
545696300,0,0,0,1,0,insulin detemir
545696301,0,0,0,1,0,insulin detemir
545696302,1,0,0,0,0,simvastatin
545696309,0,1,0,0,0,irbesartan
545696354,0,0,1,0,0,pioglitazone
545696355,0,0,1,0,0,pioglitazone
545696356,0,0,1,0,0,pioglitazone
545696416,0,1,0,0,0,ramipril
545696428,1,0,0,0,0,pravastatin
545696435,0,0,0,1,0,insulin lispro
545696450,1,0,0,0,0,simvastatin
545696462,0,0,0,1,0,insulin glargine
545696480,0,1,0,0,0,valsartan
545696483,0,1,0,0,0,benazepril
545696485,0,1,0,0,0,valsartan
545696486,0,1,0,0,0,valsartan
545696487,0,1,0,0,0,valsartan
545696488,0,1,0,0,0,valsartan
545696507,0,0,1,0,0,liraglutide
545696510,1,0,0,0,0,pravastatin
545696523,0,0,1,0,0,metformin
545696552,0,1,0,0,0,benazepril
545696553,0,1,0,0,0,benazepril
545696564,0,1,0,0,0,irbesartan
545696570,0,0,0,1,0,insulin detemir
545696582,0,1,0,0,0,valsartan
545696583,0,1,0,0,0,valsartan
545696584,0,0,0,1,0,"insulin aspart, human"
545696585,0,0,0,1,0,insulin lispro
545696586,0,0,0,1,0,"insulin aspart, human"
545696587,0,0,0,1,0,"insulin aspart, human"
545696588,0,1,0,0,0,valsartan
545696625,0,0,0,1,0,insulin glargine
545696630,0,0,0,1,0,"insulin aspart, human"
545696631,0,0,0,1,0,"insulin aspart, human"
545698866,1,0,0,0,0,lovastatin
548680036,0,0,1,0,0,chlorpropamide
548680112,0,0,0,1,0,insulin detemir
548680541,0,1,0,0,0,enalapril
548680620,0,1,0,0,0,enalapril
548680795,0,0,1,0,0,glipizide / metformin
548680830,0,0,1,0,0,metformin
548680877,0,0,1,0,0,chlorpropamide
548680997,0,0,1,0,0,glipizide
548681001,0,1,0,0,0,lisinopril
548681020,0,0,1,0,0,tolazamide
548681090,0,1,0,0,0,enalapril
548681097,0,0,1,0,0,metformin / sitagliptin
548681207,1,0,0,0,0,atorvastatin
548681296,0,1,0,0,0,lisinopril
548681361,0,0,1,0,0,tolbutamide
548681429,0,0,0,1,0,"insulin isophane, human"
548681502,0,1,0,0,0,lisinopril
548681802,0,1,0,0,0,quinapril
548681890,1,0,0,0,0,rosuvastatin
548681961,0,1,0,0,0,lisinopril
548681970,0,1,0,0,0,lisinopril
548682280,0,1,0,0,0,enalapril
548682288,1,0,0,0,0,pravastatin
548682335,0,1,0,0,0,losartan
548682350,0,1,0,0,0,benazepril
548682351,0,1,0,0,0,benazepril
548682352,0,1,0,0,0,benazepril
548682380,0,0,0,1,0,"insulin isophane, human"
548682639,1,0,0,0,0,simvastatin
548682644,0,1,0,0,0,ramipril
548682645,0,1,0,0,0,ramipril
548682665,0,1,0,0,0,quinapril
548682666,0,1,0,0,0,quinapril
548682746,0,0,0,1,0,"insulin isophane, human / insulin, regular, human"
548682777,0,0,0,1,0,"insulin aspart, human"
548682847,0,1,0,0,0,quinapril
548683017,0,0,1,0,0,glyburide
548683104,1,0,0,0,0,simvastatin
548683265,0,0,1,0,0,glyburide
548683266,0,0,1,0,0,glyburide
548683270,1,0,0,0,0,pravastatin
548683287,1,0,0,0,0,atorvastatin
548683307,0,1,0,0,0,quinapril
548683318,0,0,1,0,0,glipizide
548683319,0,0,1,0,0,glipizide
548683327,0,0,1,0,0,glimepiride
548683334,0,0,1,0,0,glipizide
548683335,0,0,1,0,0,glipizide
548683377,0,0,1,0,0,glimepiride
548683426,0,0,1,0,0,glyburide
548683443,0,1,0,0,0,moexipril
548683445,0,1,0,0,0,quinapril
548683474,0,0,0,1,0,"insulin isophane, human / insulin, regular, human"
548683546,0,0,1,0,0,metformin
548683598,0,0,0,1,0,"insulin, regular, human"
548683619,0,0,0,1,0,"insulin, regular, human"
548683711,0,0,1,0,0,glyburide
548683723,0,1,0,0,0,captopril
548683724,0,1,0,0,0,captopril
548683725,0,1,0,0,0,captopril
548683726,0,1,0,0,0,losartan
548683846,0,1,0,0,0,ramipril
548683866,0,1,0,0,0,losartan
548683906,0,1,0,0,0,benazepril
548683934,1,0,0,0,0,atorvastatin
548683946,1,0,0,0,0,atorvastatin
548684003,0,1,0,0,0,lisinopril
548684026,0,0,1,0,0,glimepiride
548684062,0,1,0,0,0,captopril
548684073,0,1,0,0,0,benazepril
548684074,0,1,0,0,0,benazepril
548684091,0,0,1,0,0,glyburide
548684157,1,0,0,0,0,simvastatin
548684160,0,0,1,0,0,metformin
548684199,0,1,0,0,0,irbesartan
548684206,0,0,1,0,0,glimepiride
548684224,1,0,0,0,0,fluvastatin
548684229,1,0,0,0,0,atorvastatin
548684331,0,1,0,0,0,enalapril
548684332,0,1,0,0,0,enalapril
548684341,0,1,0,0,0,losartan
548684343,0,0,1,0,0,pioglitazone
548684354,0,0,1,0,0,pioglitazone
548684357,0,1,0,0,0,enalapril
548684358,0,1,0,0,0,enalapril
548684381,0,0,0,1,0,insulin lispro
548684391,0,0,1,0,0,pioglitazone
548684413,0,1,0,0,0,candesartan
548684414,0,1,0,0,0,irbesartan
548684420,0,0,1,0,0,glipizide
548684425,0,1,0,0,0,valsartan
548684428,0,1,0,0,0,valsartan
548684494,0,1,0,0,0,irbesartan
548684526,0,1,0,0,0,irbesartan
548684539,0,1,0,0,0,telmisartan
548684540,0,1,0,0,0,telmisartan
548684552,0,1,0,0,0,perindopril
548684555,0,1,0,0,0,perindopril
548684561,0,0,1,0,0,metformin
548684564,0,0,1,0,0,metformin
548684566,0,0,1,0,0,metformin
548684569,0,0,1,0,0,metformin
548684585,1,0,0,0,0,lovastatin
548684593,1,0,0,0,0,lovastatin
548684601,1,0,0,0,0,fluvastatin
548684605,0,1,0,0,0,telmisartan
548684612,0,1,0,0,0,candesartan
548684626,0,0,0,1,0,insulin glargine
548684637,0,1,0,0,0,lisinopril
548684645,0,1,0,0,0,valsartan
548684646,0,1,0,0,0,lisinopril
548684652,0,1,0,0,0,valsartan
548684656,0,1,0,0,0,lisinopril
548684657,0,1,0,0,0,lisinopril
548684658,0,1,0,0,0,lisinopril
548684678,0,1,0,0,0,lisinopril
548684729,0,1,0,0,0,candesartan
548684774,1,0,0,0,0,lovastatin
548684780,0,1,0,0,0,lisinopril
548684785,0,1,0,0,0,lisinopril
548684842,0,0,1,0,0,glyburide
548684869,0,1,0,0,0,candesartan
548684870,0,1,0,0,0,benazepril
548684883,0,1,0,0,0,moexipril
548684885,0,1,0,0,0,olmesartan
548684904,0,1,0,0,0,benazepril
548684934,1,0,0,0,0,atorvastatin
548684963,1,0,0,0,0,rosuvastatin
548684977,0,1,0,0,0,lisinopril
548684986,0,1,0,0,0,olmesartan
548684988,0,0,1,0,0,glipizide
548685001,0,1,0,0,0,benazepril
548685055,0,1,0,0,0,fosinopril
548685064,0,1,0,0,0,fosinopril
548685075,0,1,0,0,0,olmesartan
548685077,0,1,0,0,0,losartan
548685078,0,1,0,0,0,olmesartan
548685079,0,1,0,0,0,benazepril
548685082,0,1,0,0,0,valsartan
548685085,1,0,0,0,0,rosuvastatin
548685100,0,1,0,0,0,enalapril
548685108,0,0,0,1,0,insulin lispro
548685148,0,0,1,0,0,glyburide / metformin
548685170,0,1,0,0,0,olmesartan
548685179,1,0,0,0,0,atorvastatin
548685182,0,1,0,0,0,fosinopril
548685185,0,0,1,0,0,glyburide / metformin
548685187,1,0,0,0,0,simvastatin
548685188,0,0,1,0,0,glipizide / metformin
548685189,1,0,0,0,0,simvastatin
548685196,0,1,0,0,0,captopril
548685200,1,0,0,0,0,atorvastatin
548685201,0,0,0,1,0,"insulin aspart, human"
548685204,0,1,0,0,0,benazepril
548685209,1,0,0,0,0,atorvastatin
548685210,0,0,1,0,0,glipizide
548685217,0,0,1,0,0,metformin
548685241,0,1,0,0,0,quinapril
548685243,0,0,1,0,0,glyburide / metformin
548685245,0,1,0,0,0,quinapril
548685246,0,1,0,0,0,quinapril
548685250,1,0,0,0,0,simvastatin
548685256,0,1,0,0,0,benazepril
548685259,1,0,0,0,0,simvastatin
548685279,0,1,0,0,0,quinapril
548685296,0,1,0,0,0,benazepril
548685297,0,1,0,0,0,telmisartan
548685313,0,1,0,0,0,benazepril
548685323,0,1,0,0,0,valsartan
548685327,0,0,0,1,0,"insulin aspart, human"
548685341,1,0,0,0,0,rosuvastatin
548685346,0,1,0,0,0,fosinopril
548685358,1,0,0,0,0,lovastatin
548685364,0,0,1,0,0,glipizide
548685384,0,0,1,0,0,exenatide
548685392,0,1,0,0,0,benazepril
548685418,0,1,0,0,0,telmisartan
548685420,1,0,0,0,0,atorvastatin
548685457,0,0,1,0,0,glimepiride
548685467,0,0,1,0,0,glipizide / metformin
548685469,0,1,0,0,0,fosinopril
548685475,0,1,0,0,0,quinapril
548685489,0,1,0,0,0,candesartan
548685500,0,0,1,0,0,metformin / pioglitazone
548685503,0,1,0,0,0,enalapril
548685505,0,0,1,0,0,metformin
548685513,1,0,0,0,0,lovastatin
548685523,1,0,0,0,0,atorvastatin
548685553,0,0,1,0,0,metformin / pioglitazone
548685567,1,0,0,0,0,atorvastatin
548685576,1,0,0,0,0,pravastatin
548685577,1,0,0,0,0,pravastatin
548685578,1,0,0,0,0,pravastatin
548685579,1,0,0,0,0,pravastatin
548685591,0,1,0,0,0,candesartan
548685607,0,1,0,0,0,valsartan
548685627,1,0,0,0,0,simvastatin
548685628,1,0,0,0,0,simvastatin
548685629,1,0,0,0,0,simvastatin
548685630,1,0,0,0,0,simvastatin
548685690,0,1,0,0,0,benazepril
548685705,0,1,0,0,0,losartan
548685712,0,0,1,0,0,glyburide
548685747,0,1,0,0,0,ramipril
548685765,0,0,0,1,0,insulin glargine
548685772,0,1,0,0,0,aliskiren
548685780,0,1,0,0,0,valsartan
548685781,0,1,0,0,0,benazepril
548685782,0,1,0,0,0,benazepril
548685787,0,1,0,0,0,captopril
548685792,0,1,0,0,0,benazepril
548685793,0,1,0,0,0,benazepril
548685804,0,1,0,0,0,valsartan
548685836,0,0,0,1,0,insulin lispro
548685840,0,0,1,0,0,sitagliptin
548685842,0,1,0,0,0,ramipril
548685843,0,1,0,0,0,ramipril
548685856,0,1,0,0,0,ramipril
548685883,0,0,0,1,0,insulin detemir
548685896,0,1,0,0,0,ramipril
548685899,0,0,0,1,0,insulin lispro
548685928,0,1,0,0,0,moexipril
548685973,0,0,1,0,0,metformin / sitagliptin
548685977,0,1,0,0,0,valsartan
548685983,0,1,0,0,0,valsartan
548685996,0,1,0,0,0,valsartan
548685997,0,1,0,0,0,valsartan
548686031,0,0,1,0,0,sitagliptin
548686036,0,1,0,0,0,olmesartan
548686041,0,1,0,0,0,aliskiren
548686042,0,1,0,0,0,aliskiren
548686054,0,0,0,1,0,"insulin aspart, human"
548686061,0,1,0,0,0,trandolapril
548686066,1,0,0,0,0,simvastatin
548686103,0,1,0,0,0,aliskiren
548686104,0,1,0,0,0,losartan
548686107,0,1,0,0,0,losartan
548686108,0,1,0,0,0,losartan
548686109,0,1,0,0,0,losartan
548686110,0,1,0,0,0,losartan
548686117,0,1,0,0,0,losartan
548686123,0,1,0,0,0,valsartan
548686193,0,1,0,0,0,telmisartan
548686194,0,1,0,0,0,aliskiren
548686231,0,0,0,1,0,insulin glargine
548686250,0,1,0,0,0,olmesartan
548686255,0,0,1,0,0,nateglinide
548686297,0,1,0,0,0,benazepril
548686309,0,0,1,0,0,saxagliptin
548686319,1,0,0,0,0,atorvastatin
548686320,1,0,0,0,0,atorvastatin
548686321,1,0,0,0,0,atorvastatin
548686322,1,0,0,0,0,atorvastatin
548686335,1,0,0,0,0,atorvastatin
548686349,0,1,0,0,0,irbesartan
548686440,0,1,0,0,0,valsartan
548686452,0,1,0,0,0,valsartan
548686453,0,1,0,0,0,valsartan
548686457,0,1,0,0,0,irbesartan
548686458,0,1,0,0,0,valsartan
548686461,0,0,1,0,0,linagliptin / metformin
550452138,0,0,1,0,0,glyburide
550452265,0,0,1,0,0,glipizide
550452266,0,0,1,0,0,glipizide
550452322,0,0,1,0,0,glyburide
550452376,0,1,0,0,0,captopril
550452424,0,1,0,0,0,captopril
550452504,0,0,1,0,0,metformin
550452799,0,1,0,0,0,enalapril
550452827,0,1,0,0,0,enalapril
550452832,0,1,0,0,0,enalapril
550452904,0,0,1,0,0,metformin
550452905,0,0,1,0,0,metformin
550452906,0,0,1,0,0,metformin
550452929,0,1,0,0,0,lisinopril
550452936,0,1,0,0,0,lisinopril
550452937,0,1,0,0,0,lisinopril
550452938,0,1,0,0,0,lisinopril
550452975,0,1,0,0,0,lisinopril
550453000,0,1,0,0,0,lisinopril
550453014,1,0,0,0,0,lovastatin
550453015,1,0,0,0,0,lovastatin
550453059,0,1,0,0,0,lisinopril
550453100,1,0,0,0,0,simvastatin
550453159,0,1,0,0,0,lisinopril
550453164,0,1,0,0,0,benazepril
550453170,0,1,0,0,0,benazepril
550453225,0,1,0,0,0,lisinopril
550453300,0,0,1,0,0,glipizide
550453356,0,1,0,0,0,olmesartan
550453373,0,1,0,0,0,enalapril
550453401,0,1,0,0,0,losartan
550453409,0,1,0,0,0,valsartan
550453434,0,0,1,0,0,glipizide
550453506,0,0,0,1,0,"insulin, regular, human"
550453508,0,0,0,1,0,"insulin isophane, human / insulin, regular, human"
550453602,0,0,0,1,0,insulin lispro
550453624,0,0,0,1,0,"insulin isophane, human / insulin, regular, human"
550453641,0,1,0,0,0,quinapril
550453642,0,1,0,0,0,quinapril
550453643,0,1,0,0,0,quinapril
550453644,0,1,0,0,0,quinapril
550453655,1,0,0,0,0,simvastatin
550453685,0,0,0,1,0,insulin glargine
550453761,0,0,1,0,0,metformin
550453772,0,1,0,0,0,lisinopril
550480020,0,1,0,0,0,benazepril
550480021,0,1,0,0,0,benazepril
550480022,0,1,0,0,0,benazepril
550480039,0,1,0,0,0,benazepril
550480040,0,1,0,0,0,benazepril
550480043,0,1,0,0,0,benazepril
550480095,1,0,0,0,0,rosuvastatin
550480096,1,0,0,0,0,rosuvastatin
550480097,1,0,0,0,0,rosuvastatin
550480220,0,1,0,0,0,enalapril
550480221,0,1,0,0,0,enalapril
550480222,0,1,0,0,0,enalapril
550480223,0,1,0,0,0,enalapril
550480241,0,0,1,0,0,glimepiride
550480242,0,0,1,0,0,glimepiride
550480243,0,0,1,0,0,glimepiride
550480244,0,0,1,0,0,glipizide
550480245,0,0,1,0,0,glipizide
550480246,0,0,1,0,0,glipizide / metformin
550480247,0,0,1,0,0,glipizide / metformin
550480248,0,0,1,0,0,glyburide
550480250,0,1,0,0,0,valsartan
550480251,0,1,0,0,0,valsartan
550480252,0,1,0,0,0,valsartan
550480253,0,1,0,0,0,valsartan
550480269,0,0,1,0,0,glyburide
550480270,0,0,1,0,0,glipizide
550480387,0,1,0,0,0,lisinopril
550480388,0,1,0,0,0,lisinopril
550480389,0,1,0,0,0,lisinopril
550480390,0,1,0,0,0,lisinopril
550480394,1,0,0,0,0,lovastatin
550480395,1,0,0,0,0,lovastatin
550480409,0,1,0,0,0,lisinopril
550480410,0,1,0,0,0,lisinopril
550480429,0,1,0,0,0,lisinopril
550480434,0,0,1,0,0,metformin / sitagliptin
550480437,0,0,1,0,0,metformin / sitagliptin
550480444,0,1,0,0,0,losartan
550480445,0,1,0,0,0,losartan
550480446,0,1,0,0,0,losartan
550480447,0,1,0,0,0,losartan
550480473,0,1,0,0,0,lisinopril
550480508,0,0,1,0,0,metformin
550480509,0,0,1,0,0,metformin
550480510,0,0,1,0,0,metformin
550480596,1,0,0,0,0,pravastatin
550480597,1,0,0,0,0,pravastatin
550480598,1,0,0,0,0,pravastatin
550480611,0,0,1,0,0,metformin
550480612,0,0,1,0,0,metformin
550480619,0,1,0,0,0,telmisartan
550480620,0,1,0,0,0,telmisartan
550480621,0,1,0,0,0,telmisartan
550480627,0,1,0,0,0,quinapril
550480629,0,1,0,0,0,quinapril
550480774,1,0,0,0,0,simvastatin
550480775,1,0,0,0,0,simvastatin
550480776,1,0,0,0,0,simvastatin
550480821,1,0,0,0,0,simvastatin
550480822,1,0,0,0,0,simvastatin
550480823,1,0,0,0,0,simvastatin
551110121,1,0,0,0,0,atorvastatin
551110122,1,0,0,0,0,atorvastatin
551110123,1,0,0,0,0,atorvastatin
551110124,1,0,0,0,0,atorvastatin
551110133,0,1,0,0,0,enalapril
551110134,0,1,0,0,0,enalapril
551110197,1,0,0,0,0,simvastatin
551110198,1,0,0,0,0,simvastatin
551110199,1,0,0,0,0,simvastatin
551110200,1,0,0,0,0,simvastatin
551110229,1,0,0,0,0,pravastatin
551110230,1,0,0,0,0,pravastatin
551110231,1,0,0,0,0,pravastatin
551110268,1,0,0,0,0,simvastatin
551110274,1,0,0,0,0,pravastatin
551110320,0,0,1,0,0,glimepiride
551110321,0,0,1,0,0,glimepiride
551110322,0,0,1,0,0,glimepiride
551110328,0,0,1,0,0,nateglinide
551110329,0,0,1,0,0,nateglinide
551110338,0,1,0,0,0,benazepril
551110339,0,1,0,0,0,benazepril
551110340,0,1,0,0,0,benazepril
551110341,0,1,0,0,0,benazepril
551110429,0,0,1,0,0,metformin
551110430,0,0,1,0,0,metformin
551110431,0,0,1,0,0,metformin
551110438,0,1,0,0,0,ramipril
551110439,0,1,0,0,0,ramipril
551110440,0,1,0,0,0,ramipril
551110441,0,1,0,0,0,ramipril
551110586,0,1,0,0,0,benazepril
551110587,0,1,0,0,0,benazepril
551110621,0,1,0,0,0,quinapril
551110622,0,1,0,0,0,quinapril
551110623,0,1,0,0,0,quinapril
551110624,0,1,0,0,0,quinapril
551110695,0,0,1,0,0,glyburide / metformin
551110696,0,0,1,0,0,glyburide / metformin
551110697,0,0,1,0,0,glyburide / metformin
551110731,0,1,0,0,0,valsartan
551110732,0,1,0,0,0,valsartan
551110733,0,1,0,0,0,valsartan
551110734,0,1,0,0,0,valsartan
551110735,1,0,0,0,0,simvastatin
551110740,1,0,0,0,0,simvastatin
551110749,1,0,0,0,0,simvastatin
551110750,1,0,0,0,0,simvastatin
551540410,0,0,1,0,0,linagliptin
551540411,0,0,1,0,0,empagliflozin
551540412,0,0,1,0,0,empagliflozin
551540534,0,0,1,0,0,glipizide
551540539,0,0,1,0,0,glipizide
551540611,0,0,1,0,0,saxagliptin
551540689,0,1,0,0,0,captopril
551540693,0,1,0,0,0,captopril
551540732,0,1,0,0,0,captopril
551541032,0,1,0,0,0,quinapril
551541339,0,1,0,0,0,enalapril
551541340,0,1,0,0,0,enalapril
551541376,0,0,1,0,0,metformin
551541395,1,0,0,0,0,pravastatin
551541425,0,0,1,0,0,canagliflozin
551541426,0,0,1,0,0,canagliflozin
551541675,0,0,1,0,0,metformin
551541676,0,0,1,0,0,metformin
551542023,0,1,0,0,0,irbesartan
551542024,0,1,0,0,0,irbesartan
551542026,0,1,0,0,0,irbesartan
551542027,0,1,0,0,0,irbesartan
551542028,0,1,0,0,0,irbesartan
551542058,0,0,1,0,0,metformin
551542089,0,1,0,0,0,losartan
551542096,1,0,0,0,0,atorvastatin
551542128,0,1,0,0,0,lisinopril
551542131,0,1,0,0,0,lisinopril
551542232,1,0,0,0,0,atorvastatin
551542326,0,1,0,0,0,losartan
551542327,0,1,0,0,0,losartan
551542329,0,1,0,0,0,lisinopril
551542333,0,1,0,0,0,losartan
551542418,0,1,0,0,0,quinapril
551542421,1,0,0,0,0,atorvastatin
551542422,1,0,0,0,0,atorvastatin
551542423,0,1,0,0,0,quinapril
551542428,1,0,0,0,0,atorvastatin
551542434,1,0,0,0,0,atorvastatin
551542677,0,0,1,0,0,glimepiride
551542678,0,0,1,0,0,glimepiride
551542680,1,0,0,0,0,simvastatin
551543331,0,1,0,0,0,lisinopril
551543336,0,1,0,0,0,lisinopril
551543346,0,1,0,0,0,lisinopril
551543350,1,0,0,0,0,pravastatin
551543394,1,0,0,0,0,simvastatin
551543395,1,0,0,0,0,simvastatin
551543425,0,1,0,0,0,valsartan
551543437,0,0,1,0,0,metformin
551543476,1,0,0,0,0,simvastatin
551543477,1,0,0,0,0,simvastatin
551543478,1,0,0,0,0,simvastatin
551543486,1,0,0,0,0,simvastatin
551543537,0,1,0,0,0,valsartan
551543538,0,1,0,0,0,valsartan
551543586,0,0,1,0,0,metformin
551543587,0,0,1,0,0,metformin
551543588,0,0,1,0,0,metformin
551543684,1,0,0,0,0,pravastatin
551543685,1,0,0,0,0,pravastatin
551544163,1,0,0,0,0,rosuvastatin
551544166,1,0,0,0,0,atorvastatin
551544172,0,0,1,0,0,metformin
551544178,0,0,1,0,0,metformin
551544343,0,1,0,0,0,benazepril
551544344,0,1,0,0,0,benazepril
551544384,1,0,0,0,0,atorvastatin
551544675,0,0,1,0,0,metformin
551544676,0,1,0,0,0,valsartan
551544678,0,1,0,0,0,valsartan
551544682,0,1,0,0,0,lisinopril
551544754,1,0,0,0,0,atorvastatin
551544755,1,0,0,0,0,atorvastatin
551544781,1,0,0,0,0,simvastatin
551544782,1,0,0,0,0,simvastatin
551544783,0,1,0,0,0,losartan
551544784,1,0,0,0,0,pravastatin
551544798,0,1,0,0,0,lisinopril
551544838,1,0,0,0,0,simvastatin
551544956,0,1,0,0,0,ramipril
551544957,0,1,0,0,0,ramipril
551544977,0,1,0,0,0,lisinopril
551544978,0,1,0,0,0,lisinopril
551544982,1,0,0,0,0,pravastatin
551544983,1,0,0,0,0,atorvastatin
551544992,0,1,0,0,0,lisinopril
551544999,1,0,0,0,0,pravastatin
551545009,0,1,0,0,0,losartan
551545016,0,1,0,0,0,losartan
551545037,0,0,1,0,0,sitagliptin
551545038,0,0,1,0,0,sitagliptin
551545040,0,0,1,0,0,sitagliptin
551545041,0,0,1,0,0,sitagliptin
551545042,0,0,1,0,0,sitagliptin
551545044,0,0,1,0,0,sitagliptin
551545051,0,1,0,0,0,lisinopril
551545052,0,1,0,0,0,lisinopril
551545053,0,1,0,0,0,lisinopril
551545062,1,0,0,0,0,simvastatin
551545063,1,0,0,0,0,simvastatin
551545070,0,0,1,0,0,glimepiride
551545082,0,1,0,0,0,lisinopril
551545150,0,0,1,0,0,pioglitazone
551545151,0,0,1,0,0,pioglitazone
551545152,0,0,1,0,0,pioglitazone
551545153,0,0,1,0,0,metformin / pioglitazone
551545224,0,0,1,0,0,glipizide
551545365,1,0,0,0,0,pravastatin
551545367,0,1,0,0,0,losartan
551545370,1,0,0,0,0,pravastatin
551545373,1,0,0,0,0,simvastatin
551545374,1,0,0,0,0,simvastatin
551545378,1,0,0,0,0,simvastatin
551545422,0,0,1,0,0,metformin
551545465,0,1,0,0,0,captopril
551545473,0,1,0,0,0,captopril
551545475,0,1,0,0,0,enalapril
551545476,0,0,1,0,0,glyburide
551545487,0,0,1,0,0,metformin
551545588,0,0,1,0,0,glipizide
551545666,1,0,0,0,0,lovastatin
551545672,0,1,0,0,0,benazepril
551545673,0,1,0,0,0,benazepril
551545880,1,0,1,0,0,metformin / simvastatin
551545884,1,0,0,0,0,atorvastatin
551545888,0,0,1,0,0,metformin
551545892,0,1,0,0,0,lisinopril
551545992,0,0,1,0,0,glipizide
551546125,0,1,0,0,0,olmesartan
551546126,0,1,0,0,0,olmesartan
551546127,0,1,0,0,0,olmesartan
551546128,0,1,0,0,0,olmesartan
551546129,0,1,0,0,0,olmesartan
551546130,0,1,0,0,0,olmesartan
551546131,0,1,0,0,0,olmesartan
551546157,0,1,0,0,0,lisinopril
551546158,0,1,0,0,0,lisinopril
551546159,0,1,0,0,0,lisinopril
551546176,0,1,0,0,0,lisinopril
551546191,0,1,0,0,0,lisinopril
551546224,0,0,1,0,0,glipizide
551546238,0,0,1,0,0,glipizide
551546276,0,1,0,0,0,lisinopril
551546277,0,1,0,0,0,lisinopril
551546281,0,1,0,0,0,lisinopril
551546282,0,1,0,0,0,lisinopril
551546285,0,1,0,0,0,lisinopril
551546296,0,0,1,0,0,metformin
551546630,0,1,0,0,0,lisinopril
551546634,1,0,0,0,0,atorvastatin
551546635,1,0,0,0,0,atorvastatin
551546638,0,1,0,0,0,lisinopril
551546643,0,1,0,0,0,losartan
551546646,1,0,0,0,0,atorvastatin
551546921,1,0,0,0,0,rosuvastatin
551546922,1,0,0,0,0,rosuvastatin
551546923,1,0,0,0,0,rosuvastatin
551546924,1,0,0,0,0,rosuvastatin
551546925,1,0,0,0,0,rosuvastatin
551546926,1,0,0,0,0,rosuvastatin
551546931,0,0,1,0,0,saxagliptin
551546932,0,0,1,0,0,dapagliflozin
551546933,0,0,1,0,0,dapagliflozin
551547275,1,0,0,0,0,pravastatin
551547284,0,1,0,0,0,losartan
551547285,0,1,0,0,0,losartan
551547289,1,0,0,0,0,atorvastatin
551547628,1,0,0,0,0,atorvastatin
551547630,1,0,0,0,0,atorvastatin
551547631,0,1,0,0,0,losartan
551547639,0,1,0,0,0,lisinopril
551547641,0,1,0,0,0,lisinopril
551547896,0,0,1,0,0,metformin
551547987,0,0,1,0,0,glipizide
551547998,1,0,0,0,0,pravastatin
551548077,0,1,0,0,0,lisinopril
551548078,0,1,0,0,0,lisinopril
551548096,0,1,0,0,0,lisinopril
551548099,1,0,0,0,0,rosuvastatin
551548128,0,1,0,0,0,lisinopril
551548136,1,0,0,0,0,simvastatin
551548175,0,0,1,0,0,glimepiride
551548270,0,0,1,0,0,glyburide
551548284,1,0,0,0,0,lovastatin
551548385,0,1,0,0,0,lisinopril
551548386,0,1,0,0,0,lisinopril
551548387,0,1,0,0,0,lisinopril
551548388,0,1,0,0,0,lisinopril
551548389,0,1,0,0,0,lisinopril
551549525,1,0,0,0,0,simvastatin
551549610,0,1,0,0,0,candesartan
551549657,0,1,0,0,0,valsartan
551549659,0,1,0,0,0,valsartan
551549663,0,1,0,0,0,valsartan
551549664,0,1,0,0,0,valsartan
551549665,0,1,0,0,0,valsartan
551549666,0,1,0,0,0,valsartan
551549667,0,1,0,0,0,valsartan
551549668,0,1,0,0,0,benazepril
552890039,0,1,0,0,0,benazepril
552890066,0,0,1,0,0,chlorpropamide
552890086,0,1,0,0,0,benazepril
552890096,0,1,0,0,0,benazepril
552890106,0,1,0,0,0,lisinopril
552890212,0,1,0,0,0,captopril
552890238,0,1,0,0,0,losartan
552890265,0,0,1,0,0,tolazamide
552890280,1,0,0,0,0,simvastatin
552890281,0,0,1,0,0,glyburide / metformin
552890288,0,1,0,0,0,benazepril
552890293,1,0,0,0,0,simvastatin
552890301,0,0,1,0,0,glipizide
552890338,1,0,0,0,0,simvastatin
552890344,0,1,0,0,0,captopril
552890384,0,0,1,0,0,metformin
552890395,1,0,0,0,0,simvastatin
552890424,0,0,1,0,0,glipizide
552890436,0,1,0,0,0,olmesartan
552890443,0,1,0,0,0,olmesartan
552890483,0,1,0,0,0,enalapril
552890484,0,1,0,0,0,enalapril
552890509,0,1,0,0,0,lisinopril
552890520,1,0,0,0,0,simvastatin
552890522,0,1,0,0,0,losartan
552890552,0,1,0,0,0,quinapril
552890553,0,1,0,0,0,quinapril
552890554,0,1,0,0,0,quinapril
552890555,0,1,0,0,0,quinapril
552890591,0,1,0,0,0,enalapril
552890606,0,0,1,0,0,glyburide
552890615,0,0,1,0,0,metformin
552890622,0,1,0,0,0,enalapril
552890638,0,1,0,0,0,lisinopril
552890692,1,0,0,0,0,lovastatin
552890694,0,1,0,0,0,enalapril
552890696,0,1,0,0,0,lisinopril
552890779,0,0,1,0,0,glipizide
552890800,1,0,0,0,0,atorvastatin
552890806,0,0,1,0,0,glipizide
552890815,0,1,0,0,0,valsartan
552890817,0,1,0,0,0,valsartan
552890820,0,1,0,0,0,valsartan
552890825,0,1,0,0,0,valsartan
552890838,0,1,0,0,0,valsartan
552890861,1,0,0,0,0,atorvastatin
552890867,0,1,0,0,0,ramipril
552890870,1,0,0,0,0,atorvastatin
552890871,1,0,0,0,0,pravastatin
552890873,1,0,0,0,0,pravastatin
552890874,1,0,0,0,0,simvastatin
552890876,0,1,0,0,0,valsartan
552890878,0,1,0,0,0,lisinopril
552890881,1,0,0,0,0,lovastatin
552890884,0,1,0,0,0,lisinopril
552890892,0,0,1,0,0,glyburide
552890917,0,1,0,0,0,lisinopril
552890919,0,0,1,0,0,metformin
552890929,0,1,0,0,0,lisinopril
552890932,1,0,0,0,0,rosuvastatin
552890934,0,0,1,0,0,metformin
552890935,1,0,0,0,0,rosuvastatin
552890963,0,1,0,0,0,benazepril
552890976,0,0,1,0,0,glipizide
552890980,1,0,0,0,0,simvastatin
552890981,0,1,0,0,0,benazepril
552890984,0,1,0,0,0,enalapril
553900712,0,1,0,0,0,enalapril
555670127,1,0,0,0,0,lovastatin
555670128,1,0,0,0,0,lovastatin
555670129,1,0,0,0,0,lovastatin
555670144,0,0,1,0,0,metformin
555670145,0,0,1,0,0,metformin
555670146,0,0,1,0,0,metformin
555670271,0,1,0,0,0,quinapril
555670272,0,1,0,0,0,quinapril
555670273,0,1,0,0,0,quinapril
555670274,0,1,0,0,0,quinapril
556480902,0,1,0,0,0,captopril
556480903,0,1,0,0,0,captopril
556480904,0,1,0,0,0,captopril
556480905,0,1,0,0,0,captopril
556480923,0,1,0,0,0,enalapril
556480924,0,1,0,0,0,enalapril
556480925,0,1,0,0,0,enalapril
556480926,0,1,0,0,0,enalapril
556480927,0,1,0,0,0,lisinopril
556480928,0,1,0,0,0,lisinopril
556480929,0,1,0,0,0,lisinopril
556480941,0,1,0,0,0,lisinopril
556480942,0,1,0,0,0,lisinopril
556480953,0,1,0,0,0,lisinopril
557000011,0,1,0,0,0,benazepril
557000012,0,1,0,0,0,benazepril
557000014,0,1,0,0,0,valsartan
557000021,1,0,0,0,0,simvastatin
557000022,0,0,1,0,0,glipizide
557000023,0,1,0,0,0,valsartan
557000032,0,1,0,0,0,enalapril
557000034,1,0,0,0,0,atorvastatin
557000037,0,1,0,0,0,lisinopril
557000041,0,0,1,0,0,metformin
557000059,0,1,0,0,0,losartan
557000077,0,1,0,0,0,losartan
557000178,1,0,0,0,0,simvastatin
557000205,0,1,0,0,0,enalapril
557000223,1,0,0,0,0,simvastatin
557000244,1,0,0,0,0,lovastatin
557000248,0,0,1,0,0,metformin
557000256,0,0,1,0,0,glimepiride
557000265,1,0,0,0,0,simvastatin
557000269,0,1,0,0,0,benazepril
557000285,0,1,0,0,0,benazepril
557000290,0,1,0,0,0,benazepril
557000291,0,1,0,0,0,benazepril
557000317,0,1,0,0,0,benazepril
557000320,0,0,1,0,0,metformin
557000346,0,1,0,0,0,valsartan
557000347,0,1,0,0,0,valsartan
557000395,0,0,1,0,0,glyburide / metformin
557000407,0,1,0,0,0,ramipril
557000426,1,0,0,0,0,simvastatin
557000469,0,0,1,0,0,glyburide / metformin
557000474,0,1,0,0,0,losartan
557000475,0,0,1,0,0,metformin
557000477,1,0,0,0,0,atorvastatin
557000479,0,1,0,0,0,lisinopril
557000480,0,1,0,0,0,lisinopril
557000513,0,1,0,0,0,lisinopril
557000514,0,1,0,0,0,lisinopril
557000515,1,0,0,0,0,simvastatin
557000516,1,0,0,0,0,rosuvastatin
557000534,1,0,0,0,0,rosuvastatin
557000547,0,1,0,0,0,lisinopril
557000548,1,0,0,0,0,atorvastatin
557000549,1,0,0,0,0,simvastatin
557000550,1,0,0,0,0,simvastatin
557000551,0,1,0,0,0,ramipril
557000558,0,1,0,0,0,lisinopril
557000574,1,0,0,0,0,rosuvastatin
557000575,1,0,0,0,0,rosuvastatin
557000576,0,0,1,0,0,glyburide
557000585,0,0,1,0,0,glipizide
557000594,0,0,1,0,0,glimepiride
557000612,0,0,1,0,0,glyburide / metformin
557000618,0,0,1,0,0,metformin
557000624,0,0,1,0,0,glipizide
557000659,1,0,0,0,0,atorvastatin
557000666,0,0,1,0,0,metformin
557000669,0,0,1,0,0,metformin
557000712,0,1,0,0,0,lisinopril
557000722,0,0,1,0,0,glimepiride
557000724,0,1,0,0,0,lisinopril
557000725,0,0,1,0,0,glyburide
557000730,0,0,1,0,0,metformin
557000734,0,0,1,0,0,metformin
557000736,0,0,1,0,0,metformin
557000769,0,1,0,0,0,losartan
557000799,0,1,0,0,0,lisinopril
557000839,1,0,0,0,0,rosuvastatin
557000871,1,0,0,0,0,atorvastatin
557000877,1,0,0,0,0,atorvastatin
557000885,1,0,0,0,0,rosuvastatin
557000900,0,1,0,0,0,lisinopril
557000906,0,1,0,0,0,lisinopril
557000924,0,0,1,0,0,metformin
557000978,1,0,0,0,0,rosuvastatin
557000979,0,1,0,0,0,lisinopril
557000994,1,0,0,0,0,pravastatin
557000998,1,0,0,0,0,rosuvastatin
558010141,1,0,0,0,0,pravastatin
558010142,1,0,0,0,0,pravastatin
558010143,1,0,0,0,0,pravastatin
558010144,1,0,0,0,0,pravastatin
558640859,0,1,0,0,0,quinapril
558870062,0,0,1,0,0,pioglitazone
558870063,0,0,1,0,0,pioglitazone
558870100,0,0,1,0,0,pioglitazone
558870102,0,1,0,0,0,irbesartan
558870103,0,1,0,0,0,irbesartan
558870105,0,1,0,0,0,irbesartan
558870179,0,0,1,0,0,glipizide
558870212,0,0,1,0,0,glipizide
558870223,0,1,0,0,0,benazepril
558870273,0,0,1,0,0,glimepiride
558870322,0,1,0,0,0,benazepril
558870350,1,0,0,0,0,lovastatin
558870366,0,1,0,0,0,benazepril
558870368,0,0,1,0,0,glyburide / metformin
558870385,0,1,0,0,0,benazepril
558870414,0,0,1,0,0,metformin
558870426,0,1,0,0,0,lisinopril
558870535,0,0,1,0,0,glyburide
558870571,0,0,1,0,0,metformin
558870582,0,1,0,0,0,captopril
558870591,0,1,0,0,0,lisinopril
558870596,0,1,0,0,0,enalapril
558870612,0,1,0,0,0,enalapril
558870627,0,0,1,0,0,metformin
558870657,0,0,1,0,0,glimepiride
558870693,0,0,1,0,0,glipizide
558870727,0,0,1,0,0,glipizide
558870845,0,0,1,0,0,glyburide / metformin
558870875,0,1,0,0,0,benazepril
558870929,1,0,0,0,0,atorvastatin
558870974,1,0,0,0,0,lovastatin
572370020,0,0,1,0,0,glyburide
572370021,0,0,1,0,0,glyburide
572370022,0,0,1,0,0,glyburide
572370023,0,0,1,0,0,glyburide / metformin
572370024,0,0,1,0,0,glyburide / metformin
572370025,0,0,1,0,0,glyburide / metformin
572370026,0,1,0,0,0,fosinopril
572370027,0,1,0,0,0,fosinopril
572370052,0,1,0,0,0,lisinopril
572370053,0,1,0,0,0,lisinopril
572370054,0,1,0,0,0,lisinopril
572370055,0,1,0,0,0,lisinopril
572370056,0,1,0,0,0,lisinopril
572370057,0,1,0,0,0,lisinopril
572370089,0,1,0,0,0,trandolapril
572370090,0,1,0,0,0,trandolapril
572370091,0,1,0,0,0,trandolapril
572370142,0,1,0,0,0,benazepril
572370143,0,1,0,0,0,benazepril
572370144,0,1,0,0,0,benazepril
572370145,0,1,0,0,0,benazepril
572370146,0,1,0,0,0,benazepril
572370147,0,1,0,0,0,benazepril
572370151,0,0,1,0,0,glimepiride
572370152,0,0,1,0,0,glimepiride
572370153,0,0,1,0,0,glimepiride
572370157,0,0,1,0,0,repaglinide
572370158,0,0,1,0,0,repaglinide
572370159,0,0,1,0,0,repaglinide
572370164,1,0,0,0,0,pravastatin
572370165,1,0,0,0,0,pravastatin
572370166,1,0,0,0,0,pravastatin
572370167,1,0,0,0,0,pravastatin
572370168,1,0,0,0,0,rosuvastatin
572370169,1,0,0,0,0,rosuvastatin
572370170,1,0,0,0,0,rosuvastatin
572370171,1,0,0,0,0,rosuvastatin
572370204,0,1,0,0,0,losartan
572370205,0,1,0,0,0,losartan
572370206,0,1,0,0,0,losartan
572370207,0,1,0,0,0,losartan
572370208,0,1,0,0,0,losartan
572370209,0,1,0,0,0,losartan
572370210,0,0,1,0,0,metformin
572370211,0,0,1,0,0,metformin
572370217,0,0,1,0,0,metformin / pioglitazone
572370218,0,0,1,0,0,metformin / pioglitazone
572370219,0,0,1,0,0,pioglitazone
572370220,0,0,1,0,0,pioglitazone
572370221,0,0,1,0,0,pioglitazone
572370222,0,1,0,0,0,ramipril
572370223,0,1,0,0,0,ramipril
572370224,0,1,0,0,0,ramipril
572370225,0,1,0,0,0,ramipril
572370242,0,1,0,0,0,lisinopril
572370243,0,1,0,0,0,lisinopril
572370244,0,1,0,0,0,lisinopril
572970101,0,1,0,0,0,valsartan
572970102,0,1,0,0,0,valsartan
572970103,0,1,0,0,0,valsartan
572970104,0,1,0,0,0,valsartan
572970105,0,1,0,0,0,valsartan
572970215,0,1,0,0,0,losartan
572970216,0,1,0,0,0,losartan
572970217,0,1,0,0,0,losartan
572970410,0,1,0,0,0,irbesartan
572970411,0,1,0,0,0,irbesartan
572970412,0,1,0,0,0,irbesartan
572970413,0,1,0,0,0,irbesartan
572970414,0,1,0,0,0,irbesartan
572970464,1,0,0,0,0,simvastatin
572970465,1,0,0,0,0,simvastatin
572970478,1,0,0,0,0,simvastatin
572970479,1,0,0,0,0,simvastatin
572970480,1,0,0,0,0,simvastatin
572970481,1,0,0,0,0,simvastatin
572970482,1,0,0,0,0,simvastatin
572970512,0,1,0,0,0,lisinopril
572970513,0,1,0,0,0,lisinopril
572970514,0,1,0,0,0,lisinopril
572970515,0,1,0,0,0,lisinopril
572970516,0,1,0,0,0,lisinopril
572970517,0,1,0,0,0,lisinopril
572970518,0,1,0,0,0,lisinopril
572970519,0,1,0,0,0,lisinopril
572970520,0,1,0,0,0,lisinopril
572970764,0,1,0,0,0,valsartan
572970765,0,1,0,0,0,valsartan
572970766,0,1,0,0,0,valsartan
572970767,0,1,0,0,0,valsartan
572970771,0,1,0,0,0,valsartan
572970772,0,1,0,0,0,valsartan
572970773,0,1,0,0,0,valsartan
572970774,0,1,0,0,0,valsartan
572970775,0,1,0,0,0,valsartan
573150010,0,0,1,0,0,glipizide
573150011,0,0,1,0,0,glipizide
573150047,0,0,1,0,0,metformin
573150048,0,0,1,0,0,metformin
573150050,0,0,1,0,0,metformin
576640397,0,0,1,0,0,metformin
576640398,0,0,1,0,0,glipizide
576640399,0,0,1,0,0,glipizide
576640435,0,0,1,0,0,metformin
576640474,0,0,1,0,0,metformin
576640724,0,0,1,0,0,glipizide / metformin
576640725,0,0,1,0,0,glipizide / metformin
576640727,0,0,1,0,0,glipizide / metformin
576640745,0,0,1,0,0,repaglinide
576640747,0,0,1,0,0,repaglinide
576640755,0,1,0,0,0,olmesartan
576640756,0,1,0,0,0,olmesartan
576640757,0,1,0,0,0,olmesartan
576640758,0,1,0,0,0,olmesartan
576640759,0,1,0,0,0,olmesartan
576640760,0,1,0,0,0,olmesartan
576640772,0,1,0,0,0,olmesartan
576640773,0,1,0,0,0,olmesartan
576640774,0,1,0,0,0,olmesartan
576640775,0,1,0,0,0,olmesartan
576640796,0,1,0,0,0,olmesartan
576640797,0,1,0,0,0,olmesartan
576640798,0,1,0,0,0,olmesartan
576640799,0,1,0,0,0,olmesartan
576640800,0,1,0,0,0,olmesartan
576640998,0,0,1,0,0,metformin
576640999,0,0,1,0,0,metformin
577210902,0,1,0,0,0,captopril
577210903,0,1,0,0,0,captopril
577210904,0,1,0,0,0,captopril
577210905,0,1,0,0,0,captopril
580160005,0,0,1,0,0,glimepiride
580160006,1,0,0,0,0,simvastatin
580160007,1,0,0,0,0,simvastatin
580160008,1,0,0,0,0,simvastatin
580160012,1,0,0,0,0,pravastatin
580160013,1,0,0,0,0,pravastatin
580160037,1,0,0,0,0,rosuvastatin
580160051,1,0,0,0,0,atorvastatin
580160052,1,0,0,0,0,rosuvastatin
580160053,0,1,0,0,0,olmesartan
580160058,0,0,1,0,0,glyburide / metformin
580160065,0,1,0,0,0,benazepril
580160066,0,1,0,0,0,olmesartan
580160069,0,1,0,0,0,lisinopril
580160071,1,0,0,0,0,rosuvastatin
580160228,0,1,0,0,0,lisinopril
580160334,0,0,1,0,0,glipizide
580160344,0,0,1,0,0,glipizide
580160362,0,1,0,0,0,lisinopril
580160363,0,1,0,0,0,lisinopril
580160364,1,0,0,0,0,simvastatin
580160365,1,0,0,0,0,simvastatin
580160376,0,0,1,0,0,glipizide
580160378,0,0,1,0,0,glyburide
580160385,1,0,0,0,0,simvastatin
580160411,0,0,1,0,0,glyburide / metformin
580160420,0,1,0,0,0,benazepril
580160425,1,0,0,0,0,pravastatin
580160457,0,0,1,0,0,metformin
580160466,0,0,1,0,0,metformin
580160467,0,0,1,0,0,glimepiride
580160530,0,1,0,0,0,enalapril
580160536,0,0,1,0,0,metformin
580160553,0,0,1,0,0,metformin
580160571,0,1,0,0,0,enalapril
580160579,0,1,0,0,0,enalapril
580160580,0,1,0,0,0,enalapril
580160581,0,1,0,0,0,enalapril
580160685,0,1,0,0,0,benazepril
580160686,0,1,0,0,0,benazepril
580160691,0,0,1,0,0,glipizide
580160760,0,1,0,0,0,lisinopril
580160772,0,0,1,0,0,metformin
580160844,0,0,1,0,0,glimepiride
580160876,0,0,1,0,0,glipizide
580160883,0,0,1,0,0,metformin
580160900,1,0,0,0,0,lovastatin
580160917,0,1,0,0,0,lisinopril
580160922,1,0,0,0,0,lovastatin
580160956,0,1,0,0,0,lisinopril
580160963,0,1,0,0,0,lisinopril
580160979,1,0,0,0,0,lovastatin
580160998,0,1,0,0,0,lisinopril
580164631,0,1,0,0,0,telmisartan
580164788,0,0,0,1,0,"insulin isophane, human"
580180917,0,1,0,0,0,lisinopril
581180005,1,0,0,0,0,simvastatin
581180006,1,0,0,0,0,simvastatin
581180007,1,0,0,0,0,simvastatin
581180010,0,0,1,0,0,metformin
581180065,0,0,1,0,0,glipizide
581180102,0,0,1,0,0,metformin
581180115,0,1,0,0,0,losartan
581180116,0,1,0,0,0,losartan
581180117,0,1,0,0,0,losartan
581180118,0,1,0,0,0,losartan
581180131,0,0,1,0,0,metformin
581180132,0,0,1,0,0,metformin
581180133,0,0,1,0,0,metformin
581180141,0,0,1,0,0,glipizide
581180168,1,0,0,0,0,pravastatin
581180169,1,0,0,0,0,pravastatin
581180178,0,0,1,0,0,metformin
581180196,1,0,0,0,0,pravastatin
581180244,0,1,0,0,0,losartan
581180245,0,1,0,0,0,losartan
581180277,0,0,1,0,0,sitagliptin
581180321,0,0,1,0,0,glimepiride
581180322,0,0,1,0,0,glimepiride
581180337,0,1,0,0,0,benazepril
581180338,0,1,0,0,0,benazepril
581180339,0,1,0,0,0,benazepril
581180340,0,1,0,0,0,benazepril
581180409,0,1,0,0,0,losartan
581180435,0,0,1,0,0,metformin
581180461,0,0,1,0,0,glipizide
581180468,1,0,0,0,0,simvastatin
581180469,1,0,0,0,0,lovastatin
581180478,1,0,0,0,0,simvastatin
581180486,1,0,0,0,0,pravastatin
581180512,0,1,0,0,0,lisinopril
581180513,0,1,0,0,0,lisinopril
581180514,0,1,0,0,0,lisinopril
581180515,0,1,0,0,0,lisinopril
581180517,0,1,0,0,0,lisinopril
581180519,0,1,0,0,0,lisinopril
581180590,0,1,0,0,0,ramipril
581180591,0,1,0,0,0,ramipril
581180630,0,1,0,0,0,lisinopril
581180631,0,1,0,0,0,lisinopril
581180633,0,1,0,0,0,lisinopril
581180634,0,1,0,0,0,lisinopril
581180635,0,1,0,0,0,lisinopril
581180923,0,0,1,0,0,metformin
581180924,0,0,1,0,0,metformin
581181113,0,1,0,0,0,losartan
581181170,1,0,0,0,0,pravastatin
581181227,0,1,0,0,0,enalapril
581181228,0,1,0,0,0,enalapril
581181323,1,0,0,0,0,pravastatin
581181451,0,0,1,0,0,glipizide
581181452,0,0,1,0,0,glipizide
581181453,0,0,1,0,0,glipizide
581181518,0,1,0,0,0,lisinopril
581181520,0,1,0,0,0,lisinopril
581181980,0,1,0,0,0,lisinopril
581181981,0,1,0,0,0,lisinopril
581182271,0,1,0,0,0,benazepril
581182272,0,1,0,0,0,benazepril
581182273,0,1,0,0,0,benazepril
581182274,0,1,0,0,0,benazepril
581182277,0,1,0,0,0,benazepril
581182279,0,1,0,0,0,benazepril
581182331,0,0,1,0,0,glyburide / metformin
581182332,0,0,1,0,0,glyburide / metformin
581182578,1,0,0,0,0,atorvastatin
581182579,1,0,0,0,0,atorvastatin
581182678,1,0,0,0,0,atorvastatin
581182679,1,0,0,0,0,atorvastatin
581184725,0,1,0,0,0,benazepril
581184745,0,1,0,0,0,benazepril
581184775,0,1,0,0,0,benazepril
581185420,0,0,1,0,0,pioglitazone
581187212,0,0,1,0,0,metformin
581187366,0,1,0,0,0,losartan
581188343,0,0,1,0,0,glyburide
581188344,0,0,1,0,0,glyburide
581770341,0,1,0,0,0,benazepril
581770342,0,1,0,0,0,benazepril
581770343,0,1,0,0,0,benazepril
581770344,0,1,0,0,0,benazepril
581985315,0,0,1,0,0,bexagliflozin
585170001,1,0,0,0,0,atorvastatin
585170040,0,0,1,0,0,metformin
585170240,0,1,0,0,0,losartan
586570610,0,1,0,0,0,losartan
586570611,0,1,0,0,0,losartan
586570612,0,1,0,0,0,losartan
586570640,0,0,1,0,0,metformin
586570641,0,0,1,0,0,metformin
586570642,0,0,1,0,0,metformin
588540027,0,0,1,0,0,glipizide
588640000,0,1,0,0,0,lisinopril
588640006,0,1,0,0,0,lisinopril
588640015,0,0,1,0,0,metformin
588640027,0,0,1,0,0,glipizide
588640066,0,1,0,0,0,captopril
588640161,0,0,1,0,0,glipizide
588640224,0,0,1,0,0,glyburide
588640507,0,0,1,0,0,metformin
588640603,0,1,0,0,0,lisinopril
588640605,0,1,0,0,0,valsartan
588640608,1,0,0,0,0,atorvastatin
588640618,0,1,0,0,0,lisinopril
588640623,1,0,0,0,0,atorvastatin
588640654,0,1,0,0,0,lisinopril
588640659,0,1,0,0,0,losartan
588640662,0,1,0,0,0,losartan
588640674,0,1,0,0,0,ramipril
588640681,0,1,0,0,0,valsartan
588640682,1,0,0,0,0,simvastatin
588640685,1,0,0,0,0,atorvastatin
588640689,0,0,1,0,0,glipizide
588640693,0,0,1,0,0,metformin
588640705,0,0,1,0,0,glipizide
588640726,0,1,0,0,0,irbesartan
588640739,1,0,0,0,0,simvastatin
588640743,1,0,0,0,0,pravastatin
588640750,0,1,0,0,0,lisinopril
588640753,0,1,0,0,0,lisinopril
588640754,0,1,0,0,0,enalapril
588640755,0,1,0,0,0,enalapril
588640760,1,0,0,0,0,simvastatin
588640762,0,1,0,0,0,enalapril
588640771,0,1,0,0,0,irbesartan
588640774,0,1,0,0,0,fosinopril
588640780,1,0,0,0,0,lovastatin
588640781,1,0,0,0,0,lovastatin
588640787,0,1,0,0,0,lisinopril
588640789,0,0,1,0,0,metformin
588640807,0,1,0,0,0,losartan
588640834,1,0,0,0,0,atorvastatin
588640847,0,1,0,0,0,ramipril
588640851,0,0,1,0,0,metformin
588640858,0,0,1,0,0,glipizide
588640859,0,1,0,0,0,quinapril
588640863,0,1,0,0,0,quinapril
588640869,0,1,0,0,0,quinapril
588640952,0,0,1,0,0,glyburide / metformin
588640953,0,0,1,0,0,glyburide / metformin
588640956,0,0,1,0,0,glipizide
588640957,0,0,1,0,0,glipizide
591150012,0,0,1,0,0,glyburide
591150013,0,0,1,0,0,glyburide
591150014,0,0,1,0,0,glyburide
591150144,0,1,0,0,0,lisinopril
591150145,0,1,0,0,0,lisinopril
591150146,0,1,0,0,0,lisinopril
591150147,0,1,0,0,0,lisinopril
596300628,1,0,0,0,0,lovastatin
596300629,1,0,0,0,0,lovastatin
596300630,1,0,0,0,0,lovastatin
596510268,0,0,1,0,0,glipizide
596510269,0,0,1,0,0,glipizide
596510270,0,0,1,0,0,glipizide
596510780,0,0,1,0,0,glipizide
596510781,0,0,1,0,0,glipizide
596510782,0,0,1,0,0,glipizide
597460333,0,1,0,0,0,losartan
597460334,0,1,0,0,0,losartan
597460335,0,1,0,0,0,losartan
597460337,0,1,0,0,0,losartan
597460338,0,1,0,0,0,losartan
597460339,0,1,0,0,0,losartan
597460360,0,1,0,0,0,valsartan
597460361,0,1,0,0,0,valsartan
597460362,0,1,0,0,0,valsartan
597460363,0,1,0,0,0,valsartan
597460428,1,0,0,0,0,rosuvastatin
597460429,1,0,0,0,0,rosuvastatin
597460430,1,0,0,0,0,rosuvastatin
597460431,1,0,0,0,0,rosuvastatin
597460439,0,1,0,0,0,telmisartan
597460440,0,1,0,0,0,telmisartan
597460441,0,1,0,0,0,telmisartan
597460447,0,1,0,0,0,irbesartan
597460448,0,1,0,0,0,irbesartan
597460449,0,1,0,0,0,irbesartan
597460463,0,1,0,0,0,olmesartan
597460465,0,1,0,0,0,olmesartan
597460466,0,1,0,0,0,olmesartan
597460526,0,1,0,0,0,olmesartan
597460527,0,1,0,0,0,olmesartan
597460528,0,1,0,0,0,olmesartan
597460529,0,1,0,0,0,olmesartan
597620011,0,1,0,0,0,losartan
597620012,0,1,0,0,0,losartan
597620015,0,1,0,0,0,losartan
597620071,0,1,0,0,0,losartan
597620072,0,1,0,0,0,losartan
597620122,0,1,0,0,0,trandolapril
597620132,0,1,0,0,0,trandolapril
597620142,0,1,0,0,0,trandolapril
597620152,0,1,0,0,0,trandolapril
597620155,1,0,0,0,0,atorvastatin
597620156,1,0,0,0,0,atorvastatin
597620157,1,0,0,0,0,atorvastatin
597620158,1,0,0,0,0,atorvastatin
597620220,0,1,0,0,0,quinapril
597620222,0,1,0,0,0,quinapril
597620223,0,1,0,0,0,quinapril
597620540,0,0,1,0,0,glipizide
597620541,0,0,1,0,0,glipizide
597620542,0,0,1,0,0,glipizide
597622140,0,1,0,0,0,trandolapril
597622141,0,1,0,0,0,trandolapril
597622142,0,1,0,0,0,trandolapril
597622330,0,0,1,0,0,glyburide / metformin
597622331,0,0,1,0,0,glyburide / metformin
597622332,0,0,1,0,0,glyburide / metformin
597623147,0,1,0,0,0,benazepril
597623148,0,1,0,0,0,benazepril
597623725,0,0,1,0,0,glyburide
597623726,0,0,1,0,0,glyburide
597623727,0,0,1,0,0,glyburide
597623781,0,0,1,0,0,glyburide
597623782,0,0,1,0,0,glyburide
597623783,0,0,1,0,0,glyburide
597624320,0,0,1,0,0,metformin
597624321,0,0,1,0,0,metformin
597624322,0,0,1,0,0,metformin
597625019,0,1,0,0,0,quinapril
597625020,0,1,0,0,0,quinapril
597625021,0,1,0,0,0,quinapril
597625022,0,1,0,0,0,quinapril
597625031,0,0,1,0,0,glipizide
597625032,0,0,1,0,0,glipizide
597625033,0,0,1,0,0,glipizide
597625225,0,1,0,0,0,quinapril
597625250,0,1,0,0,0,fosinopril
597625251,0,1,0,0,0,fosinopril
597626710,1,0,0,0,0,atorvastatin
597626711,1,0,0,0,0,atorvastatin
597626712,1,0,0,0,0,atorvastatin
597626720,1,0,0,0,0,atorvastatin
597626721,1,0,0,0,0,atorvastatin
597626722,1,0,0,0,0,atorvastatin
597626723,1,0,0,0,0,atorvastatin
597626730,1,0,0,0,0,atorvastatin
597626731,1,0,0,0,0,atorvastatin
597626732,1,0,0,0,0,atorvastatin
597626733,1,0,0,0,0,atorvastatin
597627020,0,0,1,0,0,glyburide
597627021,0,0,1,0,0,glyburide
597627022,0,0,1,0,0,glyburide
602191155,1,0,0,0,0,simvastatin
602191156,1,0,0,0,0,simvastatin
602191157,1,0,0,0,0,simvastatin
602191158,1,0,0,0,0,simvastatin
604290029,0,1,0,0,0,captopril
604290030,0,1,0,0,0,captopril
604290031,0,1,0,0,0,captopril
604290038,0,1,0,0,0,ramipril
604290039,0,1,0,0,0,ramipril
604290040,0,1,0,0,0,ramipril
604290041,0,1,0,0,0,ramipril
604290044,0,1,0,0,0,lisinopril
604290045,0,1,0,0,0,lisinopril
604290046,0,1,0,0,0,lisinopril
604290071,0,1,0,0,0,enalapril
604290072,0,1,0,0,0,enalapril
604290073,0,1,0,0,0,enalapril
604290074,0,1,0,0,0,enalapril
604290082,0,0,1,0,0,glipizide
604290083,0,0,1,0,0,glipizide
604290085,0,0,1,0,0,glyburide
604290111,0,0,1,0,0,metformin
604290112,0,0,1,0,0,metformin
604290113,0,0,1,0,0,metformin
604290158,0,1,0,0,0,benazepril
604290159,0,1,0,0,0,benazepril
604290160,0,1,0,0,0,benazepril
604290183,0,1,0,0,0,enalapril
604290184,0,1,0,0,0,enalapril
604290185,0,1,0,0,0,enalapril
604290186,0,1,0,0,0,enalapril
604290192,0,0,1,0,0,glimepiride
604290193,0,0,1,0,0,glimepiride
604290194,0,0,1,0,0,glimepiride
604290201,0,1,0,0,0,lisinopril
604290202,0,1,0,0,0,lisinopril
604290203,0,1,0,0,0,lisinopril
604290206,0,1,0,0,0,lisinopril
604290207,0,1,0,0,0,lisinopril
604290208,0,1,0,0,0,lisinopril
604290209,0,1,0,0,0,lisinopril
604290211,0,1,0,0,0,lisinopril
604290212,0,1,0,0,0,lisinopril
604290234,0,1,0,0,0,fosinopril
604290235,0,1,0,0,0,fosinopril
604290236,0,1,0,0,0,fosinopril
604290248,1,0,0,0,0,lovastatin
604290249,1,0,0,0,0,lovastatin
604290250,1,0,0,0,0,lovastatin
604290257,0,1,0,0,0,captopril
604290280,0,0,1,0,0,metformin
604290291,0,0,1,0,0,glimepiride
604290292,0,0,1,0,0,glimepiride
604290293,0,0,1,0,0,glimepiride
604290316,0,1,0,0,0,losartan
604290317,0,1,0,0,0,losartan
604290318,0,1,0,0,0,losartan
604290323,1,0,0,0,0,atorvastatin
604290324,1,0,0,0,0,atorvastatin
604290325,1,0,0,0,0,atorvastatin
604290326,1,0,0,0,0,atorvastatin
604290330,0,0,1,0,0,pioglitazone
604290331,0,0,1,0,0,pioglitazone
604290332,0,0,1,0,0,pioglitazone
604290367,1,0,0,0,0,pravastatin
604290368,1,0,0,0,0,pravastatin
604290369,1,0,0,0,0,pravastatin
604290370,1,0,0,0,0,pravastatin
604290400,1,0,0,0,0,lovastatin
604290401,1,0,0,0,0,lovastatin
604290402,1,0,0,0,0,lovastatin
604290403,0,1,0,0,0,benazepril
604290404,0,1,0,0,0,benazepril
604290405,0,1,0,0,0,benazepril
604290406,0,1,0,0,0,benazepril
604290434,0,0,1,0,0,nateglinide
604290435,0,0,1,0,0,nateglinide
604290484,0,0,1,0,0,repaglinide
604290485,0,0,1,0,0,repaglinide
604290486,0,0,1,0,0,repaglinide
604290640,0,1,0,0,0,irbesartan
604290641,0,1,0,0,0,irbesartan
604290642,0,1,0,0,0,irbesartan
604290722,0,0,1,0,0,metformin
604290723,0,0,1,0,0,metformin
604290724,0,0,1,0,0,metformin
604290725,0,0,1,0,0,metformin
604290728,0,1,0,0,0,lisinopril
604290729,0,1,0,0,0,lisinopril
604290730,0,1,0,0,0,lisinopril
604290731,0,1,0,0,0,lisinopril
604290732,0,1,0,0,0,lisinopril
604290733,0,1,0,0,0,lisinopril
604290755,0,1,0,0,0,fosinopril
604290756,0,1,0,0,0,fosinopril
604290757,0,1,0,0,0,fosinopril
604290842,1,0,0,0,0,rosuvastatin
604290843,1,0,0,0,0,rosuvastatin
604290844,1,0,0,0,0,rosuvastatin
604290845,1,0,0,0,0,rosuvastatin
604290863,0,1,0,0,0,losartan
604290864,0,1,0,0,0,losartan
604290865,0,1,0,0,0,losartan
604290879,1,0,0,0,0,simvastatin
604290880,1,0,0,0,0,simvastatin
604290881,1,0,0,0,0,simvastatin
604290882,1,0,0,0,0,simvastatin
604290918,0,0,1,0,0,glimepiride
604290919,0,0,1,0,0,glimepiride
604290920,0,0,1,0,0,glimepiride
604290978,0,1,0,0,0,trandolapril
604290979,0,1,0,0,0,trandolapril
604290980,0,1,0,0,0,trandolapril
605050003,0,1,0,0,0,captopril
605050004,0,1,0,0,0,captopril
605050005,0,1,0,0,0,captopril
605050006,0,1,0,0,0,captopril
605050049,0,1,0,0,0,enalapril
605050050,0,1,0,0,0,enalapril
605050051,0,1,0,0,0,enalapril
605050052,0,1,0,0,0,enalapril
605050141,0,0,1,0,0,glipizide
605050142,0,0,1,0,0,glipizide
605050168,1,0,0,0,0,pravastatin
605050169,1,0,0,0,0,pravastatin
605050170,1,0,0,0,0,pravastatin
605050172,0,1,0,0,0,quinapril
605050173,0,1,0,0,0,quinapril
605050174,0,1,0,0,0,quinapril
605050175,0,1,0,0,0,quinapril
605050177,1,0,0,0,0,lovastatin
605050178,1,0,0,0,0,lovastatin
605050179,1,0,0,0,0,lovastatin
605050184,0,1,0,0,0,lisinopril
605050185,0,1,0,0,0,lisinopril
605050186,0,1,0,0,0,lisinopril
605050187,0,1,0,0,0,lisinopril
605050188,0,1,0,0,0,lisinopril
605050189,0,1,0,0,0,lisinopril
605050190,0,0,1,0,0,metformin
605050191,0,0,1,0,0,metformin
605050192,0,0,1,0,0,metformin
605050205,0,1,0,0,0,lisinopril
605050206,0,1,0,0,0,lisinopril
605050207,0,1,0,0,0,lisinopril
605050208,0,1,0,0,0,enalapril
605050209,0,1,0,0,0,enalapril
605050260,0,0,1,0,0,metformin
605050261,0,1,0,0,0,benazepril
605050262,0,1,0,0,0,benazepril
605050263,0,1,0,0,0,benazepril
605050264,0,1,0,0,0,benazepril
605050265,0,1,0,0,0,benazepril
605050266,0,1,0,0,0,benazepril
605050267,0,1,0,0,0,benazepril
605050268,0,1,0,0,0,benazepril
605050271,0,1,0,0,0,moexipril
605050272,0,1,0,0,0,moexipril
605051323,1,0,0,0,0,pravastatin
605051329,0,0,1,0,0,metformin
605052510,0,1,0,0,0,fosinopril
605052511,0,1,0,0,0,fosinopril
605052512,0,1,0,0,0,fosinopril
605052578,1,0,0,0,0,atorvastatin
605052579,1,0,0,0,0,atorvastatin
605052580,1,0,0,0,0,atorvastatin
605052671,1,0,0,0,0,atorvastatin
605052683,0,1,0,0,0,lisinopril
605052684,0,1,0,0,0,lisinopril
605052685,0,1,0,0,0,lisinopril
605052686,0,1,0,0,0,lisinopril
605052688,0,1,0,0,0,lisinopril
605052689,0,1,0,0,0,lisinopril
605052690,0,1,0,0,0,lisinopril
605052691,0,1,0,0,0,lisinopril
605052875,0,1,0,0,0,ramipril
605052876,0,1,0,0,0,ramipril
605052877,0,1,0,0,0,ramipril
605052878,0,1,0,0,0,ramipril
605052885,1,0,0,0,0,rosuvastatin
605052886,1,0,0,0,0,rosuvastatin
605052887,1,0,0,0,0,rosuvastatin
605052888,1,0,0,0,0,rosuvastatin
605052915,0,1,0,0,0,losartan
605052916,0,1,0,0,0,losartan
605052917,0,1,0,0,0,losartan
605053115,0,1,0,0,0,benazepril
605053116,0,1,0,0,0,benazepril
605053117,0,1,0,0,0,benazepril
605053118,0,1,0,0,0,benazepril
605053160,0,1,0,0,0,losartan
605053161,0,1,0,0,0,losartan
605053162,0,1,0,0,0,losartan
605053225,0,1,0,0,0,benazepril
605053226,0,1,0,0,0,benazepril
605053409,0,1,0,0,0,quinapril
605053410,0,1,0,0,0,quinapril
605053411,0,1,0,0,0,quinapril
605053478,1,0,0,0,0,atorvastatin
605053479,1,0,0,0,0,atorvastatin
605053483,1,0,0,0,0,atorvastatin
605053484,1,0,0,0,0,atorvastatin
605053488,1,0,0,0,0,atorvastatin
605053489,1,0,0,0,0,atorvastatin
605053492,1,0,0,0,0,atorvastatin
605053493,1,0,0,0,0,atorvastatin
605053547,0,1,0,0,0,irbesartan
605053548,0,1,0,0,0,irbesartan
605053549,0,1,0,0,0,irbesartan
605053603,0,1,0,0,0,irbesartan
605053604,0,1,0,0,0,irbesartan
605053618,0,1,0,0,0,candesartan
605053619,0,1,0,0,0,candesartan
605053620,0,1,0,0,0,candesartan
605053621,0,1,0,0,0,candesartan
605053758,0,1,0,0,0,candesartan
605053759,0,1,0,0,0,candesartan
605053760,0,1,0,0,0,candesartan
605053806,0,1,0,0,0,valsartan
605053807,0,1,0,0,0,valsartan
605053808,0,1,0,0,0,valsartan
605053809,0,1,0,0,0,valsartan
605053810,0,1,0,0,0,valsartan
605054502,1,0,0,0,0,rosuvastatin
605054503,1,0,0,0,0,rosuvastatin
605054504,1,0,0,0,0,rosuvastatin
605054505,1,0,0,0,0,rosuvastatin
605054582,0,1,0,0,0,olmesartan
605054583,0,1,0,0,0,olmesartan
605054584,0,1,0,0,0,olmesartan
605054585,0,1,0,0,0,olmesartan
605054652,0,1,0,0,0,olmesartan
605054653,0,1,0,0,0,olmesartan
605054654,0,1,0,0,0,olmesartan
606310040,0,1,0,0,0,azilsartan
606310080,0,1,0,0,0,azilsartan
606310412,0,1,0,0,0,azilsartan
606310425,0,1,0,0,0,azilsartan
606870119,0,1,0,0,0,candesartan
606870128,0,1,0,0,0,valsartan
606870130,0,1,0,0,0,candesartan
606870139,0,1,0,0,0,valsartan
606870143,0,0,1,0,0,metformin
606870155,0,0,1,0,0,metformin
606870162,0,0,1,0,0,metformin
606870169,1,0,0,0,0,pravastatin
606870177,0,1,0,0,0,lisinopril
606870178,1,0,0,0,0,pravastatin
606870190,1,0,0,0,0,pravastatin
606870201,1,0,0,0,0,pravastatin
606870210,1,0,0,0,0,simvastatin
606870234,1,0,0,0,0,rosuvastatin
606870241,0,1,0,0,0,candesartan
606870245,1,0,0,0,0,rosuvastatin
606870256,1,0,0,0,0,rosuvastatin
606870304,0,1,0,0,0,captopril
606870315,0,1,0,0,0,captopril
606870321,0,1,0,0,0,ramipril
606870325,0,1,0,0,0,lisinopril
606870332,0,1,0,0,0,ramipril
606870333,0,1,0,0,0,lisinopril
606870343,0,1,0,0,0,ramipril
606870354,0,1,0,0,0,ramipril
606870391,0,0,1,0,0,pioglitazone
606870480,0,0,1,0,0,glipizide
606870560,0,0,1,0,0,repaglinide
606870612,0,1,0,0,0,valsartan
606870623,0,1,0,0,0,valsartan
606870634,0,1,0,0,0,valsartan
606870640,0,0,1,0,0,metformin
606870646,0,1,0,0,0,lisinopril
606870656,0,1,0,0,0,lisinopril
606870667,0,1,0,0,0,lisinopril
606870673,0,0,1,0,0,nateglinide
606870678,0,1,0,0,0,lisinopril
606870682,0,0,1,0,0,glipizide
606870684,0,0,1,0,0,nateglinide
606870690,0,0,1,0,0,glipizide
606870701,0,0,1,0,0,glipizide
607600005,1,0,0,0,0,simvastatin
607600006,1,0,0,0,0,simvastatin
607600019,1,0,0,0,0,simvastatin
607600024,0,0,1,0,0,glipizide
607600042,0,0,1,0,0,metformin
607600063,0,1,0,0,0,lisinopril
607600064,0,1,0,0,0,lisinopril
607600065,0,1,0,0,0,lisinopril
607600077,1,0,0,0,0,pravastatin
607600078,1,0,0,0,0,pravastatin
607600081,0,1,0,0,0,benazepril
607600082,0,1,0,0,0,benazepril
607600083,0,1,0,0,0,benazepril
607600100,0,0,1,0,0,metformin
607600125,0,1,0,0,0,losartan
607600128,0,1,0,0,0,lisinopril
607600129,0,1,0,0,0,losartan
607600130,0,1,0,0,0,losartan
607600133,0,1,0,0,0,losartan
607600141,0,0,1,0,0,glipizide
607600165,0,0,1,0,0,glipizide
607600175,0,0,1,0,0,glipizide / metformin
607600176,0,0,1,0,0,glipizide / metformin
607600224,0,1,0,0,0,enalapril
607600225,0,1,0,0,0,enalapril
607600226,0,1,0,0,0,enalapril
607600227,0,1,0,0,0,enalapril
607600228,0,0,1,0,0,glimepiride
607600229,0,0,1,0,0,glimepiride
607600230,0,0,1,0,0,glimepiride
607600248,0,0,1,0,0,glimepiride
607600265,0,1,0,0,0,lisinopril
607600266,0,1,0,0,0,lisinopril
607600267,0,1,0,0,0,lisinopril
607600269,0,1,0,0,0,lisinopril
607600270,0,1,0,0,0,lisinopril
607600301,0,1,0,0,0,captopril
607600302,0,1,0,0,0,captopril
607600303,0,1,0,0,0,captopril
607600329,0,0,1,0,0,glipizide
607600351,0,1,0,0,0,benazepril
607600352,0,1,0,0,0,benazepril
607600353,1,0,0,0,0,atorvastatin
607600354,1,0,0,0,0,atorvastatin
607600355,1,0,0,0,0,atorvastatin
607600356,1,0,0,0,0,atorvastatin
607600357,0,1,0,0,0,lisinopril
607600358,0,1,0,0,0,lisinopril
607600359,0,1,0,0,0,lisinopril
607600360,0,1,0,0,0,lisinopril
607600362,0,1,0,0,0,losartan
607600370,1,0,0,0,0,lovastatin
607600371,1,0,0,0,0,lovastatin
607600372,1,0,0,0,0,lovastatin
607600379,1,0,0,0,0,simvastatin
607600380,0,1,0,0,0,lisinopril
607600390,0,1,0,0,0,lisinopril
607600392,0,1,0,0,0,enalapril
607600394,0,0,1,0,0,glipizide
607600421,1,0,0,0,0,pravastatin
607600422,1,0,0,0,0,pravastatin
607600428,0,1,0,0,0,fosinopril
607600429,0,1,0,0,0,fosinopril
607600438,0,1,0,0,0,lisinopril
607600455,0,1,0,0,0,lisinopril
607600472,0,1,0,0,0,losartan
607600476,0,1,0,0,0,ramipril
607600477,0,1,0,0,0,ramipril
607600481,0,1,0,0,0,ramipril
607600497,0,0,1,0,0,metformin
607600519,0,1,0,0,0,lisinopril
607600523,0,0,1,0,0,metformin
607600527,1,0,0,0,0,pravastatin
607600528,1,0,0,0,0,pravastatin
607600568,0,0,1,0,0,glipizide
607600571,0,1,0,0,0,ramipril
607600572,0,1,0,0,0,losartan
607600575,0,1,0,0,0,enalapril
607600587,0,1,0,0,0,enalapril
607600623,0,0,1,0,0,metformin
607600632,0,1,0,0,0,ramipril
607600633,0,1,0,0,0,ramipril
607600645,0,1,0,0,0,losartan
607600688,0,1,0,0,0,enalapril
607600709,1,0,0,0,0,atorvastatin
607600745,0,0,1,0,0,glipizide
607600746,0,0,1,0,0,glipizide
607600760,0,1,0,0,0,losartan
607600777,0,1,0,0,0,enalapril
607600786,0,1,0,0,0,losartan
607600829,1,0,0,0,0,atorvastatin
607600860,0,1,0,0,0,lisinopril
607600861,0,1,0,0,0,lisinopril
607600903,1,0,0,0,0,atorvastatin
607600904,1,0,0,0,0,atorvastatin
607600905,1,0,0,0,0,atorvastatin
607600968,0,1,0,0,0,lisinopril
607600973,0,0,1,0,0,metformin
607600974,0,0,1,0,0,metformin
607600975,0,0,1,0,0,metformin
607600979,1,0,0,0,0,atorvastatin
609510185,0,1,0,0,0,losartan
609510186,0,1,0,0,0,losartan
609510187,0,1,0,0,0,losartan
611450202,0,0,1,0,0,glipizide
611450203,0,0,1,0,0,glipizide
614420115,0,0,1,0,0,glimepiride
614420116,0,0,1,0,0,glimepiride
614420117,0,0,1,0,0,glimepiride
614420141,1,0,0,0,0,lovastatin
614420142,1,0,0,0,0,lovastatin
614420143,1,0,0,0,0,lovastatin
614420361,0,0,1,0,0,metformin
614420362,0,0,1,0,0,metformin
614420363,0,0,1,0,0,metformin
615700110,0,1,0,0,0,ramipril
615700111,0,1,0,0,0,ramipril
615700112,0,1,0,0,0,ramipril
615700120,0,1,0,0,0,ramipril
617860023,0,0,1,0,0,glipizide
617860031,0,1,0,0,0,captopril
617860042,1,0,0,0,0,pravastatin
617860043,0,0,1,0,0,glipizide
617860044,0,1,0,0,0,losartan
617860046,1,0,0,0,0,pravastatin
617860077,0,1,0,0,0,enalapril
617860096,0,1,0,0,0,lisinopril
617860156,0,0,1,0,0,metformin
617860157,0,0,1,0,0,glipizide / metformin
617860168,0,1,0,0,0,enalapril
617860169,0,1,0,0,0,enalapril
617860180,0,1,0,0,0,losartan
617860196,1,0,0,0,0,pravastatin
617860197,1,0,0,0,0,pravastatin
617860226,0,0,1,0,0,glimepiride
617860233,1,0,0,0,0,simvastatin
617860239,1,0,0,0,0,simvastatin
617860240,0,1,0,0,0,lisinopril
617860245,0,0,1,0,0,glyburide
617860255,0,0,1,0,0,metformin
617860271,0,0,1,0,0,metformin
617860286,0,0,1,0,0,glipizide / metformin
617860290,0,1,0,0,0,valsartan
617860299,0,0,1,0,0,metformin
617860303,1,0,0,0,0,atorvastatin
617860323,1,0,0,0,0,atorvastatin
617860326,0,0,1,0,0,glimepiride
617860336,0,1,0,0,0,benazepril
617860343,0,1,0,0,0,benazepril
617860373,0,0,1,0,0,glimepiride
617860378,0,1,0,0,0,lisinopril
617860409,0,1,0,0,0,losartan
617860423,0,1,0,0,0,lisinopril
617860467,0,0,1,0,0,glimepiride
617860494,1,0,0,0,0,pravastatin
617860499,1,0,0,0,0,pravastatin
617860511,0,1,0,0,0,lisinopril
617860535,0,1,0,0,0,fosinopril
617860562,0,0,1,0,0,glimepiride
617860564,0,0,1,0,0,pioglitazone
617860565,0,0,1,0,0,pioglitazone
617860621,0,1,0,0,0,captopril
617860641,1,0,0,0,0,simvastatin
617860648,0,1,0,0,0,valsartan
617860649,0,1,0,0,0,valsartan
617860651,0,0,0,1,0,"insulin isophane, human"
617860669,0,1,0,0,0,benazepril
617860670,0,1,0,0,0,losartan
617860673,1,0,0,0,0,pravastatin
617860677,0,0,1,0,0,glipizide
617860701,0,0,1,0,0,metformin
617860713,0,0,0,1,0,"insulin isophane, human / insulin, regular, human"
617860730,0,0,1,0,0,glipizide
617860745,0,0,1,0,0,glimepiride
617860752,0,1,0,0,0,losartan
617860755,0,1,0,0,0,losartan
617860765,0,1,0,0,0,valsartan
617860774,1,0,0,0,0,atorvastatin
617860783,0,1,0,0,0,lisinopril
617860784,0,1,0,0,0,benazepril
617860791,0,1,0,0,0,valsartan
617860792,0,1,0,0,0,valsartan
617860793,0,1,0,0,0,valsartan
617860805,0,1,0,0,0,lisinopril
617860806,0,1,0,0,0,lisinopril
617860815,0,1,0,0,0,lisinopril
617860820,0,1,0,0,0,losartan
617860821,0,1,0,0,0,lisinopril
617860831,0,0,1,0,0,glipizide
617860835,1,0,0,0,0,rosuvastatin
617860836,1,0,0,0,0,rosuvastatin
617860837,1,0,0,0,0,rosuvastatin
617860838,0,1,0,0,0,lisinopril
617860868,1,0,0,0,0,atorvastatin
617860874,0,1,0,0,0,lisinopril
617860875,0,1,0,0,0,lisinopril
617860876,0,1,0,0,0,lisinopril
617860877,1,0,0,0,0,pravastatin
617860878,0,1,0,0,0,valsartan
617860879,0,1,0,0,0,losartan
617860881,0,1,0,0,0,lisinopril
617860887,1,0,0,0,0,atorvastatin
617860888,0,1,0,0,0,lisinopril
617860895,0,1,0,0,0,lisinopril
617860896,1,0,0,0,0,atorvastatin
617860906,1,0,0,0,0,atorvastatin
617860909,0,1,0,0,0,enalapril
617860916,0,1,0,0,0,lisinopril
617860927,0,1,0,0,0,losartan
617860938,0,1,0,0,0,enalapril
617860945,0,1,0,0,0,lisinopril
617860965,0,1,0,0,0,lisinopril
617860966,1,0,0,0,0,lovastatin
617860967,0,1,0,0,0,valsartan
617860969,0,1,0,0,0,lisinopril
617860974,0,0,1,0,0,metformin
617860976,0,0,1,0,0,metformin
617860981,0,0,1,0,0,glimepiride
617860983,0,0,1,0,0,glipizide
617860986,0,1,0,0,0,lisinopril
617860997,0,1,0,0,0,lisinopril
617860998,0,1,0,0,0,lisinopril
618740180,0,1,0,0,0,valsartan
618940000,0,1,0,0,0,perindopril
618940001,0,1,0,0,0,perindopril
618940002,0,1,0,0,0,perindopril
618940010,0,1,0,0,0,perindopril
618940011,0,1,0,0,0,perindopril
618940012,0,1,0,0,0,perindopril
619190030,0,1,0,0,0,losartan
619190040,0,1,0,0,0,losartan
619190157,0,1,0,0,0,ramipril
619190161,0,1,0,0,0,lisinopril
619190179,0,1,0,0,0,ramipril
619190180,1,0,0,0,0,atorvastatin
619190246,0,1,0,0,0,lisinopril
619190250,0,0,1,0,0,glimepiride
619190258,1,0,0,0,0,atorvastatin
619190277,0,1,0,0,0,enalapril
619190280,0,1,0,0,0,benazepril
619190286,0,0,1,0,0,glipizide
619190287,0,0,1,0,0,glipizide
619190290,1,0,0,0,0,lovastatin
619190303,1,0,0,0,0,atorvastatin
619190306,0,1,0,0,0,lisinopril
619190307,0,1,0,0,0,lisinopril
619190308,0,1,0,0,0,lisinopril
619190309,0,1,0,0,0,lisinopril
619190311,1,0,0,0,0,lovastatin
619190313,0,0,1,0,0,metformin
619190330,0,0,1,0,0,glyburide
619190332,0,1,0,0,0,lisinopril
619190356,0,1,0,0,0,lisinopril
619190372,0,1,0,0,0,enalapril
619190378,0,0,1,0,0,glyburide
619190397,0,0,1,0,0,metformin
619190418,0,0,1,0,0,glyburide / metformin
619190431,1,0,0,0,0,simvastatin
619190446,1,0,0,0,0,simvastatin
619190448,0,0,1,0,0,glimepiride
619190450,0,0,1,0,0,metformin
619190461,0,1,0,0,0,losartan
619190476,0,0,1,0,0,glipizide
619190516,0,1,0,0,0,olmesartan
619190523,0,1,0,0,0,lisinopril
619190531,1,0,0,0,0,atorvastatin
619190540,1,0,0,0,0,atorvastatin
619190543,1,0,0,0,0,atorvastatin
619190546,1,0,0,0,0,pravastatin
619190547,1,0,0,0,0,lovastatin
619190561,0,1,0,0,0,lisinopril
619190632,1,0,0,0,0,atorvastatin
619190634,0,1,0,0,0,valsartan
619190676,1,0,0,0,0,lovastatin
619190688,1,0,0,0,0,simvastatin
619190690,0,1,0,0,0,enalapril
619190701,1,0,0,0,0,rosuvastatin
619190707,1,0,0,0,0,pravastatin
619190708,1,0,0,0,0,pravastatin
619190709,1,0,0,0,0,pravastatin
619190710,1,0,0,0,0,simvastatin
619190712,1,0,0,0,0,rosuvastatin
619190713,0,0,1,0,0,glipizide
619190715,0,0,1,0,0,glipizide
619190717,0,1,0,0,0,lisinopril
619190720,0,0,1,0,0,glimepiride
619190721,0,1,0,0,0,lisinopril
619190722,0,0,1,0,0,glipizide
619190723,0,0,1,0,0,glimepiride
619190725,0,0,1,0,0,glipizide
619190731,1,0,0,0,0,pravastatin
619190732,0,1,0,0,0,losartan
619190734,1,0,0,0,0,pravastatin
619190736,0,1,0,0,0,lisinopril
619190739,0,1,0,0,0,benazepril
619190746,0,1,0,0,0,lisinopril
619190756,0,1,0,0,0,benazepril
619190760,0,1,0,0,0,valsartan
619190764,1,0,0,0,0,simvastatin
619190769,0,0,1,0,0,metformin
619190781,0,0,1,0,0,pioglitazone
619190785,0,1,0,0,0,losartan
619190786,1,0,0,0,0,rosuvastatin
619190790,0,1,0,0,0,valsartan
619190793,0,1,0,0,0,irbesartan
619190797,0,1,0,0,0,losartan
619190799,1,0,0,0,0,rosuvastatin
619190801,1,0,0,0,0,pravastatin
619190813,0,1,0,0,0,enalapril
619190833,0,1,0,0,0,ramipril
619190850,0,0,1,0,0,glipizide
619190852,0,1,0,0,0,benazepril
619190864,0,1,0,0,0,losartan
619190873,0,1,0,0,0,losartan
619190877,0,1,0,0,0,losartan
619190909,0,1,0,0,0,lisinopril
619190916,1,0,0,0,0,atorvastatin
619190922,0,0,1,0,0,metformin
619190941,1,0,0,0,0,lovastatin
619190942,0,1,0,0,0,lisinopril
619190952,0,1,0,0,0,losartan
619190954,0,1,0,0,0,losartan
619190956,1,0,0,0,0,atorvastatin
619190970,0,1,0,0,0,lisinopril
619190972,0,1,0,0,0,valsartan
619190990,0,0,1,0,0,metformin
619190992,0,0,1,0,0,metformin
620220945,0,1,0,0,0,fosinopril
620220946,0,1,0,0,0,fosinopril
620330101,0,1,0,0,0,captopril
620340011,1,0,0,0,0,atorvastatin
620340012,1,0,0,0,0,atorvastatin
620340013,1,0,0,0,0,atorvastatin
620340014,1,0,0,0,0,atorvastatin
620370516,0,1,0,0,0,benazepril
620370517,0,1,0,0,0,benazepril
620370518,0,1,0,0,0,benazepril
620370519,0,1,0,0,0,benazepril
620370531,0,1,0,0,0,quinapril
620370532,0,1,0,0,0,quinapril
620370533,0,1,0,0,0,quinapril
620370534,0,1,0,0,0,quinapril
620370571,0,0,1,0,0,metformin
620370577,0,0,1,0,0,metformin
620370674,0,0,1,0,0,metformin
620370675,0,0,1,0,0,metformin
620370676,0,0,1,0,0,metformin
620370756,0,1,0,0,0,benazepril
620370757,0,1,0,0,0,benazepril
620370758,0,1,0,0,0,benazepril
620370759,0,1,0,0,0,benazepril
620370935,0,1,0,0,0,fosinopril
620370936,0,1,0,0,0,fosinopril
620370937,0,1,0,0,0,fosinopril
621350271,0,1,0,0,0,ramipril
621350272,0,1,0,0,0,ramipril
621350273,0,1,0,0,0,ramipril
621350274,0,1,0,0,0,ramipril
621350535,0,1,0,0,0,telmisartan
621350536,0,1,0,0,0,telmisartan
621350537,0,1,0,0,0,telmisartan
621350680,0,0,1,0,0,metformin
621350681,0,0,1,0,0,metformin
621350682,0,0,1,0,0,metformin
621350683,0,0,1,0,0,metformin
621350684,0,0,1,0,0,metformin
621750171,0,1,0,0,0,moexipril
621750177,0,1,0,0,0,moexipril
621750712,0,1,0,0,0,moexipril
621750720,0,1,0,0,0,moexipril
621750725,0,1,0,0,0,moexipril
621750890,1,0,0,0,0,atorvastatin
621750891,1,0,0,0,0,atorvastatin
621750892,1,0,0,0,0,atorvastatin
621750897,1,0,0,0,0,atorvastatin
622070440,0,0,1,0,0,metformin
622070441,0,0,1,0,0,metformin
622070442,0,0,1,0,0,metformin
622070491,0,0,1,0,0,metformin
622070492,0,0,1,0,0,metformin
622070496,0,0,1,0,0,metformin
623320027,0,1,0,0,0,losartan
623320028,0,1,0,0,0,losartan
623320029,0,1,0,0,0,losartan
623320041,0,1,0,0,0,irbesartan
623320042,0,1,0,0,0,irbesartan
623320043,0,1,0,0,0,irbesartan
623320044,0,1,0,0,0,valsartan
623320045,0,1,0,0,0,valsartan
623320046,0,1,0,0,0,valsartan
623320047,0,1,0,0,0,valsartan
623320048,0,1,0,0,0,losartan
623320049,0,1,0,0,0,losartan
623320050,0,1,0,0,0,losartan
623320051,0,1,0,0,0,irbesartan
623320052,0,1,0,0,0,irbesartan
623320053,0,1,0,0,0,irbesartan
623320060,0,1,0,0,0,candesartan
623320079,0,1,0,0,0,valsartan
623320080,0,1,0,0,0,valsartan
623320081,0,1,0,0,0,valsartan
623320082,0,1,0,0,0,valsartan
623320083,0,1,0,0,0,valsartan
623320087,0,1,0,0,0,telmisartan
623320088,0,1,0,0,0,telmisartan
623320089,0,1,0,0,0,telmisartan
623320131,0,1,0,0,0,olmesartan
623320132,0,1,0,0,0,olmesartan
623320133,0,1,0,0,0,olmesartan
623320149,0,1,0,0,0,olmesartan
623320150,0,1,0,0,0,olmesartan
623320151,0,1,0,0,0,olmesartan
623320205,0,1,0,0,0,valsartan
623320206,0,1,0,0,0,valsartan
623320207,0,1,0,0,0,valsartan
623320208,0,1,0,0,0,valsartan
623320209,0,1,0,0,0,telmisartan
623320210,0,1,0,0,0,telmisartan
623320211,0,1,0,0,0,telmisartan
623320212,0,1,0,0,0,olmesartan
623320213,0,1,0,0,0,olmesartan
623320214,0,1,0,0,0,olmesartan
623320215,0,1,0,0,0,olmesartan
623320341,0,1,0,0,0,candesartan
623320342,0,1,0,0,0,candesartan
623320343,0,1,0,0,0,candesartan
625590315,0,0,1,0,0,glipizide
625590316,0,0,1,0,0,glipizide
625590414,0,1,0,0,0,benazepril
625590415,0,1,0,0,0,benazepril
625590416,0,1,0,0,0,benazepril
625590417,0,1,0,0,0,benazepril
625590640,0,1,0,0,0,candesartan
625590641,0,1,0,0,0,candesartan
625590642,0,1,0,0,0,candesartan
625590643,0,1,0,0,0,candesartan
625590650,0,1,0,0,0,candesartan
625590651,0,1,0,0,0,candesartan
625590652,0,1,0,0,0,candesartan
625590660,0,1,0,0,0,candesartan
625590661,0,1,0,0,0,candesartan
625590662,0,1,0,0,0,candesartan
625590700,1,0,0,0,0,simvastatin
625590701,1,0,0,0,0,simvastatin
625590702,1,0,0,0,0,simvastatin
625590703,1,0,0,0,0,simvastatin
625840259,0,0,1,0,0,metformin
625840332,0,0,1,0,0,metformin
625840452,0,0,1,0,0,metformin
626450401,0,1,0,0,0,captopril
626825002,0,0,1,0,0,glipizide
627560142,0,0,1,0,0,metformin
627560143,0,0,1,0,0,metformin
627560310,0,1,0,0,0,quinapril
627560311,0,1,0,0,0,quinapril
627560312,0,1,0,0,0,quinapril
627560313,0,1,0,0,0,quinapril
629800501,0,1,0,0,0,losartan
629800502,0,1,0,0,0,losartan
629800503,0,1,0,0,0,losartan
631870050,0,1,0,0,0,lisinopril
631870051,0,1,0,0,0,lisinopril
631870071,0,1,0,0,0,losartan
631870072,0,1,0,0,0,losartan
631870073,0,1,0,0,0,ramipril
631870075,1,0,0,0,0,simvastatin
631870090,1,0,0,0,0,lovastatin
631870098,0,1,0,0,0,lisinopril
631870099,0,1,0,0,0,lisinopril
631870101,0,0,1,0,0,metformin
631870102,0,0,1,0,0,metformin
631870108,1,0,0,0,0,atorvastatin
631870109,1,0,0,0,0,atorvastatin
631870191,1,0,0,0,0,simvastatin
631870194,1,0,0,0,0,lovastatin
631870234,0,0,1,0,0,glipizide
631870237,0,1,0,0,0,lisinopril
631870238,0,0,1,0,0,metformin
631870239,0,0,1,0,0,metformin
631870241,0,1,0,0,0,valsartan
631870255,0,0,1,0,0,glipizide
631870257,0,1,0,0,0,lisinopril
631870277,0,1,0,0,0,ramipril
631870296,0,1,0,0,0,losartan
631870312,0,1,0,0,0,valsartan
631870316,0,1,0,0,0,losartan
631870319,0,1,0,0,0,lisinopril
631870332,0,0,1,0,0,metformin
631870336,1,0,0,0,0,atorvastatin
631870345,1,0,0,0,0,lovastatin
631870346,1,0,0,0,0,atorvastatin
631870347,0,1,0,0,0,losartan
631870357,0,1,0,0,0,losartan
631870370,0,1,0,0,0,benazepril
631870391,0,1,0,0,0,losartan
631870393,0,1,0,0,0,benazepril
631870394,0,1,0,0,0,losartan
631870397,0,1,0,0,0,enalapril
631870398,0,1,0,0,0,losartan
631870405,0,1,0,0,0,losartan
631870413,1,0,0,0,0,pravastatin
631870415,1,0,0,0,0,pravastatin
631870425,0,1,0,0,0,quinapril
631870427,0,1,0,0,0,valsartan
631870428,0,1,0,0,0,valsartan
631870442,0,1,0,0,0,lisinopril
631870449,1,0,0,0,0,simvastatin
631870467,0,1,0,0,0,lisinopril
631870477,0,0,1,0,0,glipizide
631870486,0,0,1,0,0,glimepiride
631870499,0,1,0,0,0,benazepril
631870500,0,1,0,0,0,benazepril
631870503,0,1,0,0,0,ramipril
631870534,0,1,0,0,0,lisinopril
631870552,0,1,0,0,0,losartan
631870571,0,1,0,0,0,valsartan
631870589,0,1,0,0,0,losartan
631870599,0,1,0,0,0,losartan
631870602,0,1,0,0,0,losartan
631870630,0,1,0,0,0,irbesartan
631870641,0,0,1,0,0,glimepiride
631870644,0,1,0,0,0,ramipril
631870653,0,1,0,0,0,irbesartan
631870655,0,1,0,0,0,valsartan
631870656,1,0,0,0,0,atorvastatin
631870659,0,0,1,0,0,glyburide
631870667,0,0,1,0,0,glyburide
631870675,0,1,0,0,0,ramipril
631870694,0,1,0,0,0,valsartan
631870698,0,0,1,0,0,glimepiride
631870708,0,1,0,0,0,losartan
631870722,0,1,0,0,0,lisinopril
631870727,0,1,0,0,0,losartan
631870731,1,0,0,0,0,pravastatin
631870732,1,0,0,0,0,pravastatin
631870737,0,1,0,0,0,irbesartan
631870746,0,0,1,0,0,pioglitazone
631870757,0,1,0,0,0,irbesartan
631870765,1,0,0,0,0,lovastatin
631870775,0,1,0,0,0,lisinopril
631870779,0,0,1,0,0,metformin
631870780,0,1,0,0,0,lisinopril
631870808,0,1,0,0,0,losartan
631870811,0,0,1,0,0,glipizide
631870814,1,0,0,0,0,lovastatin
631870816,0,1,0,0,0,ramipril
631870821,0,1,0,0,0,lisinopril
631870825,0,1,0,0,0,lisinopril
631870830,0,1,0,0,0,losartan
631870848,0,0,1,0,0,glyburide
631870854,0,1,0,0,0,ramipril
631870860,1,0,0,0,0,rosuvastatin
631870864,1,0,0,0,0,rosuvastatin
631870865,1,0,0,0,0,rosuvastatin
631870869,1,0,0,0,0,rosuvastatin
631870872,1,0,0,0,0,rosuvastatin
631870874,0,1,0,0,0,quinapril
631870906,0,1,0,0,0,benazepril
631870907,1,0,0,0,0,atorvastatin
631870915,0,1,0,0,0,ramipril
631870918,0,1,0,0,0,losartan
631870935,0,1,0,0,0,losartan
631870943,0,1,0,0,0,valsartan
631870951,0,1,0,0,0,telmisartan
631870977,0,1,0,0,0,enalapril
631870981,0,1,0,0,0,irbesartan
631870993,0,0,1,0,0,glipizide
633040154,0,1,0,0,0,benazepril
633040155,0,1,0,0,0,benazepril
633040156,0,1,0,0,0,benazepril
633040157,0,1,0,0,0,benazepril
633040161,0,1,0,0,0,quinapril
633040162,0,1,0,0,0,quinapril
633040163,0,1,0,0,0,quinapril
633040254,0,0,1,0,0,pioglitazone
633040255,0,0,1,0,0,pioglitazone
633040261,0,0,1,0,0,pioglitazone
633040311,0,0,1,0,0,pioglitazone
633040312,0,0,1,0,0,pioglitazone
633040313,0,0,1,0,0,pioglitazone
633040337,0,1,0,0,0,benazepril
633040338,0,1,0,0,0,benazepril
633040339,0,1,0,0,0,benazepril
633040340,0,1,0,0,0,benazepril
633040403,0,1,0,0,0,fosinopril
633040404,0,1,0,0,0,fosinopril
633040425,0,0,1,0,0,glimepiride
633040426,0,0,1,0,0,glimepiride
633040427,0,0,1,0,0,glimepiride
633040499,1,0,0,0,0,atorvastatin
633040500,1,0,0,0,0,atorvastatin
633040501,1,0,0,0,0,atorvastatin
633040502,1,0,0,0,0,atorvastatin
633040503,1,0,0,0,0,atorvastatin
633040522,0,1,0,0,0,enalapril
633040523,0,1,0,0,0,enalapril
633040524,0,1,0,0,0,enalapril
633040525,0,1,0,0,0,enalapril
633040531,0,1,0,0,0,lisinopril
633040532,0,1,0,0,0,lisinopril
633040533,0,1,0,0,0,lisinopril
633040534,0,1,0,0,0,lisinopril
633040535,0,1,0,0,0,lisinopril
633040536,0,1,0,0,0,lisinopril
633040537,0,1,0,0,0,lisinopril
633040538,0,1,0,0,0,lisinopril
633040548,0,1,0,0,0,quinapril
633040549,0,1,0,0,0,quinapril
633040550,0,1,0,0,0,quinapril
633040551,0,1,0,0,0,quinapril
633040587,1,0,0,0,0,atorvastatin
633040588,1,0,0,0,0,atorvastatin
633040589,1,0,0,0,0,atorvastatin
633040590,1,0,0,0,0,atorvastatin
633040591,1,0,0,0,0,atorvastatin
633040595,1,0,0,0,0,pravastatin
633040596,1,0,0,0,0,pravastatin
633040597,1,0,0,0,0,pravastatin
633040598,1,0,0,0,0,pravastatin
633040599,0,1,0,0,0,lisinopril
633040603,1,0,0,0,0,atorvastatin
633040736,0,1,0,0,0,benazepril
633040737,0,1,0,0,0,benazepril
633040738,0,1,0,0,0,benazepril
633040739,0,1,0,0,0,benazepril
633040767,0,0,1,0,0,metformin
633040775,0,1,0,0,0,fosinopril
633040776,0,1,0,0,0,fosinopril
633040777,0,1,0,0,0,fosinopril
633040789,1,0,0,0,0,simvastatin
633040790,1,0,0,0,0,simvastatin
633040791,1,0,0,0,0,simvastatin
633040792,1,0,0,0,0,simvastatin
633040793,1,0,0,0,0,simvastatin
633040827,1,0,0,0,0,atorvastatin
633040828,1,0,0,0,0,atorvastatin
633040829,1,0,0,0,0,atorvastatin
633040830,1,0,0,0,0,atorvastatin
633040834,0,1,0,0,0,enalapril
633040835,0,1,0,0,0,enalapril
633040860,0,0,1,0,0,metformin
636290087,1,0,0,0,0,atorvastatin
636291015,0,0,1,0,0,glimepiride
636291016,0,0,1,0,0,glimepiride
636291017,0,0,1,0,0,glimepiride
636291018,1,0,0,0,0,lovastatin
636291019,1,0,0,0,0,lovastatin
636291020,1,0,0,0,0,lovastatin
636291178,1,0,0,0,0,lovastatin
636291191,1,0,0,0,0,lovastatin
636291196,1,0,0,0,0,simvastatin
636291197,1,0,0,0,0,simvastatin
636291198,1,0,0,0,0,simvastatin
636291199,1,0,0,0,0,simvastatin
636291200,1,0,0,0,0,simvastatin
636291240,0,1,0,0,0,quinapril
636291241,0,1,0,0,0,quinapril
636291242,0,1,0,0,0,quinapril
636291253,0,1,0,0,0,ramipril
636291254,0,1,0,0,0,ramipril
636291255,0,0,1,0,0,glimepiride
636291337,0,1,0,0,0,losartan
636291338,0,1,0,0,0,captopril
636291392,0,0,1,0,0,glyburide / metformin
636291393,0,0,1,0,0,glyburide
636291394,0,0,1,0,0,glipizide
636291395,0,0,1,0,0,metformin
636291396,0,0,1,0,0,metformin
636291397,0,0,1,0,0,metformin
636291398,0,0,1,0,0,glipizide
636291446,1,0,0,0,0,atorvastatin
636291447,1,0,0,0,0,atorvastatin
636291454,0,1,0,0,0,benazepril
636291464,1,0,0,0,0,lovastatin
636291522,0,1,0,0,0,enalapril
636291525,0,1,0,0,0,enalapril
636291526,0,1,0,0,0,enalapril
636291606,1,0,0,0,0,pravastatin
636291679,0,1,0,0,0,lisinopril
636291706,0,1,0,0,0,captopril
636291728,0,1,0,0,0,benazepril
636291761,0,1,0,0,0,lisinopril
636291784,1,0,0,0,0,lovastatin
636291809,0,1,0,0,0,benazepril
636292126,0,1,0,0,0,candesartan
636292127,0,1,0,0,0,candesartan
636292202,0,0,1,0,0,glipizide
636292203,0,0,1,0,0,glipizide
636292204,0,0,1,0,0,glipizide
636292205,0,0,1,0,0,glipizide
636292238,0,1,0,0,0,olmesartan
636292239,0,1,0,0,0,olmesartan
636292240,0,1,0,0,0,olmesartan
636292241,0,1,0,0,0,olmesartan
636292426,0,1,0,0,0,losartan
636292427,0,1,0,0,0,losartan
636292428,0,1,0,0,0,losartan
636292429,0,1,0,0,0,losartan
636292430,0,1,0,0,0,losartan
636292431,0,1,0,0,0,losartan
636292501,0,0,1,0,0,metformin
636292502,0,0,1,0,0,metformin
636292541,0,1,0,0,0,captopril
636292672,0,1,0,0,0,benazepril
636292679,0,1,0,0,0,benazepril
636292680,0,1,0,0,0,benazepril
636292688,0,1,0,0,0,lisinopril
636292724,1,0,0,0,0,atorvastatin
636292735,0,1,0,0,0,benazepril
636292793,0,0,1,0,0,glyburide / metformin
636292883,0,0,1,0,0,metformin
636292884,0,1,0,0,0,valsartan
636292896,0,1,0,0,0,captopril
636292907,0,0,1,0,0,glyburide
636292908,0,1,0,0,0,lisinopril
636292912,0,1,0,0,0,losartan
636292923,0,1,0,0,0,benazepril
636292935,0,1,0,0,0,lisinopril
636293043,0,0,1,0,0,glimepiride
636293158,0,0,1,0,0,glipizide
636293183,0,1,0,0,0,losartan
636293217,0,1,0,0,0,enalapril
636293292,0,0,1,0,0,pioglitazone
636293299,0,0,1,0,0,pioglitazone
636293330,0,0,1,0,0,pioglitazone
636293344,0,1,0,0,0,losartan
636293357,0,1,0,0,0,olmesartan
636293366,1,0,0,0,0,atorvastatin
636293371,0,1,0,0,0,valsartan
636293373,0,1,0,0,0,irbesartan
636293374,0,1,0,0,0,irbesartan
636293376,0,1,0,0,0,candesartan
636293377,0,1,0,0,0,candesartan
636293381,1,0,0,0,0,rosuvastatin
636293385,1,0,0,0,0,simvastatin
636293390,0,1,0,0,0,olmesartan
636293392,1,0,0,0,0,simvastatin
636293393,1,0,0,0,0,simvastatin
636293397,0,0,1,0,0,glyburide
636293408,1,0,0,0,0,simvastatin
636293563,1,0,0,0,0,pravastatin
636293583,1,0,0,0,0,lovastatin
636293739,0,1,0,0,0,lisinopril
636293998,0,0,1,0,0,glyburide / metformin
636294071,0,0,1,0,0,glipizide
636294159,0,1,0,0,0,irbesartan
636294238,0,1,0,0,0,losartan
636294311,1,0,0,0,0,rosuvastatin
636294367,0,1,0,0,0,quinapril
636294372,1,0,0,0,0,rosuvastatin
636294383,0,1,0,0,0,losartan
636294462,0,1,0,0,0,candesartan
636294470,0,1,0,0,0,lisinopril
636294519,0,1,0,0,0,losartan
636294588,1,0,0,0,0,pravastatin
636294796,1,0,0,0,0,atorvastatin
636294801,1,0,0,0,0,atorvastatin
636294805,0,1,0,0,0,valsartan
636294810,0,0,1,0,0,metformin
636294849,1,0,0,0,0,atorvastatin
636294850,1,0,0,0,0,atorvastatin
636294865,1,0,0,0,0,atorvastatin
636294878,0,1,0,0,0,benazepril
636294888,0,1,0,0,0,losartan
636295032,0,1,0,0,0,losartan
636295233,0,1,0,0,0,candesartan
636295241,0,1,0,0,0,irbesartan
636295247,0,1,0,0,0,lisinopril
636295256,0,0,1,0,0,glipizide
636295271,0,1,0,0,0,valsartan
636295279,0,1,0,0,0,fosinopril
636295366,0,1,0,0,0,benazepril
636295431,0,1,0,0,0,irbesartan
636295598,0,0,1,0,0,glyburide
636295650,0,0,1,0,0,glimepiride
636295682,0,1,0,0,0,telmisartan
636295704,0,1,0,0,0,lisinopril
636296308,1,0,0,0,0,atorvastatin
636296309,0,0,1,0,0,glimepiride
636296319,0,1,0,0,0,enalapril
636296346,1,0,0,0,0,lovastatin
636296352,1,0,0,0,0,atorvastatin
636296365,0,1,0,0,0,lisinopril
636296372,1,0,0,0,0,rosuvastatin
636296381,0,1,0,0,0,losartan
636296386,1,0,0,0,0,lovastatin
636296395,0,0,1,0,0,metformin
636296410,0,0,1,0,0,glipizide
636296413,0,0,1,0,0,glyburide
636296415,0,1,0,0,0,lisinopril
636296421,0,0,1,0,0,glimepiride
636296427,1,0,0,0,0,rosuvastatin
636296436,1,0,0,0,0,lovastatin
636296449,0,1,0,0,0,benazepril
636296454,1,0,0,0,0,atorvastatin
636296464,0,1,0,0,0,lisinopril
636296476,0,0,1,0,0,glipizide
636296477,0,1,0,0,0,valsartan
636296502,1,0,0,0,0,pravastatin
636296524,0,0,1,0,0,linagliptin / metformin
636296525,0,1,0,0,0,lisinopril
636296526,0,1,0,0,0,lisinopril
636296528,0,1,0,0,0,lisinopril
636296529,0,0,1,0,0,metformin
636296530,0,0,1,0,0,metformin
636296633,1,0,0,0,0,atorvastatin
636296634,1,0,0,0,0,atorvastatin
636296638,0,1,0,0,0,enalapril
636296651,0,1,0,0,0,lisinopril
636296652,0,1,0,0,0,lisinopril
636296703,0,1,0,0,0,lisinopril
636296704,0,1,0,0,0,lisinopril
636296758,1,0,0,0,0,pravastatin
636296768,1,0,0,0,0,atorvastatin
636296776,1,0,0,0,0,atorvastatin
636296794,0,0,1,0,0,metformin
636296836,0,1,0,0,0,lisinopril
636296840,0,0,1,0,0,glyburide
636296845,0,1,0,0,0,losartan
636296892,0,1,0,0,0,valsartan
636296905,0,1,0,0,0,valsartan
636296922,0,1,0,0,0,valsartan
636296923,0,1,0,0,0,valsartan
636296924,1,0,0,0,0,rosuvastatin
636296929,1,0,0,0,0,pravastatin
636296930,0,0,1,0,0,glimepiride
636296931,1,0,0,0,0,pravastatin
636296939,0,0,1,0,0,metformin
636296975,0,1,0,0,0,losartan
636296993,0,1,0,0,0,fosinopril
636296994,0,1,0,0,0,fosinopril
636297057,1,0,0,0,0,rosuvastatin
636297086,1,0,0,0,0,pravastatin
636297092,0,0,1,0,0,glipizide
636297093,0,0,1,0,0,glipizide
636297146,1,0,0,0,0,rosuvastatin
636297157,1,0,0,0,0,rosuvastatin
636297158,1,0,0,0,0,rosuvastatin
636297161,1,0,0,0,0,rosuvastatin
636297194,0,1,0,0,0,valsartan
636297230,0,1,0,0,0,telmisartan
636297248,0,0,1,0,0,glipizide / metformin
636297249,0,0,1,0,0,glipizide / metformin
636297260,0,1,0,0,0,ramipril
636297267,0,1,0,0,0,olmesartan
636297278,0,1,0,0,0,olmesartan
636297282,0,1,0,0,0,valsartan
636297293,0,1,0,0,0,fosinopril
636297301,0,1,0,0,0,valsartan
636297421,1,0,0,0,0,simvastatin
636297432,0,1,0,0,0,valsartan
636297443,0,1,0,0,0,valsartan
636297445,0,1,0,0,0,lisinopril
636297468,0,1,0,0,0,irbesartan
636297508,1,0,0,0,0,pravastatin
636297535,0,1,0,0,0,benazepril
636297546,0,1,0,0,0,telmisartan
636297570,0,1,0,0,0,olmesartan
636297643,0,1,0,0,0,benazepril
636297644,0,1,0,0,0,benazepril
636297645,0,1,0,0,0,benazepril
636297663,0,1,0,0,0,fosinopril
636297682,0,1,0,0,0,lisinopril
636297687,1,0,0,0,0,lovastatin
636297688,1,0,0,0,0,lovastatin
636297694,0,0,1,0,0,metformin
636297733,0,1,0,0,0,benazepril
636297746,0,1,0,0,0,benazepril
636297854,0,1,0,0,0,telmisartan
636297895,0,1,0,0,0,enalapril
636297925,0,0,1,0,0,metformin
636297934,0,1,0,0,0,quinapril
636297998,0,1,0,0,0,benazepril
636298003,0,1,0,0,0,trandolapril
636298031,1,0,0,0,0,atorvastatin
636298032,1,0,0,0,0,atorvastatin
636298033,1,0,0,0,0,atorvastatin
636298035,0,1,0,0,0,benazepril
636298062,0,0,1,0,0,glipizide
636298079,0,1,0,0,0,lisinopril
636298080,0,1,0,0,0,lisinopril
636298081,0,1,0,0,0,lisinopril
636298082,0,1,0,0,0,lisinopril
636298083,0,1,0,0,0,lisinopril
636298084,0,1,0,0,0,lisinopril
636298085,0,1,0,0,0,losartan
636298086,0,1,0,0,0,losartan
636298087,0,1,0,0,0,losartan
636298089,0,1,0,0,0,losartan
636298091,1,0,0,0,0,lovastatin
636298093,0,0,1,0,0,metformin
636298094,0,0,1,0,0,metformin
636298117,1,0,0,0,0,pravastatin
636298118,1,0,0,0,0,pravastatin
636298124,1,0,0,0,0,rosuvastatin
636298130,1,0,0,0,0,simvastatin
636298131,1,0,0,0,0,simvastatin
636298166,0,0,1,0,0,metformin
636298181,0,0,1,0,0,glipizide
636298218,0,1,0,0,0,olmesartan
636298231,0,1,0,0,0,benazepril
636298259,0,1,0,0,0,irbesartan
636298260,0,0,1,0,0,canagliflozin / metformin
636298363,0,0,1,0,0,repaglinide
636298390,0,1,0,0,0,trandolapril
636298447,0,0,1,0,0,repaglinide
636298448,0,0,1,0,0,repaglinide
636298449,0,0,1,0,0,repaglinide
636298469,1,0,0,0,0,atorvastatin
636298470,1,0,0,0,0,atorvastatin
636298471,1,0,0,0,0,atorvastatin
636298472,1,0,0,0,0,atorvastatin
636298501,0,0,1,0,0,metformin
636298502,0,0,1,0,0,metformin
636298503,0,0,1,0,0,metformin
636298504,0,0,1,0,0,metformin
636298522,0,1,0,0,0,olmesartan
636298523,0,1,0,0,0,olmesartan
636298524,0,1,0,0,0,olmesartan
636298525,0,1,0,0,0,olmesartan
636298710,0,1,0,0,0,quinapril
636298727,0,1,0,0,0,captopril
636298728,0,1,0,0,0,captopril
636298729,0,1,0,0,0,captopril
636298730,0,1,0,0,0,captopril
636298736,0,1,0,0,0,lisinopril
636298737,1,0,0,0,0,fluvastatin
636298812,1,0,0,0,0,fluvastatin
636298823,0,1,0,0,0,lisinopril
636298833,1,0,0,0,0,pravastatin
636298835,1,0,0,0,0,pravastatin
636298836,1,0,0,0,0,pravastatin
636298904,1,0,0,0,0,pravastatin
636298905,1,0,0,0,0,pravastatin
636298906,1,0,0,0,0,pravastatin
636298909,1,0,0,0,0,pravastatin
636298910,1,0,0,0,0,pravastatin
636298911,1,0,0,0,0,pravastatin
636298912,1,0,0,0,0,pravastatin
636298913,1,0,0,0,0,pravastatin
636299146,0,0,1,0,0,metformin
636299147,0,0,1,0,0,metformin
636299162,1,0,0,0,0,pravastatin
636299163,1,0,0,0,0,pravastatin
636299164,1,0,0,0,0,pravastatin
636299165,1,0,0,0,0,pravastatin
636299192,0,1,0,0,0,losartan
636299194,0,0,1,0,0,repaglinide
636299281,0,0,1,0,0,glipizide
636299426,0,1,0,0,0,olmesartan
636720001,1,0,0,0,0,simvastatin
636720002,1,0,0,0,0,simvastatin
636720003,1,0,0,0,0,simvastatin
636720004,1,0,0,0,0,simvastatin
637390018,1,0,0,0,0,atorvastatin
637390020,1,0,0,0,0,atorvastatin
637390036,1,0,0,0,0,atorvastatin
637390037,1,0,0,0,0,atorvastatin
637390119,0,0,1,0,0,glyburide
637390281,1,0,0,0,0,lovastatin
637390282,1,0,0,0,0,lovastatin
637390322,0,1,0,0,0,enalapril
637390349,0,1,0,0,0,lisinopril
637390350,0,1,0,0,0,lisinopril
637390435,1,0,0,0,0,simvastatin
637390436,1,0,0,0,0,simvastatin
637390437,1,0,0,0,0,simvastatin
637390438,1,0,0,0,0,simvastatin
637390513,0,1,0,0,0,losartan
637390514,0,1,0,0,0,losartan
637390515,0,1,0,0,0,losartan
637390527,0,1,0,0,0,losartan
637390528,0,1,0,0,0,losartan
637390529,0,1,0,0,0,losartan
637390570,1,0,0,0,0,simvastatin
637390571,1,0,0,0,0,simvastatin
637390572,1,0,0,0,0,simvastatin
637390573,1,0,0,0,0,simvastatin
637390640,0,0,1,0,0,metformin
637390649,1,0,0,0,0,pravastatin
637390655,0,0,1,0,0,metformin
637390673,0,1,0,0,0,losartan
637390686,0,1,0,0,0,losartan
637390698,0,1,0,0,0,losartan
637390702,0,0,1,0,0,metformin
637390720,0,0,1,0,0,metformin
638740058,0,1,0,0,0,quinapril
638740316,0,0,1,0,0,glipizide
638740317,0,0,1,0,0,glyburide
638740319,1,0,0,0,0,atorvastatin
638740347,0,1,0,0,0,captopril
638740348,0,1,0,0,0,captopril
638740349,0,1,0,0,0,captopril
638740357,0,0,1,0,0,chlorpropamide
638740363,1,0,0,0,0,lovastatin
638740379,0,1,0,0,0,quinapril
638740423,0,1,0,0,0,enalapril
638740432,0,0,1,0,0,glipizide
638740501,0,0,1,0,0,metformin
638740558,0,1,0,0,0,lisinopril
638740581,0,1,0,0,0,quinapril
638740588,0,0,1,0,0,glyburide
638740589,1,0,0,0,0,atorvastatin
638740590,1,0,0,0,0,atorvastatin
638740618,0,1,0,0,0,lisinopril
638740635,0,0,1,0,0,metformin
638740637,0,1,0,0,0,losartan
638740647,0,1,0,0,0,irbesartan
638740655,0,1,0,0,0,enalapril
638740665,0,0,1,0,0,glyburide
638740939,0,0,1,0,0,glyburide / metformin
638740974,0,0,1,0,0,metformin
638740987,0,1,0,0,0,enalapril
638741114,0,1,0,0,0,lisinopril
638741123,0,1,0,0,0,benazepril
638741149,0,1,0,0,0,benazepril
642050005,1,0,0,0,0,simvastatin
642050006,1,0,0,0,0,simvastatin
642050210,0,1,0,0,0,lisinopril
642050211,0,1,0,0,0,lisinopril
642050212,0,1,0,0,0,lisinopril
642050214,0,1,0,0,0,lisinopril
642050218,0,0,1,0,0,metformin
642050220,0,0,1,0,0,metformin
642050225,0,1,0,0,0,losartan
642050226,0,1,0,0,0,losartan
643800167,0,0,1,0,0,nateglinide
643800168,0,0,1,0,0,nateglinide
643800197,0,1,0,0,0,valsartan
643800198,0,1,0,0,0,valsartan
643800199,0,1,0,0,0,valsartan
643800200,0,1,0,0,0,valsartan
643800201,0,1,0,0,0,valsartan
643800214,0,1,0,0,0,valsartan
643800215,0,1,0,0,0,valsartan
643800216,0,1,0,0,0,valsartan
643800217,0,1,0,0,0,valsartan
643800933,0,1,0,0,0,losartan
643800934,0,1,0,0,0,losartan
643800935,0,1,0,0,0,losartan
644550140,0,1,0,0,0,enalapril
644550141,0,1,0,0,0,enalapril
644550142,0,1,0,0,0,enalapril
644550143,0,1,0,0,0,enalapril
644550146,0,1,0,0,0,enalapril
646790902,0,1,0,0,0,captopril
646790903,0,1,0,0,0,captopril
646790904,0,1,0,0,0,captopril
646790905,0,1,0,0,0,captopril
646790923,0,1,0,0,0,enalapril
646790924,0,1,0,0,0,enalapril
646790925,0,1,0,0,0,enalapril
646790926,0,1,0,0,0,enalapril
646790927,0,1,0,0,0,lisinopril
646790928,0,1,0,0,0,lisinopril
646790929,0,1,0,0,0,lisinopril
646790941,0,1,0,0,0,lisinopril
646790942,0,1,0,0,0,lisinopril
646790953,0,1,0,0,0,lisinopril
647200123,0,0,1,0,0,glyburide
647200124,0,0,1,0,0,glyburide
647200125,0,0,1,0,0,glyburide
647200140,0,0,1,0,0,glyburide / metformin
647200141,0,0,1,0,0,glyburide / metformin
647200142,0,0,1,0,0,glyburide / metformin
647200161,0,1,0,0,0,trandolapril
647200162,0,1,0,0,0,trandolapril
647200163,0,1,0,0,0,trandolapril
647200290,0,0,1,0,0,glyburide
647200291,0,0,1,0,0,glyburide
647200292,0,0,1,0,0,glyburide
647250058,0,0,1,0,0,glyburide
647250102,0,0,1,0,0,metformin
647250139,0,0,1,0,0,glipizide
647250397,0,0,1,0,0,metformin
647250514,0,1,0,0,0,lisinopril
647250750,0,0,0,1,0,"insulin aspart, human"
647250924,0,1,0,0,0,enalapril
647251010,0,1,0,0,0,lisinopril
647251020,0,1,0,0,0,lisinopril
647251833,0,0,0,1,0,"insulin, regular, human"
647251834,0,0,0,1,0,"insulin isophane, human"
647251837,0,0,0,1,0,"insulin isophane, human / insulin, regular, human"
647252220,0,0,0,1,0,insulin glargine
647255150,0,1,0,0,0,lisinopril
647255400,0,1,0,0,0,lisinopril
647640123,0,0,1,0,0,alogliptin / pioglitazone
647640125,0,0,1,0,0,alogliptin
647640151,0,0,1,0,0,pioglitazone
647640155,0,0,1,0,0,metformin / pioglitazone
647640158,0,0,1,0,0,metformin / pioglitazone
647640250,0,0,1,0,0,alogliptin
647640251,0,0,1,0,0,alogliptin / pioglitazone
647640253,0,0,1,0,0,alogliptin / pioglitazone
647640254,0,0,1,0,0,alogliptin / pioglitazone
647640301,0,0,1,0,0,pioglitazone
647640302,0,0,1,0,0,glimepiride / pioglitazone
647640304,0,0,1,0,0,glimepiride / pioglitazone
647640335,0,0,1,0,0,alogliptin / metformin
647640337,0,0,1,0,0,alogliptin / metformin
647640451,0,0,1,0,0,pioglitazone
647640625,0,0,1,0,0,alogliptin
647640844,0,1,0,0,0,azilsartan
647640884,0,1,0,0,0,azilsartan
647640944,0,1,0,0,0,azilsartan
647640994,0,1,0,0,0,azilsartan
649800194,0,1,0,0,0,benazepril
649800195,0,1,0,0,0,benazepril
649800196,0,1,0,0,0,benazepril
649800279,0,0,1,0,0,glipizide
649800280,0,0,1,0,0,glipizide
649800281,0,0,1,0,0,glipizide
649800382,0,1,0,0,0,irbesartan
649800383,0,1,0,0,0,irbesartan
649800384,0,1,0,0,0,irbesartan
649800385,0,1,0,0,0,irbesartan
649800386,0,1,0,0,0,irbesartan
649800387,0,1,0,0,0,irbesartan
650840416,0,0,1,0,0,metformin
650840649,1,0,0,0,0,pravastatin
651620174,0,0,1,0,0,metformin
651620175,0,0,1,0,0,metformin
651620177,0,0,1,0,0,metformin
651620178,0,0,1,0,0,metformin
651620179,0,0,1,0,0,metformin
651620218,0,0,1,0,0,metformin
651620219,0,0,1,0,0,metformin
651620220,0,0,1,0,0,metformin
651620284,0,1,0,0,0,irbesartan
651620285,0,1,0,0,0,irbesartan
651620286,0,1,0,0,0,irbesartan
651620291,0,1,0,0,0,telmisartan
651620292,0,1,0,0,0,telmisartan
651620293,0,1,0,0,0,telmisartan
651620751,0,1,0,0,0,benazepril
651620752,0,1,0,0,0,benazepril
651620753,0,1,0,0,0,benazepril
651620754,0,1,0,0,0,benazepril
651620837,0,1,0,0,0,valsartan
651620838,0,1,0,0,0,valsartan
651620839,0,1,0,0,0,valsartan
651620840,0,1,0,0,0,valsartan
652430176,0,0,1,0,0,glyburide
652430183,0,0,1,0,0,glipizide
652430325,0,0,1,0,0,glyburide
652430352,1,0,0,0,0,lovastatin
652430360,1,0,0,0,0,simvastatin
652430367,1,0,0,0,0,simvastatin
652430378,0,0,1,0,0,glipizide
655970101,0,1,0,0,0,olmesartan
655970103,0,1,0,0,0,olmesartan
655970104,0,1,0,0,0,olmesartan
655970105,0,1,0,0,0,olmesartan
655970106,0,1,0,0,0,olmesartan
655970107,0,1,0,0,0,olmesartan
655970110,0,1,0,0,0,olmesartan
655970111,0,1,0,0,0,olmesartan
655970112,0,1,0,0,0,olmesartan
655970113,0,1,0,0,0,olmesartan
655970114,0,1,0,0,0,olmesartan
655970115,0,1,0,0,0,olmesartan
655970116,0,1,0,0,0,olmesartan
655970117,0,1,0,0,0,olmesartan
655970118,0,1,0,0,0,olmesartan
657270065,1,0,0,0,0,simvastatin
657270066,1,0,0,0,0,simvastatin
657270067,1,0,0,0,0,simvastatin
657270068,1,0,0,0,0,simvastatin
657270069,1,0,0,0,0,simvastatin
658410027,0,0,1,0,0,metformin
658410028,0,0,1,0,0,metformin
658410029,0,0,1,0,0,metformin
658410030,0,0,1,0,0,metformin
658410039,0,0,1,0,0,metformin
658410065,1,0,0,0,0,simvastatin
658410066,1,0,0,0,0,simvastatin
658410067,1,0,0,0,0,simvastatin
658410068,1,0,0,0,0,simvastatin
658410069,1,0,0,0,0,simvastatin
658410655,0,1,0,0,0,ramipril
658410656,0,1,0,0,0,ramipril
658410657,0,1,0,0,0,ramipril
658410658,0,1,0,0,0,ramipril
658410659,0,0,1,0,0,glipizide / metformin
658410660,0,0,1,0,0,glipizide / metformin
658410661,0,0,1,0,0,glipizide / metformin
658410699,0,1,0,0,0,ramipril
658410700,0,1,0,0,0,ramipril
658410701,0,1,0,0,0,ramipril
658410702,0,1,0,0,0,ramipril
658410729,0,1,0,0,0,losartan
658410730,0,1,0,0,0,losartan
658410731,0,1,0,0,0,losartan
658410732,0,1,0,0,0,losartan
658410733,0,1,0,0,0,losartan
658410739,1,0,0,0,0,pravastatin
658410740,1,0,0,0,0,pravastatin
658410741,1,0,0,0,0,pravastatin
658410742,1,0,0,0,0,pravastatin
658410804,0,1,0,0,0,telmisartan
658410805,0,1,0,0,0,telmisartan
658410806,0,1,0,0,0,telmisartan
658410809,0,0,1,0,0,metformin
658410810,0,0,1,0,0,metformin
658410811,0,0,1,0,0,metformin
658410824,0,0,1,0,0,glyburide / metformin
658410825,0,0,1,0,0,glyburide / metformin
658410826,0,0,1,0,0,glyburide / metformin
658410832,0,0,1,0,0,glyburide
658410833,0,0,1,0,0,glyburide
658410834,0,0,1,0,0,glyburide
658620008,0,0,1,0,0,metformin
658620009,0,0,1,0,0,metformin
658620010,0,0,1,0,0,metformin
658620028,0,0,1,0,0,glyburide
658620029,0,0,1,0,0,glyburide
658620030,0,0,1,0,0,glyburide
658620037,0,1,0,0,0,lisinopril
658620038,0,1,0,0,0,lisinopril
658620039,0,1,0,0,0,lisinopril
658620040,0,1,0,0,0,lisinopril
658620041,0,1,0,0,0,lisinopril
658620042,0,1,0,0,0,lisinopril
658620043,0,1,0,0,0,lisinopril
658620044,0,1,0,0,0,lisinopril
658620045,0,1,0,0,0,lisinopril
658620050,1,0,0,0,0,simvastatin
658620051,1,0,0,0,0,simvastatin
658620052,1,0,0,0,0,simvastatin
658620053,1,0,0,0,0,simvastatin
658620054,1,0,0,0,0,simvastatin
658620080,0,0,1,0,0,glyburide / metformin
658620081,0,0,1,0,0,glyburide / metformin
658620082,0,0,1,0,0,glyburide / metformin
658620116,0,1,0,0,0,benazepril
658620117,0,1,0,0,0,benazepril
658620118,0,1,0,0,0,benazepril
658620161,0,1,0,0,0,quinapril
658620162,0,1,0,0,0,quinapril
658620163,0,1,0,0,0,quinapril
658620164,0,1,0,0,0,trandolapril
658620165,0,1,0,0,0,trandolapril
658620166,0,1,0,0,0,trandolapril
658620201,0,1,0,0,0,losartan
658620202,0,1,0,0,0,losartan
658620203,0,1,0,0,0,losartan
658620286,0,1,0,0,0,perindopril
658620287,0,1,0,0,0,perindopril
658620288,0,1,0,0,0,perindopril
658620291,0,0,1,0,0,metformin
658620292,0,0,1,0,0,metformin
658620293,1,0,0,0,0,rosuvastatin
658620294,1,0,0,0,0,rosuvastatin
658620295,1,0,0,0,0,rosuvastatin
658620296,1,0,0,0,0,rosuvastatin
658620308,0,1,0,0,0,fosinopril
658620309,0,1,0,0,0,fosinopril
658620468,0,1,0,0,0,losartan
658620469,0,1,0,0,0,losartan
658620470,0,1,0,0,0,losartan
658620471,0,1,0,0,0,fosinopril
658620472,0,1,0,0,0,fosinopril
658620473,0,1,0,0,0,fosinopril
658620474,0,1,0,0,0,ramipril
658620475,0,1,0,0,0,ramipril
658620476,0,1,0,0,0,ramipril
658620477,0,1,0,0,0,ramipril
658620512,0,0,1,0,0,pioglitazone
658620513,0,0,1,0,0,pioglitazone
658620514,0,0,1,0,0,pioglitazone
658620525,0,0,1,0,0,metformin / pioglitazone
658620526,0,0,1,0,0,metformin / pioglitazone
658620547,0,1,0,0,0,valsartan
658620548,0,1,0,0,0,valsartan
658620549,0,1,0,0,0,valsartan
658620550,0,1,0,0,0,valsartan
658620551,0,1,0,0,0,valsartan
658620570,0,1,0,0,0,valsartan
658620571,0,1,0,0,0,valsartan
658620572,0,1,0,0,0,valsartan
658620573,0,1,0,0,0,valsartan
658620579,0,0,1,0,0,glimepiride
658620580,0,0,1,0,0,glimepiride
658620581,0,0,1,0,0,glimepiride
658620582,0,1,0,0,0,benazepril
658620583,0,1,0,0,0,benazepril
658620584,0,1,0,0,0,benazepril
658620585,0,1,0,0,0,benazepril
658620586,0,1,0,0,0,benazepril
658620587,0,1,0,0,0,benazepril
658620617,0,1,0,0,0,quinapril
658620618,0,1,0,0,0,quinapril
658620619,0,1,0,0,0,quinapril
658620620,0,1,0,0,0,quinapril
658620629,0,1,0,0,0,irbesartan
658620630,0,1,0,0,0,irbesartan
658620631,0,1,0,0,0,irbesartan
658620632,1,0,0,0,0,pravastatin
658620633,1,0,0,0,0,pravastatin
658620634,1,0,0,0,0,pravastatin
658620635,1,0,0,0,0,pravastatin
658620637,0,1,0,0,0,irbesartan
658620638,0,1,0,0,0,irbesartan
658620639,0,1,0,0,0,irbesartan
658620670,0,0,1,0,0,repaglinide
658620671,0,0,1,0,0,repaglinide
658620672,0,0,1,0,0,repaglinide
658620737,0,1,0,0,0,valsartan
658620738,0,1,0,0,0,valsartan
658620739,0,1,0,0,0,valsartan
658620740,0,1,0,0,0,valsartan
658620741,0,1,0,0,0,olmesartan
658620742,0,1,0,0,0,olmesartan
658620743,0,1,0,0,0,olmesartan
658620779,0,1,0,0,0,olmesartan
658620780,0,1,0,0,0,olmesartan
658620781,0,1,0,0,0,olmesartan
658620834,0,1,0,0,0,valsartan
658620835,0,1,0,0,0,valsartan
658620836,0,1,0,0,0,valsartan
658620837,0,1,0,0,0,valsartan
658620838,0,1,0,0,0,valsartan
658620854,0,1,0,0,0,olmesartan
658620855,0,1,0,0,0,olmesartan
658620856,0,1,0,0,0,olmesartan
658620857,0,1,0,0,0,olmesartan
658620867,0,1,0,0,0,telmisartan
658620868,0,1,0,0,0,telmisartan
658620869,0,1,0,0,0,telmisartan
658620888,0,0,1,0,0,glipizide
658620889,0,0,1,0,0,glipizide
658620890,0,0,1,0,0,glipizide
658620976,0,1,0,0,0,telmisartan
658620977,0,1,0,0,0,telmisartan
658620978,0,1,0,0,0,telmisartan
660641040,0,0,1,0,0,metformin
660641041,0,0,1,0,0,metformin
660641042,0,0,1,0,0,metformin
661050101,0,1,0,0,0,quinapril
661050102,0,1,0,0,0,quinapril
661050103,0,1,0,0,0,quinapril
661050113,1,0,0,0,0,atorvastatin
661050114,1,0,0,0,0,atorvastatin
661050115,1,0,0,0,0,atorvastatin
661050121,1,0,0,0,0,pravastatin
661050122,1,0,0,0,0,pravastatin
661050154,0,0,1,0,0,pioglitazone
661050156,0,0,1,0,0,pioglitazone
661050503,0,1,0,0,0,irbesartan
661050504,0,1,0,0,0,irbesartan
661050505,1,0,0,0,0,simvastatin
661050506,1,0,0,0,0,simvastatin
661050524,0,1,0,0,0,quinapril
661050544,0,1,0,0,0,valsartan
661050545,0,1,0,0,0,valsartan
661050548,0,1,0,0,0,lisinopril
661050552,0,1,0,0,0,losartan
661050553,0,1,0,0,0,losartan
661050559,0,1,0,0,0,candesartan
661050652,0,0,1,0,0,sitagliptin
661050663,0,1,0,0,0,losartan
661050669,0,1,0,0,0,losartan
661050732,0,0,1,0,0,pioglitazone
661050842,0,1,0,0,0,telmisartan
661050984,0,0,1,0,0,glyburide
661050985,0,0,1,0,0,glyburide
661050986,0,0,1,0,0,glyburide
661050988,1,0,0,0,0,rosuvastatin
661160300,0,1,0,0,0,lisinopril
661160310,0,1,0,0,0,lisinopril
661160316,1,0,0,0,0,simvastatin
661160346,1,0,0,0,0,pravastatin
661160360,0,0,1,0,0,glyburide
661160370,0,0,1,0,0,metformin
661160378,0,0,1,0,0,metformin
661160391,0,1,0,0,0,lisinopril
661160406,1,0,0,0,0,simvastatin
661160408,1,0,0,0,0,simvastatin
661160415,0,1,0,0,0,losartan
661160427,0,0,1,0,0,glipizide
661160432,0,0,1,0,0,glimepiride
661160433,0,0,1,0,0,metformin
661160450,0,1,0,0,0,losartan
661160452,0,1,0,0,0,losartan
661160498,1,0,0,0,0,atorvastatin
661160504,0,0,1,0,0,pioglitazone
661160841,0,1,0,0,0,lisinopril
661437510,0,0,0,1,0,insulin lispro
662670040,0,1,0,0,0,captopril
662670099,0,0,1,0,0,glipizide
662670100,0,0,1,0,0,glipizide
662670102,0,0,1,0,0,glyburide
662670103,0,0,1,0,0,glyburide
662670253,0,1,0,0,0,enalapril
662670323,0,1,0,0,0,enalapril
662670380,0,1,0,0,0,enalapril
662670413,0,1,0,0,0,enalapril
662670493,0,0,1,0,0,metformin
662670497,0,0,1,0,0,metformin
662670506,1,0,0,0,0,lovastatin
662670523,0,1,0,0,0,valsartan
662670553,0,0,1,0,0,metformin
662670555,1,0,0,0,0,lovastatin
662670561,1,0,0,0,0,lovastatin
662670570,0,1,0,0,0,lisinopril
662670577,0,1,0,0,0,lisinopril
662670578,0,1,0,0,0,lisinopril
662670583,0,1,0,0,0,lisinopril
662670751,0,1,0,0,0,lisinopril
662670752,0,1,0,0,0,lisinopril
662671009,0,1,0,0,0,enalapril
662671260,1,0,0,0,0,simvastatin
662671261,1,0,0,0,0,simvastatin
663360028,0,0,1,0,0,glyburide
663360124,0,1,0,0,0,benazepril
663360169,0,1,0,0,0,valsartan
663360232,0,1,0,0,0,benazepril
663360269,0,0,1,0,0,glipizide
663360270,0,0,1,0,0,metformin
663360292,0,0,1,0,0,metformin
663360310,1,0,0,0,0,lovastatin
663360358,0,0,1,0,0,metformin
663360360,0,0,1,0,0,pioglitazone
663360361,0,0,1,0,0,pioglitazone
663360387,0,1,0,0,0,valsartan
663360389,0,1,0,0,0,enalapril
663360391,0,1,0,0,0,enalapril
663360393,0,1,0,0,0,enalapril
663360412,1,0,0,0,0,lovastatin
663360500,0,0,1,0,0,metformin
663360534,0,0,1,0,0,glimepiride
663360535,0,0,1,0,0,glimepiride
663360572,0,1,0,0,0,lisinopril
663360573,0,0,1,0,0,glimepiride
663360602,1,0,0,0,0,lovastatin
663360613,0,0,1,0,0,pioglitazone
663360618,0,1,0,0,0,captopril
663360662,0,0,1,0,0,glipizide
663360665,0,1,0,0,0,losartan
663360666,0,1,0,0,0,losartan
663360672,0,1,0,0,0,lisinopril
663360674,1,0,0,0,0,rosuvastatin
663360685,1,0,0,0,0,pravastatin
663360691,0,1,0,0,0,benazepril
663360712,0,0,1,0,0,glyburide
663360730,0,0,1,0,0,glipizide
663360741,0,1,0,0,0,lisinopril
663360750,0,1,0,0,0,captopril
663360773,0,1,0,0,0,benazepril
663360784,0,0,1,0,0,glyburide / metformin
663360794,0,1,0,0,0,captopril
663360805,0,1,0,0,0,lisinopril
663360810,0,1,0,0,0,lisinopril
663360813,1,0,0,0,0,pravastatin
663360846,0,0,1,0,0,glipizide
663360850,0,0,1,0,0,glyburide / metformin
663360857,0,0,1,0,0,pioglitazone
663360858,0,0,1,0,0,pioglitazone
663360859,0,0,1,0,0,pioglitazone
663360867,0,1,0,0,0,lisinopril
663360883,0,0,1,0,0,metformin
663360884,0,0,1,0,0,metformin
663360938,0,0,1,0,0,glyburide
663360946,0,1,0,0,0,captopril
663360953,1,0,0,0,0,simvastatin
663360954,1,0,0,0,0,simvastatin
663360972,0,1,0,0,0,lisinopril
663360986,1,0,0,0,0,simvastatin
665820311,1,0,0,0,0,simvastatin
665820312,1,0,0,0,0,simvastatin
665820313,1,0,0,0,0,simvastatin
665820315,1,0,0,0,0,simvastatin
666360691,0,1,0,0,0,benazepril
666850301,0,1,0,0,0,enalapril
666850302,0,1,0,0,0,enalapril
666850303,0,1,0,0,0,enalapril
666850304,0,1,0,0,0,enalapril
666850701,0,1,0,0,0,lisinopril
666850702,0,1,0,0,0,lisinopril
666850703,0,1,0,0,0,lisinopril
666850704,0,1,0,0,0,lisinopril
666850705,0,1,0,0,0,lisinopril
666850706,0,1,0,0,0,lisinopril
666890318,0,0,1,0,0,metformin
667330773,0,0,0,1,0,insulin lispro
667330822,0,0,0,1,0,insulin lispro
667800210,0,0,1,0,0,exenatide
667800212,0,0,1,0,0,exenatide
668690104,1,0,0,0,0,pitavastatin
668690204,1,0,0,0,0,pitavastatin
668690404,1,0,0,0,0,pitavastatin
669930141,0,1,0,0,0,aliskiren
669930142,0,1,0,0,0,aliskiren
669930162,0,0,1,0,0,glimepiride
669930163,0,0,1,0,0,glimepiride
669930164,0,0,1,0,0,glimepiride
669930263,1,0,0,0,0,atorvastatin
669930264,1,0,0,0,0,atorvastatin
669930265,1,0,0,0,0,atorvastatin
669930266,1,0,0,0,0,atorvastatin
669930267,1,0,0,0,0,atorvastatin
669930268,1,0,0,0,0,atorvastatin
669930269,1,0,0,0,0,atorvastatin
669930270,1,0,0,0,0,atorvastatin
669930271,1,0,0,0,0,atorvastatin
669930272,1,0,0,0,0,atorvastatin
669930273,1,0,0,0,0,atorvastatin
669930821,0,0,1,0,0,glimepiride / pioglitazone
669930822,0,0,1,0,0,glimepiride / pioglitazone
670460156,0,1,0,0,0,enalapril
670460157,0,1,0,0,0,enalapril
670460158,0,1,0,0,0,enalapril
670460159,0,1,0,0,0,enalapril
670460160,0,1,0,0,0,enalapril
670460161,0,1,0,0,0,enalapril
670460235,0,0,1,0,0,glipizide
670460236,0,0,1,0,0,glipizide
670460237,0,0,1,0,0,glipizide
670460240,0,0,1,0,0,glyburide
670460332,1,0,0,0,0,atorvastatin
670460334,1,0,0,0,0,atorvastatin
670460419,0,1,0,0,0,lisinopril
670460422,0,1,0,0,0,lisinopril
670460423,0,1,0,0,0,lisinopril
670460424,0,1,0,0,0,lisinopril
670460425,0,1,0,0,0,lisinopril
670460426,0,1,0,0,0,lisinopril
670460427,0,1,0,0,0,lisinopril
670460428,0,1,0,0,0,lisinopril
670460429,0,1,0,0,0,lisinopril
670460433,0,1,0,0,0,lisinopril
670460449,0,1,0,0,0,losartan
670460450,1,0,0,0,0,lovastatin
670460451,1,0,0,0,0,lovastatin
670460455,0,1,0,0,0,losartan
670460459,0,0,1,0,0,metformin
670460460,0,0,1,0,0,metformin
670460461,0,0,1,0,0,metformin
670460462,0,0,1,0,0,metformin
670460463,0,0,1,0,0,metformin
670460464,0,0,1,0,0,metformin
670460669,1,0,0,0,0,simvastatin
670460671,1,0,0,0,0,simvastatin
670460672,1,0,0,0,0,simvastatin
670460674,1,0,0,0,0,simvastatin
670460675,1,0,0,0,0,simvastatin
670460676,1,0,0,0,0,simvastatin
672510460,0,0,1,0,0,glyburide
672530106,0,1,0,0,0,trandolapril
672530107,0,1,0,0,0,trandolapril
672530108,0,1,0,0,0,trandolapril
672530460,0,0,1,0,0,glyburide
672530461,0,0,1,0,0,glyburide
672530462,0,0,1,0,0,glyburide
672530671,0,1,0,0,0,ramipril
672530672,0,1,0,0,0,ramipril
672530673,0,1,0,0,0,ramipril
672530674,0,1,0,0,0,ramipril
672960542,0,1,0,0,0,lisinopril
672960559,0,0,1,0,0,metformin
672960622,0,1,0,0,0,lisinopril
672960630,0,1,0,0,0,lisinopril
672960678,0,1,0,0,0,captopril
672960700,0,0,1,0,0,metformin
672960712,0,0,1,0,0,metformin
672960750,1,0,0,0,0,simvastatin
672960756,0,1,0,0,0,enalapril
672960893,0,0,1,0,0,metformin
672960894,0,0,1,0,0,glipizide
672960920,0,1,0,0,0,lisinopril
672960921,0,1,0,0,0,lisinopril
672961143,1,0,0,0,0,atorvastatin
672961154,0,1,0,0,0,lisinopril
672961202,0,1,0,0,0,lisinopril
672961246,0,0,1,0,0,glimepiride
672961247,0,0,1,0,0,glimepiride
672961249,0,1,0,0,0,lisinopril
672961267,0,0,1,0,0,glipizide
672961422,1,0,0,0,0,atorvastatin
672961452,0,1,0,0,0,lisinopril
672961527,0,0,1,0,0,metformin
672961592,1,0,0,0,0,atorvastatin
672961593,1,0,0,0,0,atorvastatin
672961604,0,0,1,0,0,metformin
672961620,1,0,0,0,0,atorvastatin
672961643,0,0,1,0,0,metformin
672961691,0,1,0,0,0,lisinopril
672961701,0,0,1,0,0,metformin
672961711,0,0,1,0,0,metformin
672961712,0,0,1,0,0,metformin
672961744,0,0,1,0,0,metformin
672961839,0,1,0,0,0,lisinopril
675440047,0,0,1,0,0,metformin
675440050,1,0,0,0,0,simvastatin
675440060,1,0,0,0,0,atorvastatin
675440062,0,1,0,0,0,lisinopril
675440065,0,0,1,0,0,pioglitazone
675440066,0,0,1,0,0,pioglitazone
675440081,1,0,0,0,0,simvastatin
675440082,1,0,0,0,0,simvastatin
675440097,0,0,1,0,0,glipizide
675440106,1,0,0,0,0,lovastatin
675440107,0,0,1,0,0,metformin
675440128,0,1,0,0,0,lisinopril
675440129,0,0,1,0,0,glipizide
675440134,0,1,0,0,0,lisinopril
675440148,0,1,0,0,0,lisinopril
675440150,0,1,0,0,0,captopril
675440159,0,1,0,0,0,lisinopril
675440160,0,1,0,0,0,enalapril
675440163,0,0,1,0,0,metformin
675440165,0,1,0,0,0,enalapril
675440173,0,1,0,0,0,lisinopril
675440174,0,1,0,0,0,lisinopril
675440177,0,1,0,0,0,candesartan
675440199,0,0,1,0,0,glipizide
675440212,0,1,0,0,0,candesartan
675440218,0,1,0,0,0,lisinopril
675440219,0,1,0,0,0,lisinopril
675440225,1,0,0,0,0,lovastatin
675440234,0,1,0,0,0,losartan
675440245,1,0,0,0,0,lovastatin
675440247,1,0,0,0,0,atorvastatin
675440250,0,1,0,0,0,lisinopril
675440276,0,1,0,0,0,lisinopril
675440302,0,0,1,0,0,glipizide
675440306,0,1,0,0,0,fosinopril
675440311,0,1,0,0,0,fosinopril
675440321,0,1,0,0,0,fosinopril
675440322,0,1,0,0,0,fosinopril
675440350,0,1,0,0,0,enalapril
675440377,0,1,0,0,0,lisinopril
675440380,0,1,0,0,0,fosinopril
675440382,0,1,0,0,0,losartan
675440400,0,1,0,0,0,irbesartan
675440403,0,1,0,0,0,valsartan
675440404,0,1,0,0,0,valsartan
675440417,0,0,1,0,0,glyburide / metformin
675440418,0,1,0,0,0,lisinopril
675440421,0,0,1,0,0,metformin
675440424,0,0,1,0,0,metformin
675440431,0,1,0,0,0,fosinopril
675440454,0,1,0,0,0,fosinopril
675440486,0,0,1,0,0,metformin
675440489,0,1,0,0,0,fosinopril
675440511,0,0,1,0,0,glyburide / metformin
675440566,0,0,1,0,0,glyburide
675440653,0,0,1,0,0,glyburide
675440661,0,0,1,0,0,glyburide
675440808,0,0,1,0,0,glipizide
675440854,1,0,0,0,0,simvastatin
675440855,1,0,0,0,0,simvastatin
675440856,1,0,0,0,0,simvastatin
675440857,1,0,0,0,0,simvastatin
675440875,0,0,1,0,0,glyburide
675440997,0,1,0,0,0,lisinopril
675440999,0,1,0,0,0,lisinopril
675441257,1,0,0,0,0,simvastatin
677870271,0,1,0,0,0,ramipril
677870272,0,1,0,0,0,ramipril
677870273,0,1,0,0,0,ramipril
677870274,0,1,0,0,0,ramipril
678010301,1,0,0,0,0,atorvastatin
678010314,1,0,0,0,0,atorvastatin
678010342,0,1,0,0,0,benazepril
678010343,0,1,0,0,0,benazepril
678010402,1,0,0,0,0,atorvastatin
678010441,0,1,0,0,0,benazepril
678770159,0,0,1,0,0,metformin
678770217,0,0,1,0,0,metformin
678770218,0,0,1,0,0,metformin
678770221,0,0,1,0,0,metformin
678770413,0,0,1,0,0,metformin
678770414,0,0,1,0,0,metformin
678770415,0,1,0,0,0,valsartan
678770416,0,1,0,0,0,valsartan
678770417,0,1,0,0,0,valsartan
678770418,0,1,0,0,0,valsartan
678770439,1,0,0,0,0,rosuvastatin
678770440,1,0,0,0,0,rosuvastatin
678770441,1,0,0,0,0,rosuvastatin
678770442,1,0,0,0,0,rosuvastatin
678770445,0,1,0,0,0,olmesartan
678770446,0,1,0,0,0,olmesartan
678770447,0,1,0,0,0,olmesartan
678770482,0,1,0,0,0,telmisartan
678770483,0,1,0,0,0,telmisartan
678770484,0,1,0,0,0,telmisartan
678770499,0,1,0,0,0,olmesartan
678770500,0,1,0,0,0,olmesartan
678770501,0,1,0,0,0,olmesartan
678770502,0,1,0,0,0,olmesartan
678770507,1,0,0,0,0,simvastatin
678770508,1,0,0,0,0,simvastatin
678770509,1,0,0,0,0,simvastatin
678770510,1,0,0,0,0,simvastatin
678770511,1,0,0,0,0,atorvastatin
678770512,1,0,0,0,0,atorvastatin
678770513,1,0,0,0,0,atorvastatin
678770514,1,0,0,0,0,atorvastatin
678770561,0,0,1,0,0,metformin
678770562,0,0,1,0,0,metformin
678770563,0,0,1,0,0,metformin
678770712,0,1,0,0,0,enalapril
680010130,0,1,0,0,0,benazepril
680010131,0,1,0,0,0,benazepril
680010132,0,1,0,0,0,benazepril
680010133,0,1,0,0,0,benazepril
680010134,0,1,0,0,0,benazepril
680010135,0,1,0,0,0,benazepril
680010140,0,1,0,0,0,ramipril
680010141,0,1,0,0,0,ramipril
680010142,0,1,0,0,0,ramipril
680010143,0,1,0,0,0,ramipril
680010177,0,0,1,0,0,glimepiride
680010178,0,0,1,0,0,glimepiride
680010179,0,0,1,0,0,glimepiride
680010186,0,1,0,0,0,quinapril
680010187,0,1,0,0,0,quinapril
680010188,0,1,0,0,0,quinapril
680010189,0,1,0,0,0,quinapril
680010207,0,1,0,0,0,lisinopril
680010208,0,1,0,0,0,lisinopril
680010209,0,1,0,0,0,lisinopril
680010210,0,1,0,0,0,lisinopril
680010211,0,1,0,0,0,lisinopril
680010212,0,1,0,0,0,lisinopril
680010213,1,0,0,0,0,lovastatin
680010214,1,0,0,0,0,lovastatin
680010224,1,0,0,0,0,lovastatin
680010260,0,1,0,0,0,quinapril
680010267,0,1,0,0,0,lisinopril
680010268,0,1,0,0,0,lisinopril
680010269,0,1,0,0,0,lisinopril
680010270,0,1,0,0,0,lisinopril
680010271,0,1,0,0,0,lisinopril
680010272,0,1,0,0,0,lisinopril
680010314,1,0,0,0,0,lovastatin
680010315,1,0,0,0,0,lovastatin
680010316,1,0,0,0,0,lovastatin
680010332,0,1,0,0,0,lisinopril
680010333,0,1,0,0,0,lisinopril
680010334,0,1,0,0,0,lisinopril
680010335,0,1,0,0,0,lisinopril
680010336,0,1,0,0,0,lisinopril
680010337,0,1,0,0,0,lisinopril
680010428,0,1,0,0,0,ramipril
680010429,0,1,0,0,0,ramipril
680010430,0,1,0,0,0,ramipril
680010431,0,1,0,0,0,ramipril
680010486,0,1,0,0,0,lisinopril
680120002,0,0,1,0,0,metformin
680120003,0,0,1,0,0,metformin
680120004,0,0,1,0,0,metformin
680710008,0,0,1,0,0,glipizide
680710026,0,1,0,0,0,benazepril
680710028,0,0,1,0,0,glyburide / metformin
680710146,0,1,0,0,0,benazepril
680710153,0,1,0,0,0,lisinopril
680710154,1,0,0,0,0,atorvastatin
680710263,1,0,0,0,0,rosuvastatin
680710310,1,0,0,0,0,atorvastatin
680710388,0,0,1,0,0,glimepiride
680710399,1,0,0,0,0,atorvastatin
680710405,0,0,1,0,0,pioglitazone
680710406,0,0,1,0,0,pioglitazone
680710407,0,0,1,0,0,pioglitazone
680710433,1,0,0,0,0,rosuvastatin
680710699,1,0,0,0,0,simvastatin
680710716,1,0,0,0,0,simvastatin
680710784,1,0,0,0,0,rosuvastatin
680710785,0,1,0,0,0,valsartan
680710786,0,1,0,0,0,valsartan
680710787,0,1,0,0,0,losartan
680710823,0,0,1,0,0,glimepiride
680710857,0,1,0,0,0,losartan
680710884,0,1,0,0,0,losartan
680710914,1,0,0,0,0,atorvastatin
680710915,1,0,0,0,0,atorvastatin
680710916,1,0,0,0,0,atorvastatin
680711026,0,1,0,0,0,benazepril
680711146,0,1,0,0,0,benazepril
680711419,0,0,1,0,0,metformin
680711515,0,1,0,0,0,losartan
680711516,0,1,0,0,0,losartan
680711517,0,1,0,0,0,losartan
680711518,0,1,0,0,0,losartan
680711551,1,0,0,0,0,atorvastatin
680711553,1,0,0,0,0,atorvastatin
680711556,1,0,0,0,0,atorvastatin
680711557,0,0,1,0,0,glipizide
680711613,0,1,0,0,0,losartan
680711620,0,0,1,0,0,pioglitazone
680711621,0,0,1,0,0,pioglitazone
680711646,1,0,0,0,0,simvastatin
680711672,0,1,0,0,0,lisinopril
680711684,0,1,0,0,0,losartan
680711690,0,1,0,0,0,losartan
680711695,1,0,0,0,0,atorvastatin
680711699,1,0,0,0,0,simvastatin
680711701,0,0,0,1,0,"insulin, regular, human"
680711711,1,0,0,0,0,simvastatin
680711721,1,0,0,0,0,simvastatin
680711729,0,0,1,0,0,pioglitazone
680711769,0,1,0,0,0,benazepril
680711770,0,1,0,0,0,benazepril
680711773,0,0,1,0,0,glipizide
680711774,0,0,1,0,0,metformin
680711775,0,1,0,0,0,lisinopril
680711781,0,0,1,0,0,metformin
680711783,0,1,0,0,0,lisinopril
680711815,0,0,1,0,0,metformin
680711825,0,1,0,0,0,benazepril
680711836,0,0,1,0,0,glyburide / metformin
680711843,0,1,0,0,0,lisinopril
680711847,1,0,0,0,0,simvastatin
680711868,1,0,0,0,0,simvastatin
680711878,0,1,0,0,0,benazepril
680711880,1,0,0,0,0,lovastatin
680711882,0,1,0,0,0,valsartan
680711885,1,0,0,0,0,atorvastatin
680711886,1,0,0,0,0,atorvastatin
680711894,0,1,0,0,0,lisinopril
680711898,1,0,0,0,0,atorvastatin
680711905,0,1,0,0,0,benazepril
680711910,0,0,1,0,0,glimepiride
680711912,0,1,0,0,0,losartan
680711915,1,0,0,0,0,atorvastatin
680711916,0,1,0,0,0,losartan
680711917,1,0,0,0,0,pravastatin
680711918,0,1,0,0,0,benazepril
680711927,0,0,1,0,0,metformin
680711931,0,1,0,0,0,lisinopril
680711936,0,1,0,0,0,enalapril
680711938,0,1,0,0,0,enalapril
680711942,0,0,1,0,0,glimepiride
680711944,0,0,1,0,0,glipizide
680711945,0,1,0,0,0,lisinopril
680711946,1,0,0,0,0,simvastatin
680711947,0,1,0,0,0,losartan
680711952,0,1,0,0,0,losartan
680711956,0,1,0,0,0,benazepril
680711958,0,1,0,0,0,benazepril
680711965,1,0,0,0,0,simvastatin
680711967,0,0,1,0,0,glyburide / metformin
680711969,0,1,0,0,0,benazepril
680711973,1,0,0,0,0,lovastatin
680711975,0,1,0,0,0,benazepril
680711986,0,1,0,0,0,losartan
680711989,0,1,0,0,0,losartan
680711990,1,0,0,0,0,simvastatin
680711991,0,0,1,0,0,glimepiride
680712018,1,0,0,0,0,atorvastatin
680712026,0,1,0,0,0,losartan
680712033,0,1,0,0,0,benazepril
680712036,0,1,0,0,0,benazepril
680712059,0,1,0,0,0,valsartan
680712088,1,0,0,0,0,pravastatin
680712092,1,0,0,0,0,simvastatin
680712118,0,1,0,0,0,valsartan
680712119,0,1,0,0,0,valsartan
680712123,0,1,0,0,0,irbesartan
680712142,0,1,0,0,0,valsartan
680712170,0,0,1,0,0,pioglitazone
680712177,0,1,0,0,0,losartan
680712181,0,0,1,0,0,glipizide
680712183,0,1,0,0,0,lisinopril
680712189,0,0,1,0,0,glyburide
680712194,1,0,0,0,0,pravastatin
680712203,0,1,0,0,0,losartan
680712205,0,1,0,0,0,losartan
680712216,0,1,0,0,0,losartan
680712224,0,1,0,0,0,lisinopril
680712228,0,0,1,0,0,glimepiride
680712250,1,0,0,0,0,simvastatin
680712263,0,1,0,0,0,lisinopril
680712264,0,0,1,0,0,pioglitazone
680712276,1,0,0,0,0,atorvastatin
680712291,0,1,0,0,0,lisinopril
680712293,1,0,0,0,0,atorvastatin
680712302,1,0,0,0,0,atorvastatin
680712303,0,1,0,0,0,lisinopril
680712316,0,0,1,0,0,metformin
680712318,1,0,0,0,0,atorvastatin
680712326,1,0,0,0,0,rosuvastatin
680712336,1,0,0,0,0,simvastatin
680712342,1,0,0,0,0,atorvastatin
680712344,0,1,0,0,0,losartan
680712373,0,0,1,0,0,pioglitazone
680712378,1,0,0,0,0,rosuvastatin
680712379,1,0,0,0,0,rosuvastatin
680712385,0,0,1,0,0,glimepiride
680712386,0,0,1,0,0,metformin
680712388,0,0,1,0,0,metformin
680712389,1,0,0,0,0,atorvastatin
680712398,0,0,1,0,0,metformin
680712402,0,0,1,0,0,glyburide
680712407,1,0,0,0,0,rosuvastatin
680712413,0,0,1,0,0,metformin
680712430,0,1,0,0,0,enalapril
680712437,0,0,1,0,0,pioglitazone
680712439,1,0,0,0,0,atorvastatin
680712441,1,0,0,0,0,atorvastatin
680712452,1,0,0,0,0,atorvastatin
680712465,1,0,0,0,0,atorvastatin
680712468,1,0,0,0,0,atorvastatin
680712490,0,0,1,0,0,metformin
680712495,0,0,1,0,0,pioglitazone
680712542,1,0,0,0,0,atorvastatin
680712559,1,0,0,0,0,simvastatin
680712560,1,0,0,0,0,simvastatin
680712585,1,0,0,0,0,atorvastatin
680712589,0,0,1,0,0,glyburide
680712591,0,1,0,0,0,telmisartan
680712595,0,0,1,0,0,metformin
680712618,0,1,0,0,0,enalapril
680712628,1,0,0,0,0,simvastatin
680712634,1,0,0,0,0,rosuvastatin
680712636,0,0,1,0,0,metformin
680712637,1,0,0,0,0,rosuvastatin
680712653,1,0,0,0,0,lovastatin
680712670,0,1,0,0,0,enalapril
680712680,1,0,0,0,0,atorvastatin
680712687,1,0,0,0,0,atorvastatin
680712690,0,1,0,0,0,losartan
680712691,0,1,0,0,0,lisinopril
680712740,0,1,0,0,0,lisinopril
680712755,1,0,0,0,0,atorvastatin
680712760,1,0,0,0,0,rosuvastatin
680712765,1,0,0,0,0,atorvastatin
680712779,0,0,1,0,0,metformin
680712785,0,1,0,0,0,losartan
680712786,0,1,0,0,0,losartan
680712788,1,0,0,0,0,atorvastatin
680712816,1,0,0,0,0,rosuvastatin
680712823,0,1,0,0,0,lisinopril
680712829,0,0,1,0,0,metformin
680712839,0,0,1,0,0,glipizide
680712848,1,0,0,0,0,rosuvastatin
680712871,1,0,0,0,0,atorvastatin
680712872,1,0,0,0,0,atorvastatin
680712882,0,0,1,0,0,pioglitazone
680712885,1,0,0,0,0,rosuvastatin
680712886,0,0,1,0,0,pioglitazone
680712920,1,0,0,0,0,simvastatin
680712929,0,1,0,0,0,benazepril
680712957,1,0,0,0,0,simvastatin
680713003,0,1,0,0,0,losartan
680713008,0,1,0,0,0,lisinopril
680713009,0,0,1,0,0,glipizide
680713014,0,1,0,0,0,losartan
680713024,0,0,1,0,0,glimepiride
680713043,0,1,0,0,0,lisinopril
680713047,1,0,0,0,0,atorvastatin
680713057,0,1,0,0,0,benazepril
680713064,0,1,0,0,0,lisinopril
680713067,0,1,0,0,0,enalapril
680713068,0,0,1,0,0,glimepiride
680713070,0,1,0,0,0,lisinopril
680713077,0,1,0,0,0,valsartan
680713085,0,1,0,0,0,benazepril
680713090,1,0,0,0,0,simvastatin
680713097,0,0,1,0,0,glyburide
680713102,0,1,0,0,0,losartan
680713108,1,0,0,0,0,lovastatin
680713111,0,0,1,0,0,metformin
680713113,0,1,0,0,0,lisinopril
680713115,1,0,0,0,0,simvastatin
680713117,0,0,1,0,0,metformin
680713122,0,1,0,0,0,lisinopril
680713123,0,1,0,0,0,lisinopril
680713126,0,0,1,0,0,metformin
680713127,1,0,0,0,0,lovastatin
680713139,0,1,0,0,0,losartan
680713141,0,0,1,0,0,glipizide
680713142,0,1,0,0,0,benazepril
680713145,0,1,0,0,0,lisinopril
680713157,1,0,0,0,0,simvastatin
680713167,1,0,0,0,0,atorvastatin
680713173,0,1,0,0,0,enalapril
680713177,0,1,0,0,0,lisinopril
680713178,0,1,0,0,0,lisinopril
680713182,0,1,0,0,0,losartan
680713191,0,1,0,0,0,benazepril
680713200,0,0,1,0,0,metformin
680713209,0,1,0,0,0,losartan
680713212,0,0,1,0,0,metformin
680713216,0,1,0,0,0,losartan
680713220,0,1,0,0,0,lisinopril
680713221,0,1,0,0,0,enalapril
680713226,0,0,1,0,0,metformin
680713239,0,0,1,0,0,glimepiride
680713245,0,1,0,0,0,enalapril
680713246,0,1,0,0,0,benazepril
680713247,1,0,0,0,0,pravastatin
680713253,1,0,0,0,0,pravastatin
680713258,0,1,0,0,0,quinapril
680713261,1,0,0,0,0,lovastatin
680713267,1,0,0,0,0,atorvastatin
680713289,1,0,0,0,0,simvastatin
680713301,0,1,0,0,0,losartan
680713303,0,1,0,0,0,enalapril
680713324,0,1,0,0,0,benazepril
680713348,1,0,0,0,0,rosuvastatin
680713349,1,0,0,0,0,rosuvastatin
680713358,1,0,0,0,0,pravastatin
680713361,1,0,0,0,0,pravastatin
680713365,0,1,0,0,0,benazepril
680713366,1,0,0,0,0,pravastatin
680713370,0,0,1,0,0,metformin
680713371,1,0,0,0,0,atorvastatin
680713374,1,0,0,0,0,atorvastatin
680713391,1,0,0,0,0,simvastatin
680713397,1,0,0,0,0,lovastatin
680713399,1,0,0,0,0,atorvastatin
680714000,0,1,0,0,0,losartan
680714010,0,0,1,0,0,glipizide
680714019,0,1,0,0,0,losartan
680714020,0,0,1,0,0,glipizide
680714035,0,0,1,0,0,pioglitazone
680714036,0,1,0,0,0,losartan
680714039,1,0,0,0,0,pravastatin
680714046,0,1,0,0,0,losartan
680714058,0,1,0,0,0,losartan
680714059,0,1,0,0,0,losartan
680714062,0,1,0,0,0,losartan
680714065,0,1,0,0,0,benazepril
680714066,0,1,0,0,0,benazepril
680714068,0,1,0,0,0,valsartan
680714085,0,0,1,0,0,glipizide
680714093,0,0,1,0,0,glyburide / metformin
680714096,0,1,0,0,0,valsartan
680714098,0,1,0,0,0,benazepril
680714109,0,0,1,0,0,glyburide / metformin
680714124,0,0,1,0,0,glipizide
680714130,0,1,0,0,0,benazepril
680714133,0,0,1,0,0,glipizide
680714136,1,0,0,0,0,atorvastatin
680714141,0,1,0,0,0,losartan
680714142,0,0,1,0,0,glyburide
680714144,0,1,0,0,0,enalapril
680714150,1,0,0,0,0,atorvastatin
680714153,0,0,1,0,0,metformin
680714159,0,1,0,0,0,losartan
680714171,1,0,0,0,0,atorvastatin
680714179,1,0,0,0,0,atorvastatin
680714183,0,1,0,0,0,valsartan
680714184,0,1,0,0,0,valsartan
680714185,1,0,0,0,0,atorvastatin
680714187,0,1,0,0,0,losartan
680714198,0,1,0,0,0,benazepril
680714220,1,0,0,0,0,atorvastatin
680714222,0,1,0,0,0,losartan
680714223,0,0,1,0,0,glipizide
680714232,0,0,1,0,0,glipizide
680714244,0,1,0,0,0,losartan
680714248,0,1,0,0,0,losartan
680714266,0,1,0,0,0,benazepril
680714267,1,0,0,0,0,atorvastatin
680714270,0,0,1,0,0,metformin
680714271,1,0,0,0,0,lovastatin
680714279,1,0,0,0,0,atorvastatin
680714287,1,0,0,0,0,atorvastatin
680714301,1,0,0,0,0,atorvastatin
680714302,1,0,0,0,0,atorvastatin
680714308,1,0,0,0,0,atorvastatin
680714311,0,1,0,0,0,valsartan
680714331,1,0,0,0,0,simvastatin
680714333,0,1,0,0,0,valsartan
680714336,1,0,0,0,0,atorvastatin
680714376,0,1,0,0,0,valsartan
680714378,0,0,1,0,0,glipizide
680714380,0,1,0,0,0,losartan
680714388,0,1,0,0,0,valsartan
680714396,1,0,0,0,0,atorvastatin
680714399,0,1,0,0,0,losartan
680714413,0,1,0,0,0,losartan
680714414,0,1,0,0,0,losartan
680714420,0,0,1,0,0,metformin
680714432,0,1,0,0,0,valsartan
680714435,0,1,0,0,0,lisinopril
680714439,0,1,0,0,0,benazepril
680714440,0,1,0,0,0,benazepril
680714444,0,0,1,0,0,glyburide / metformin
680714448,0,1,0,0,0,losartan
680714452,0,0,1,0,0,glyburide
680714453,0,0,1,0,0,glyburide / metformin
680714454,0,1,0,0,0,losartan
680714467,0,1,0,0,0,valsartan
680714471,0,1,0,0,0,losartan
680714472,1,0,0,0,0,atorvastatin
680714480,1,0,0,0,0,atorvastatin
680714493,0,1,0,0,0,losartan
680714498,0,0,1,0,0,glipizide
680714504,1,0,0,0,0,simvastatin
680714506,1,0,0,0,0,atorvastatin
680714518,0,1,0,0,0,losartan
680714521,0,1,0,0,0,olmesartan
680714524,0,1,0,0,0,benazepril
680714525,0,0,1,0,0,metformin
680714560,0,0,1,0,0,metformin
680714597,0,1,0,0,0,losartan
680714605,0,0,1,0,0,metformin
680714616,0,1,0,0,0,benazepril
680714640,0,1,0,0,0,losartan
680714643,0,0,1,0,0,glipizide
680714654,1,0,0,0,0,atorvastatin
680714660,0,1,0,0,0,lisinopril
680714669,0,0,1,0,0,metformin
680714670,0,0,1,0,0,metformin
680714678,0,1,0,0,0,lisinopril
680714683,0,0,1,0,0,metformin
680714695,0,0,1,0,0,glyburide
680714699,0,1,0,0,0,losartan
680714707,1,0,0,0,0,pravastatin
680714718,0,0,1,0,0,glyburide / metformin
680714722,0,1,0,0,0,benazepril
680714730,0,0,1,0,0,glyburide
680714764,1,0,0,0,0,rosuvastatin
680714765,1,0,0,0,0,rosuvastatin
680714768,0,1,0,0,0,losartan
680714797,1,0,0,0,0,atorvastatin
680714798,1,0,0,0,0,atorvastatin
680714804,0,0,1,0,0,metformin
680714806,1,0,0,0,0,atorvastatin
680714822,0,0,1,0,0,pioglitazone
680714823,0,1,0,0,0,losartan
680714828,0,0,1,0,0,glyburide / metformin
680714835,1,0,0,0,0,atorvastatin
680714837,1,0,0,0,0,atorvastatin
680714840,1,0,0,0,0,atorvastatin
680714857,0,0,1,0,0,glipizide
680714858,0,1,0,0,0,lisinopril
680714861,1,0,0,0,0,atorvastatin
680714869,0,0,1,0,0,glimepiride
680714870,0,1,0,0,0,benazepril
680714871,0,1,0,0,0,lisinopril
680714889,0,0,1,0,0,pioglitazone
680714890,0,1,0,0,0,benazepril
680714891,0,1,0,0,0,losartan
680714894,1,0,0,0,0,pravastatin
680714896,1,0,0,0,0,rosuvastatin
680714904,0,0,1,0,0,glimepiride
680714931,0,1,0,0,0,lisinopril
680714932,0,1,0,0,0,losartan
680714937,0,1,0,0,0,telmisartan
680714939,0,0,1,0,0,glipizide
680714943,0,1,0,0,0,losartan
680714955,1,0,0,0,0,lovastatin
680714959,0,0,1,0,0,pioglitazone
680714962,1,0,0,0,0,atorvastatin
680714964,0,0,1,0,0,pioglitazone
680714979,1,0,0,0,0,atorvastatin
680714981,0,1,0,0,0,lisinopril
680714990,0,0,1,0,0,glimepiride
680714994,0,0,1,0,0,glipizide
680714996,1,0,0,0,0,simvastatin
680714998,1,0,0,0,0,simvastatin
680715001,1,0,0,0,0,pravastatin
680715007,1,0,0,0,0,pravastatin
680715008,1,0,0,0,0,atorvastatin
680715028,0,1,0,0,0,benazepril
680715029,0,0,1,0,0,glyburide
680715030,0,0,1,0,0,glyburide
680715031,0,0,1,0,0,metformin
680715034,0,1,0,0,0,losartan
680715036,0,1,0,0,0,lisinopril
680715040,0,1,0,0,0,losartan
680715041,0,1,0,0,0,losartan
680715046,0,1,0,0,0,lisinopril
680715051,0,0,1,0,0,metformin
680715077,0,1,0,0,0,lisinopril
680715080,0,0,1,0,0,pioglitazone
680715087,0,1,0,0,0,benazepril
680715088,0,1,0,0,0,benazepril
680715089,0,1,0,0,0,lisinopril
680715090,0,1,0,0,0,lisinopril
680715091,1,0,0,0,0,atorvastatin
680715095,0,1,0,0,0,losartan
680715098,0,1,0,0,0,lisinopril
680715111,0,1,0,0,0,benazepril
680715114,0,1,0,0,0,losartan
680715129,0,1,0,0,0,benazepril
680715130,0,1,0,0,0,benazepril
680715131,0,0,1,0,0,metformin
680715143,0,1,0,0,0,lisinopril
680715146,0,1,0,0,0,losartan
680715147,0,1,0,0,0,losartan
680715155,0,0,1,0,0,pioglitazone
680715159,0,1,0,0,0,losartan
680715168,1,0,0,0,0,atorvastatin
680715175,0,1,0,0,0,losartan
680715176,1,0,0,0,0,rosuvastatin
680715178,0,1,0,0,0,telmisartan
680715181,0,1,0,0,0,losartan
680715183,0,1,0,0,0,losartan
680715184,0,1,0,0,0,losartan
680715188,1,0,0,0,0,atorvastatin
680715190,0,1,0,0,0,lisinopril
680715194,1,0,0,0,0,atorvastatin
680715198,1,0,0,0,0,atorvastatin
680715199,0,0,1,0,0,pioglitazone
680715209,0,1,0,0,0,losartan
680715210,0,0,1,0,0,pioglitazone
680715212,0,1,0,0,0,losartan
680715215,0,0,1,0,0,glyburide
680715217,0,0,1,0,0,glyburide
680715225,1,0,0,0,0,rosuvastatin
680715231,1,0,0,0,0,atorvastatin
680715237,1,0,0,0,0,atorvastatin
680715245,0,0,1,0,0,pioglitazone
680715246,1,0,0,0,0,atorvastatin
680715258,1,0,0,0,0,rosuvastatin
680840007,0,1,0,0,0,irbesartan
680840060,0,1,0,0,0,lisinopril
680840061,0,1,0,0,0,lisinopril
680840062,0,1,0,0,0,lisinopril
680840064,0,1,0,0,0,lisinopril
680840072,0,0,1,0,0,metformin
680840097,1,0,0,0,0,atorvastatin
680840098,1,0,0,0,0,atorvastatin
680840099,1,0,0,0,0,atorvastatin
680840111,0,0,1,0,0,glipizide
680840112,0,0,1,0,0,glipizide
680840131,1,0,0,0,0,lovastatin
680840132,1,0,0,0,0,lovastatin
680840133,1,0,0,0,0,lovastatin
680840136,0,0,1,0,0,glyburide / metformin
680840137,0,0,1,0,0,glyburide / metformin
680840138,0,0,1,0,0,glyburide / metformin
680840161,1,0,0,0,0,simvastatin
680840162,1,0,0,0,0,simvastatin
680840164,1,0,0,0,0,simvastatin
680840186,1,0,0,0,0,pravastatin
680840187,1,0,0,0,0,pravastatin
680840188,1,0,0,0,0,pravastatin
680840196,0,1,0,0,0,lisinopril
680840197,0,1,0,0,0,lisinopril
680840198,0,1,0,0,0,lisinopril
680840199,0,1,0,0,0,lisinopril
680840217,0,1,0,0,0,irbesartan
680840266,0,1,0,0,0,ramipril
680840267,0,1,0,0,0,ramipril
680840268,0,1,0,0,0,ramipril
680840294,0,1,0,0,0,ramipril
680840295,0,0,1,0,0,glipizide
680840326,0,0,1,0,0,glimepiride
680840327,0,0,1,0,0,glimepiride
680840346,0,1,0,0,0,losartan
680840347,0,1,0,0,0,losartan
680840348,0,1,0,0,0,losartan
680840349,0,1,0,0,0,benazepril
680840350,0,1,0,0,0,benazepril
680840351,0,1,0,0,0,benazepril
680840390,0,1,0,0,0,enalapril
680840391,0,1,0,0,0,enalapril
680840392,0,1,0,0,0,enalapril
680840458,0,0,1,0,0,nateglinide
680840459,0,0,1,0,0,nateglinide
680840500,1,0,0,0,0,pravastatin
680840501,1,0,0,0,0,pravastatin
680840502,1,0,0,0,0,pravastatin
680840510,1,0,0,0,0,simvastatin
680840511,1,0,0,0,0,simvastatin
680840512,1,0,0,0,0,simvastatin
680840513,1,0,0,0,0,simvastatin
680840514,1,0,0,0,0,simvastatin
680840518,0,1,0,0,0,lisinopril
680840519,0,1,0,0,0,lisinopril
680840556,0,0,1,0,0,tolazamide
680840558,1,0,0,0,0,lovastatin
680840559,1,0,0,0,0,lovastatin
680840560,1,0,0,0,0,lovastatin
680840564,1,0,0,0,0,atorvastatin
680840565,1,0,0,0,0,atorvastatin
680840589,1,0,0,0,0,atorvastatin
680840590,1,0,0,0,0,atorvastatin
680840613,0,0,1,0,0,pioglitazone
680840614,0,0,1,0,0,pioglitazone
680840615,0,0,1,0,0,pioglitazone
680840629,0,0,1,0,0,pioglitazone
680840630,0,0,1,0,0,pioglitazone
680840631,0,0,1,0,0,pioglitazone
680840644,0,1,0,0,0,irbesartan
680840649,0,0,1,0,0,pioglitazone
680840652,0,0,1,0,0,pioglitazone
680840660,0,0,1,0,0,pioglitazone
680840726,0,1,0,0,0,benazepril
680840727,0,1,0,0,0,lisinopril
680840739,0,1,0,0,0,benazepril
680840745,0,0,1,0,0,glyburide / metformin
680840746,1,0,0,0,0,pravastatin
680840749,0,1,0,0,0,losartan
680840765,0,1,0,0,0,lisinopril
680840766,0,1,0,0,0,lisinopril
680840788,0,0,1,0,0,glimepiride
680840804,0,1,0,0,0,valsartan
680840807,0,0,1,0,0,glyburide
680840817,0,1,0,0,0,valsartan
680840819,0,0,1,0,0,metformin
680840822,0,1,0,0,0,valsartan
680840834,0,1,0,0,0,valsartan
680840877,0,1,0,0,0,candesartan
680840878,0,0,1,0,0,pioglitazone
680840899,0,1,0,0,0,quinapril
680840903,0,1,0,0,0,lisinopril
680840926,0,1,0,0,0,valsartan
680840937,0,1,0,0,0,valsartan
680840944,0,1,0,0,0,valsartan
680840954,0,0,1,0,0,repaglinide
680840959,0,1,0,0,0,losartan
680840962,0,1,0,0,0,losartan
680840967,0,0,1,0,0,repaglinide
680840992,0,0,1,0,0,metformin
680870667,0,1,0,0,0,lisinopril
681510050,0,1,0,0,0,captopril
681510177,1,0,0,0,0,simvastatin
681510182,0,1,0,0,0,losartan
681510183,0,1,0,0,0,losartan
681510681,0,1,0,0,0,ramipril
681510757,0,1,0,0,0,trandolapril
681510765,0,0,1,0,0,glipizide
681511013,1,0,0,0,0,atorvastatin
681511020,0,1,0,0,0,quinapril
681511021,0,1,0,0,0,quinapril
681511022,0,1,0,0,0,quinapril
681511326,1,0,0,0,0,fluvastatin
681511334,1,0,0,0,0,fluvastatin
681511363,0,1,0,0,0,benazepril
681511364,0,1,0,0,0,benazepril
681511365,0,1,0,0,0,benazepril
681511442,0,0,1,0,0,metformin
681511472,0,1,0,0,0,moexipril
681511473,0,1,0,0,0,moexipril
681513023,0,1,0,0,0,lisinopril
681513569,0,1,0,0,0,irbesartan
681513591,0,1,0,0,0,trandolapril
681513792,0,0,1,0,0,pioglitazone
681513798,0,0,1,0,0,pioglitazone
681513838,0,1,0,0,0,candesartan
681514145,0,1,0,0,0,candesartan
681514146,0,1,0,0,0,candesartan
681514218,0,0,1,0,0,metformin
681514290,0,1,0,0,0,lisinopril
681514349,0,1,0,0,0,valsartan
681514471,1,0,0,0,0,fluvastatin
681514633,0,1,0,0,0,olmesartan
681514634,1,0,0,0,0,rosuvastatin
681515044,0,1,0,0,0,valsartan
681800101,0,1,0,0,0,valsartan
681800102,0,1,0,0,0,valsartan
681800103,0,1,0,0,0,valsartan
681800104,0,1,0,0,0,valsartan
681800105,0,1,0,0,0,valsartan
681800193,0,1,0,0,0,telmisartan
681800194,0,1,0,0,0,telmisartan
681800195,0,1,0,0,0,telmisartan
681800196,0,1,0,0,0,telmisartan
681800197,0,1,0,0,0,telmisartan
681800198,0,1,0,0,0,telmisartan
681800199,0,1,0,0,0,telmisartan
681800210,0,1,0,0,0,losartan
681800211,0,1,0,0,0,losartan
681800212,0,1,0,0,0,losartan
681800215,0,1,0,0,0,losartan
681800216,0,1,0,0,0,losartan
681800217,0,1,0,0,0,losartan
681800235,0,1,0,0,0,perindopril
681800236,0,1,0,0,0,perindopril
681800237,0,1,0,0,0,perindopril
681800276,0,1,0,0,0,valsartan
681800277,0,1,0,0,0,valsartan
681800278,0,1,0,0,0,valsartan
681800279,0,1,0,0,0,valsartan
681800307,0,1,0,0,0,losartan
681800308,0,1,0,0,0,losartan
681800309,0,1,0,0,0,losartan
681800336,0,0,1,0,0,metformin
681800337,0,0,1,0,0,metformin
681800338,0,0,1,0,0,metformin
681800339,0,0,1,0,0,metformin
681800376,0,1,0,0,0,losartan
681800377,0,1,0,0,0,losartan
681800378,0,1,0,0,0,losartan
681800410,0,1,0,0,0,irbesartan
681800411,0,1,0,0,0,irbesartan
681800412,0,1,0,0,0,irbesartan
681800413,0,1,0,0,0,irbesartan
681800414,0,1,0,0,0,irbesartan
681800459,0,1,0,0,0,benazepril
681800463,0,1,0,0,0,benazepril
681800464,1,0,0,0,0,simvastatin
681800465,1,0,0,0,0,simvastatin
681800467,1,0,0,0,0,lovastatin
681800468,1,0,0,0,0,lovastatin
681800469,1,0,0,0,0,lovastatin
681800472,0,1,0,0,0,benazepril
681800473,0,1,0,0,0,benazepril
681800478,1,0,0,0,0,simvastatin
681800479,1,0,0,0,0,simvastatin
681800480,1,0,0,0,0,simvastatin
681800481,1,0,0,0,0,simvastatin
681800482,1,0,0,0,0,simvastatin
681800485,1,0,0,0,0,pravastatin
681800486,1,0,0,0,0,pravastatin
681800487,1,0,0,0,0,pravastatin
681800488,1,0,0,0,0,pravastatin
681800490,0,0,1,0,0,metformin / repaglinide
681800491,0,0,1,0,0,metformin / repaglinide
681800512,0,1,0,0,0,lisinopril
681800513,0,1,0,0,0,lisinopril
681800514,0,1,0,0,0,lisinopril
681800515,0,1,0,0,0,lisinopril
681800516,0,1,0,0,0,lisinopril
681800517,0,1,0,0,0,lisinopril
681800518,0,1,0,0,0,lisinopril
681800519,0,1,0,0,0,lisinopril
681800520,0,1,0,0,0,lisinopril
681800554,0,1,0,0,0,quinapril
681800556,0,1,0,0,0,quinapril
681800557,0,1,0,0,0,quinapril
681800558,0,1,0,0,0,quinapril
681800559,0,1,0,0,0,quinapril
681800566,0,1,0,0,0,trandolapril
681800567,0,1,0,0,0,trandolapril
681800568,0,1,0,0,0,trandolapril
681800588,0,1,0,0,0,ramipril
681800589,0,1,0,0,0,ramipril
681800590,0,1,0,0,0,ramipril
681800591,0,1,0,0,0,ramipril
681800635,1,0,0,0,0,atorvastatin
681800636,1,0,0,0,0,atorvastatin
681800637,1,0,0,0,0,atorvastatin
681800638,1,0,0,0,0,atorvastatin
681800724,0,1,0,0,0,olmesartan
681800725,0,1,0,0,0,olmesartan
681800726,0,1,0,0,0,olmesartan
681800730,1,0,0,0,0,rosuvastatin
681800731,1,0,0,0,0,rosuvastatin
681800732,1,0,0,0,0,rosuvastatin
681800733,1,0,0,0,0,rosuvastatin
681800755,0,1,0,0,0,benazepril
681800756,0,1,0,0,0,benazepril
681800757,0,1,0,0,0,benazepril
681800758,0,1,0,0,0,benazepril
681800759,0,1,0,0,0,benazepril
681800760,0,1,0,0,0,benazepril
681800764,0,1,0,0,0,valsartan
681800765,0,1,0,0,0,valsartan
681800766,0,1,0,0,0,valsartan
681800767,0,1,0,0,0,valsartan
681800771,0,1,0,0,0,valsartan
681800772,0,1,0,0,0,valsartan
681800773,0,1,0,0,0,valsartan
681800774,0,1,0,0,0,valsartan
681800775,0,1,0,0,0,valsartan
681800979,0,1,0,0,0,lisinopril
681800980,0,1,0,0,0,lisinopril
681800981,0,1,0,0,0,lisinopril
681800982,0,1,0,0,0,lisinopril
682583034,0,0,1,0,0,pioglitazone
682584001,0,1,0,0,0,olmesartan
682585951,0,0,1,0,0,pioglitazone
682585952,0,0,1,0,0,pioglitazone
682585953,0,0,1,0,0,pioglitazone
682585983,0,0,0,1,0,insulin lispro
682585990,0,0,1,0,0,sitagliptin
682585991,0,0,1,0,0,pioglitazone
682586000,1,0,0,0,0,atorvastatin
682586001,1,0,0,0,0,atorvastatin
682586002,1,0,0,0,0,atorvastatin
682586003,0,1,0,0,0,lisinopril
682586009,1,0,0,0,0,simvastatin
682586013,1,0,0,0,0,pravastatin
682586016,1,0,0,0,0,rosuvastatin
682586017,1,0,0,0,0,rosuvastatin
682586021,0,1,0,0,0,ramipril
682586022,0,1,0,0,0,ramipril
682586023,0,1,0,0,0,ramipril
682586025,0,1,0,0,0,benazepril
682586027,0,1,0,0,0,quinapril
682586028,0,1,0,0,0,quinapril
682586030,0,1,0,0,0,losartan
682586031,0,1,0,0,0,losartan
682586036,0,1,0,0,0,lisinopril
682586040,0,1,0,0,0,losartan
682586041,1,0,0,0,0,atorvastatin
682586042,1,0,0,0,0,atorvastatin
682586043,1,0,0,0,0,atorvastatin
682586044,1,0,0,0,0,atorvastatin
682586048,0,1,0,0,0,losartan
682586049,1,0,0,0,0,pravastatin
682586050,1,0,0,0,0,simvastatin
682586053,0,1,0,0,0,valsartan
682586056,0,1,0,0,0,valsartan
682586058,0,1,0,0,0,candesartan
682586059,0,1,0,0,0,benazepril
682586060,0,1,0,0,0,benazepril
682586066,0,1,0,0,0,irbesartan
682586069,0,1,0,0,0,benazepril
682586070,0,1,0,0,0,benazepril
682586071,0,1,0,0,0,valsartan
682586075,0,1,0,0,0,enalapril
682586077,0,1,0,0,0,irbesartan
682586078,0,1,0,0,0,valsartan
682586086,0,1,0,0,0,fosinopril
682586089,0,1,0,0,0,lisinopril
682586094,0,1,0,0,0,valsartan
682586095,0,1,0,0,0,valsartan
682586096,0,1,0,0,0,valsartan
682586097,0,1,0,0,0,valsartan
682586098,0,1,0,0,0,valsartan
682586100,0,1,0,0,0,trandolapril
682586106,0,1,0,0,0,fosinopril
682586965,0,1,0,0,0,valsartan
682586966,0,1,0,0,0,valsartan
682586967,0,1,0,0,0,valsartan
682586968,0,1,0,0,0,valsartan
682586969,0,1,0,0,0,valsartan
682586970,1,0,0,0,0,simvastatin
682586972,0,1,0,0,0,valsartan
682586973,0,1,0,0,0,valsartan
682586978,0,1,0,0,0,olmesartan
682586979,0,1,0,0,0,olmesartan
682586983,1,0,0,0,0,rosuvastatin
682586984,1,0,0,0,0,simvastatin
682586985,1,0,0,0,0,simvastatin
682586986,0,1,0,0,0,valsartan
682586989,0,1,0,0,0,olmesartan
682586990,0,1,0,0,0,telmisartan
682586992,1,0,0,0,0,atorvastatin
682586993,1,0,0,0,0,atorvastatin
682586994,0,1,0,0,0,valsartan
682586995,0,1,0,0,0,olmesartan
682588899,0,0,0,1,0,"insulin aspart, human"
682588927,0,0,0,1,0,insulin detemir
682588931,0,0,0,1,0,insulin glargine
682588947,0,0,1,0,0,exenatide
682588948,0,0,1,0,0,exenatide
682588967,0,0,0,1,0,"insulin aspart, human"
682588972,0,1,0,0,0,valsartan
682588977,0,0,0,1,0,insulin detemir
682588985,0,0,0,1,0,"insulin isophane, human"
682588986,0,0,0,1,0,"insulin isophane, human"
683586003,0,1,0,0,0,lisinopril
683820027,0,0,1,0,0,metformin
683820028,0,0,1,0,0,metformin
683820029,0,0,1,0,0,metformin
683820030,0,0,1,0,0,metformin
683820039,0,0,1,0,0,metformin
683820065,1,0,0,0,0,simvastatin
683820066,1,0,0,0,0,simvastatin
683820067,1,0,0,0,0,simvastatin
683820068,1,0,0,0,0,simvastatin
683820069,1,0,0,0,0,simvastatin
683820070,1,0,0,0,0,pravastatin
683820071,1,0,0,0,0,pravastatin
683820072,1,0,0,0,0,pravastatin
683820073,1,0,0,0,0,pravastatin
683820135,0,1,0,0,0,losartan
683820136,0,1,0,0,0,losartan
683820137,0,1,0,0,0,losartan
683820142,0,1,0,0,0,losartan
683820143,0,1,0,0,0,losartan
683820144,0,1,0,0,0,ramipril
683820145,0,1,0,0,0,ramipril
683820146,0,1,0,0,0,ramipril
683820147,0,1,0,0,0,ramipril
683820169,0,1,0,0,0,benazepril
683820170,0,1,0,0,0,benazepril
683820171,0,1,0,0,0,benazepril
683820172,0,1,0,0,0,benazepril
683820184,0,0,1,0,0,glipizide / metformin
683820185,0,0,1,0,0,glipizide / metformin
683820186,0,0,1,0,0,glipizide / metformin
683820190,0,1,0,0,0,candesartan
683820191,0,1,0,0,0,candesartan
683820192,0,1,0,0,0,candesartan
683820193,0,1,0,0,0,candesartan
683820194,0,1,0,0,0,candesartan
683820195,0,1,0,0,0,candesartan
683820249,1,0,0,0,0,atorvastatin
683820250,1,0,0,0,0,atorvastatin
683820251,1,0,0,0,0,atorvastatin
683820252,1,0,0,0,0,atorvastatin
683820279,0,1,0,0,0,valsartan
683820280,0,1,0,0,0,valsartan
683820281,0,1,0,0,0,valsartan
683820282,0,1,0,0,0,valsartan
683820283,0,1,0,0,0,valsartan
683820299,0,1,0,0,0,irbesartan
683820300,0,1,0,0,0,irbesartan
683820301,0,1,0,0,0,irbesartan
683820306,0,0,1,0,0,pioglitazone
683820307,0,0,1,0,0,pioglitazone
683820308,0,0,1,0,0,pioglitazone
683820335,0,0,1,0,0,glipizide
683820336,0,0,1,0,0,glipizide
683820337,0,0,1,0,0,glipizide
683820374,0,1,0,0,0,ramipril
683820375,0,1,0,0,0,ramipril
683820376,0,1,0,0,0,ramipril
683820377,0,1,0,0,0,ramipril
683820416,0,1,0,0,0,candesartan
683820424,1,0,0,0,0,atorvastatin
683820425,1,0,0,0,0,atorvastatin
683820426,1,0,0,0,0,atorvastatin
683820427,1,0,0,0,0,atorvastatin
683820428,1,0,0,0,0,atorvastatin
683820429,1,0,0,0,0,atorvastatin
683820430,1,0,0,0,0,atorvastatin
683820431,1,0,0,0,0,atorvastatin
683820432,1,0,0,0,0,atorvastatin
683820433,1,0,0,0,0,atorvastatin
683820434,1,0,0,0,0,atorvastatin
683820471,0,1,0,0,0,telmisartan
683820472,0,1,0,0,0,telmisartan
683820473,0,1,0,0,0,telmisartan
683820513,0,1,0,0,0,telmisartan
683820514,0,1,0,0,0,telmisartan
683820515,0,1,0,0,0,telmisartan
683820627,1,0,0,0,0,rosuvastatin
683820628,1,0,0,0,0,rosuvastatin
683820629,1,0,0,0,0,rosuvastatin
683820630,1,0,0,0,0,rosuvastatin
683820643,0,1,0,0,0,olmesartan
683820644,0,1,0,0,0,olmesartan
683820645,0,1,0,0,0,olmesartan
683820653,0,0,1,0,0,glyburide / metformin
683820654,0,0,1,0,0,glyburide / metformin
683820655,0,0,1,0,0,glyburide / metformin
683820656,0,0,1,0,0,glyburide
683820657,0,0,1,0,0,glyburide
683820658,0,0,1,0,0,glyburide
683820721,0,0,1,0,0,nateglinide
683820722,0,0,1,0,0,nateglinide
683820758,0,0,1,0,0,metformin
683820759,0,0,1,0,0,metformin
683820760,0,0,1,0,0,metformin
683820927,0,1,0,0,0,olmesartan
683820928,0,1,0,0,0,olmesartan
683820929,0,1,0,0,0,olmesartan
683820930,0,1,0,0,0,olmesartan
683870521,0,1,0,0,0,lisinopril
683870543,0,1,0,0,0,lisinopril
684620159,0,0,1,0,0,metformin
684620160,0,0,1,0,0,metformin
684620161,0,0,1,0,0,metformin
684620195,1,0,0,0,0,pravastatin
684620196,1,0,0,0,0,pravastatin
684620197,1,0,0,0,0,pravastatin
684620198,1,0,0,0,0,pravastatin
684620199,0,1,0,0,0,telmisartan
684620200,0,1,0,0,0,telmisartan
684620201,0,1,0,0,0,telmisartan
684620205,0,1,0,0,0,moexipril
684620206,0,1,0,0,0,moexipril
684620207,0,1,0,0,0,moexipril
684620208,0,1,0,0,0,moexipril
684620209,0,1,0,0,0,moexipril
684620261,1,0,0,0,0,rosuvastatin
684620262,1,0,0,0,0,rosuvastatin
684620263,1,0,0,0,0,rosuvastatin
684620264,1,0,0,0,0,rosuvastatin
684620294,0,1,0,0,0,trandolapril
684620295,0,1,0,0,0,trandolapril
684620296,0,1,0,0,0,trandolapril
684620321,1,0,0,0,0,simvastatin
684620322,1,0,0,0,0,simvastatin
684620323,1,0,0,0,0,simvastatin
684620324,1,0,0,0,0,simvastatin
684620329,0,1,0,0,0,trandolapril
684620367,0,1,0,0,0,fosinopril
684620368,0,1,0,0,0,fosinopril
684620369,0,1,0,0,0,fosinopril
684620436,0,1,0,0,0,olmesartan
684620437,0,1,0,0,0,olmesartan
684620438,0,1,0,0,0,olmesartan
684620520,0,0,1,0,0,metformin
684620521,0,0,1,0,0,metformin
684620554,0,1,0,0,0,fosinopril
684620555,0,1,0,0,0,fosinopril
684620566,0,1,0,0,0,olmesartan
684620567,0,1,0,0,0,olmesartan
684620568,0,1,0,0,0,olmesartan
684620569,0,1,0,0,0,olmesartan
684620840,0,1,0,0,0,telmisartan
684620841,0,1,0,0,0,telmisartan
684620842,0,1,0,0,0,telmisartan
685052510,0,1,0,0,0,fosinopril
686450112,0,0,1,0,0,metformin
686450120,0,0,1,0,0,metformin
686450150,0,0,1,0,0,glipizide
686450151,0,0,1,0,0,glipizide
686450160,0,1,0,0,0,captopril
686450161,0,1,0,0,0,captopril
686450162,0,1,0,0,0,captopril
686450163,0,1,0,0,0,captopril
686450210,0,0,1,0,0,glyburide
686450211,0,0,1,0,0,glyburide
686450261,1,0,0,0,0,simvastatin
686450262,1,0,0,0,0,simvastatin
686450263,1,0,0,0,0,simvastatin
686450272,0,1,0,0,0,lisinopril
686450290,0,0,1,0,0,metformin
686450300,0,0,1,0,0,metformin
686450360,1,0,0,0,0,pravastatin
686450402,1,0,0,0,0,atorvastatin
686450403,1,0,0,0,0,atorvastatin
686450404,0,1,0,0,0,irbesartan
686450405,0,1,0,0,0,irbesartan
686450406,0,1,0,0,0,losartan
686450407,0,1,0,0,0,losartan
686450408,0,1,0,0,0,losartan
686450409,0,1,0,0,0,losartan
686450410,0,1,0,0,0,losartan
686450411,0,1,0,0,0,losartan
686450412,0,1,0,0,0,losartan
686450417,1,0,0,0,0,atorvastatin
686450418,1,0,0,0,0,atorvastatin
686450454,0,1,0,0,0,enalapril
686450455,0,1,0,0,0,enalapril
686450456,0,1,0,0,0,enalapril
686450457,0,1,0,0,0,enalapril
686450458,1,0,0,0,0,atorvastatin
686450459,1,0,0,0,0,atorvastatin
686450460,1,0,0,0,0,atorvastatin
686450461,1,0,0,0,0,atorvastatin
686450469,0,1,0,0,0,lisinopril
686450470,1,0,0,0,0,simvastatin
686450471,1,0,0,0,0,simvastatin
686450472,1,0,0,0,0,simvastatin
686450480,1,0,0,0,0,atorvastatin
686450481,1,0,0,0,0,atorvastatin
686450482,1,0,0,0,0,atorvastatin
686450483,1,0,0,0,0,atorvastatin
686450486,0,1,0,0,0,losartan
686450494,0,1,0,0,0,losartan
686450495,1,0,0,0,0,atorvastatin
686450524,0,1,0,0,0,losartan
686450525,0,1,0,0,0,losartan
686450526,0,1,0,0,0,losartan
686450527,1,0,0,0,0,simvastatin
686450532,0,1,0,0,0,lisinopril
686450539,0,0,1,0,0,metformin
686450544,0,0,1,0,0,metformin
686450545,0,0,1,0,0,metformin
686450546,0,0,1,0,0,metformin
686450547,0,0,1,0,0,metformin
686450548,0,0,1,0,0,metformin
686450549,0,0,1,0,0,metformin
686450550,0,1,0,0,0,lisinopril
686450551,0,1,0,0,0,lisinopril
686450552,0,1,0,0,0,lisinopril
686450553,0,1,0,0,0,lisinopril
686450554,0,1,0,0,0,lisinopril
686450555,0,1,0,0,0,lisinopril
686450556,0,1,0,0,0,lisinopril
686450557,0,1,0,0,0,lisinopril
686450558,0,1,0,0,0,lisinopril
686450566,1,0,0,0,0,lovastatin
686450567,1,0,0,0,0,lovastatin
686450568,1,0,0,0,0,atorvastatin
686450572,0,0,1,0,0,glimepiride
686450573,0,0,1,0,0,glimepiride
686450574,0,0,1,0,0,glipizide
686450575,0,0,1,0,0,glipizide
686450576,1,0,0,0,0,lovastatin
686450577,0,1,0,0,0,losartan
686450578,0,1,0,0,0,losartan
686450579,0,1,0,0,0,losartan
686450582,0,0,1,0,0,metformin
686450583,0,0,1,0,0,metformin
686450584,0,0,1,0,0,metformin
686450586,0,1,0,0,0,losartan
686450587,0,1,0,0,0,lisinopril
686450588,0,1,0,0,0,lisinopril
686450591,1,0,0,0,0,atorvastatin
686450592,1,0,0,0,0,atorvastatin
686450593,0,1,0,0,0,lisinopril
686450595,0,0,1,0,0,metformin
686450599,0,1,0,0,0,losartan
686450605,0,1,0,0,0,enalapril
686450606,0,1,0,0,0,enalapril
686450607,0,1,0,0,0,enalapril
686450608,0,1,0,0,0,lisinopril
686450609,0,1,0,0,0,lisinopril
686450610,0,1,0,0,0,lisinopril
686450611,0,1,0,0,0,lisinopril
686450612,0,1,0,0,0,lisinopril
686450613,0,1,0,0,0,lisinopril
686820017,0,0,1,0,0,metformin
686820018,0,0,1,0,0,metformin
686820021,0,0,1,0,0,metformin
686820146,0,1,0,0,0,enalapril
686820710,0,1,0,0,0,enalapril
686820711,0,1,0,0,0,enalapril
686820712,0,1,0,0,0,enalapril
686820713,0,1,0,0,0,enalapril
687880048,0,1,0,0,0,losartan
687880074,1,0,0,0,0,lovastatin
687880141,0,0,1,0,0,glipizide
687880142,0,0,1,0,0,glipizide
687880397,0,0,1,0,0,metformin
687880435,0,0,1,0,0,metformin
687880474,0,0,1,0,0,metformin
687880561,0,1,0,0,0,lisinopril
687880843,0,1,0,0,0,lisinopril
687880926,1,0,0,0,0,lovastatin
687882634,1,0,0,0,0,lovastatin
687886321,1,0,0,0,0,rosuvastatin
687886327,1,0,0,0,0,pravastatin
687886329,0,1,0,0,0,losartan
687886331,1,0,0,0,0,atorvastatin
687886333,0,1,0,0,0,losartan
687886341,1,0,0,0,0,atorvastatin
687886361,0,1,0,0,0,benazepril
687886364,0,1,0,0,0,lisinopril
687886371,0,1,0,0,0,lisinopril
687886373,0,1,0,0,0,lisinopril
687886398,1,0,0,0,0,pravastatin
687886405,0,1,0,0,0,losartan
687886407,0,1,0,0,0,lisinopril
687886411,0,0,1,0,0,glimepiride
687886418,0,1,0,0,0,lisinopril
687886419,0,0,1,0,0,pioglitazone
687886420,0,0,1,0,0,pioglitazone
687886426,0,0,1,0,0,glyburide / metformin
687886436,0,0,1,0,0,glimepiride
687886445,0,1,0,0,0,losartan
687886449,1,0,0,0,0,pravastatin
687886452,0,1,0,0,0,losartan
687886462,0,1,0,0,0,losartan
687886780,0,0,1,0,0,metformin
687886782,0,1,0,0,0,lisinopril
687886788,0,1,0,0,0,losartan
687886793,0,1,0,0,0,valsartan
687886801,0,0,1,0,0,glimepiride
687886804,0,1,0,0,0,ramipril
687886811,0,1,0,0,0,lisinopril
687886812,0,1,0,0,0,losartan
687886813,0,1,0,0,0,valsartan
687886814,0,1,0,0,0,valsartan
687886815,1,0,0,0,0,rosuvastatin
687886818,0,0,1,0,0,glimepiride
687886820,0,1,0,0,0,lisinopril
687886823,1,0,0,0,0,rosuvastatin
687886828,1,0,0,0,0,pravastatin
687886836,1,0,0,0,0,atorvastatin
687886846,0,0,1,0,0,pioglitazone
687886853,0,0,1,0,0,glipizide
687886854,0,0,1,0,0,glipizide
687886862,1,0,0,0,0,atorvastatin
687886871,0,1,0,0,0,losartan
687886876,1,0,0,0,0,lovastatin
687886882,0,1,0,0,0,valsartan
687886885,0,0,1,0,0,glyburide
687886888,0,0,1,0,0,pioglitazone
687886889,0,1,0,0,0,benazepril
687886894,0,1,0,0,0,quinapril
687886898,0,1,0,0,0,lisinopril
687886915,0,0,1,0,0,glyburide / metformin
687886920,0,1,0,0,0,lisinopril
687886932,0,0,1,0,0,metformin
687886940,1,0,0,0,0,atorvastatin
687886955,1,0,0,0,0,rosuvastatin
687886957,0,1,0,0,0,benazepril
687886958,1,0,0,0,0,atorvastatin
687886970,1,0,0,0,0,rosuvastatin
687886972,0,1,0,0,0,lisinopril
687886982,0,0,1,0,0,metformin
687887002,1,0,0,0,0,lovastatin
687887008,0,1,0,0,0,ramipril
687887009,1,0,0,0,0,pravastatin
687887012,0,1,0,0,0,lisinopril
687887013,1,0,0,0,0,pravastatin
687887056,1,0,0,0,0,lovastatin
687887069,0,0,1,0,0,metformin
687887086,1,0,0,0,0,rosuvastatin
687887105,0,1,0,0,0,losartan
687887108,0,1,0,0,0,lisinopril
687887167,0,1,0,0,0,losartan
687887180,0,0,1,0,0,glyburide / metformin
687887193,1,0,0,0,0,pravastatin
687887198,0,1,0,0,0,ramipril
687887204,0,0,1,0,0,metformin
687887205,0,0,1,0,0,metformin
687887213,0,1,0,0,0,losartan
687887230,0,0,1,0,0,glipizide
687887244,0,1,0,0,0,enalapril
687887248,0,1,0,0,0,benazepril
687887250,0,0,1,0,0,glipizide
687887253,1,0,0,0,0,pravastatin
687887257,0,1,0,0,0,lisinopril
687887275,0,1,0,0,0,enalapril
687887309,0,1,0,0,0,enalapril
687887310,1,0,0,0,0,rosuvastatin
687887316,1,0,0,0,0,pravastatin
687887333,0,1,0,0,0,fosinopril
687887334,0,1,0,0,0,lisinopril
687887337,0,0,1,0,0,metformin
687887360,1,0,0,0,0,atorvastatin
687887365,0,1,0,0,0,losartan
687887386,0,1,0,0,0,losartan
687887389,0,1,0,0,0,lisinopril
687887413,1,0,0,0,0,pravastatin
687887437,1,0,0,0,0,simvastatin
687887469,0,1,0,0,0,losartan
687887470,0,1,0,0,0,losartan
687887511,0,0,1,0,0,pioglitazone
687887514,0,0,1,0,0,pioglitazone
687887525,1,0,0,0,0,atorvastatin
687887553,0,0,1,0,0,glipizide
687887563,1,0,0,0,0,atorvastatin
687887566,1,0,0,0,0,rosuvastatin
687887570,0,1,0,0,0,losartan
687887584,1,0,0,0,0,pravastatin
687887612,1,0,0,0,0,rosuvastatin
687887618,1,0,0,0,0,atorvastatin
687887630,1,0,0,0,0,atorvastatin
687887631,1,0,0,0,0,atorvastatin
687887633,0,1,0,0,0,lisinopril
687887660,1,0,0,0,0,pravastatin
687887661,1,0,0,0,0,pravastatin
687887664,0,1,0,0,0,losartan
687887665,0,1,0,0,0,losartan
687887666,0,1,0,0,0,lisinopril
687887671,0,1,0,0,0,enalapril
687887673,1,0,0,0,0,rosuvastatin
687887694,0,0,1,0,0,glimepiride
687887701,0,0,1,0,0,pioglitazone
687887710,0,0,1,0,0,glimepiride
687887717,0,1,0,0,0,fosinopril
687887736,0,1,0,0,0,losartan
687887737,0,1,0,0,0,losartan
687887746,0,1,0,0,0,lisinopril
687887758,0,1,0,0,0,losartan
687887779,1,0,0,0,0,pravastatin
687887799,1,0,0,0,0,atorvastatin
687887803,0,0,1,0,0,metformin
687887831,0,1,0,0,0,lisinopril
687887845,0,1,0,0,0,benazepril
687887851,0,1,0,0,0,lisinopril
687887856,0,0,1,0,0,glipizide
687887867,0,0,1,0,0,metformin
687887874,1,0,0,0,0,atorvastatin
687887887,0,1,0,0,0,valsartan
687887889,0,0,1,0,0,metformin
687887900,1,0,0,0,0,atorvastatin
687887901,0,0,1,0,0,metformin
687887914,0,1,0,0,0,losartan
687887947,1,0,0,0,0,rosuvastatin
687887966,0,1,0,0,0,lisinopril
687887967,0,1,0,0,0,enalapril
687887970,0,0,1,0,0,glyburide
687887971,1,0,0,0,0,rosuvastatin
687887979,1,0,0,0,0,atorvastatin
687887986,1,0,0,0,0,atorvastatin
687887989,0,0,1,0,0,pioglitazone
687888061,0,1,0,0,0,enalapril
687888066,0,0,1,0,0,glimepiride
687888075,0,1,0,0,0,lisinopril
687888083,0,0,1,0,0,metformin
687888094,1,0,0,0,0,atorvastatin
687888095,0,0,1,0,0,glimepiride
687888096,0,1,0,0,0,enalapril
687888110,0,0,1,0,0,metformin
687888132,1,0,0,0,0,atorvastatin
687888135,1,0,0,0,0,rosuvastatin
687888138,0,0,1,0,0,glipizide
687888155,0,1,0,0,0,lisinopril
687888159,0,1,0,0,0,lisinopril
687888168,0,1,0,0,0,benazepril
687888186,0,1,0,0,0,losartan
687888187,0,1,0,0,0,losartan
687888189,0,1,0,0,0,losartan
687888192,0,0,1,0,0,glipizide
687888215,1,0,0,0,0,pravastatin
687888224,0,1,0,0,0,lisinopril
687888225,0,0,1,0,0,metformin
687888232,1,0,0,0,0,lovastatin
687888241,0,1,0,0,0,lisinopril
687888243,0,0,1,0,0,glipizide
687888253,0,1,0,0,0,lisinopril
687888284,0,1,0,0,0,enalapril
687888287,1,0,0,0,0,lovastatin
687888298,1,0,0,0,0,atorvastatin
687888310,0,1,0,0,0,lisinopril
687888315,1,0,0,0,0,atorvastatin
687888320,0,1,0,0,0,enalapril
687888326,1,0,0,0,0,lovastatin
687888341,0,0,1,0,0,glyburide / metformin
687888342,1,0,0,0,0,simvastatin
687888343,0,0,1,0,0,glyburide
687888351,0,1,0,0,0,lisinopril
687888368,1,0,0,0,0,rosuvastatin
687888369,1,0,0,0,0,simvastatin
687888370,1,0,0,0,0,atorvastatin
687888384,1,0,0,0,0,rosuvastatin
687888385,0,1,0,0,0,enalapril
687888398,1,0,0,0,0,atorvastatin
687888912,0,1,0,0,0,lisinopril
687888914,0,1,0,0,0,lisinopril
687888943,0,1,0,0,0,lisinopril
687888944,0,1,0,0,0,lisinopril
687888968,0,1,0,0,0,benazepril
687888991,1,0,0,0,0,atorvastatin
687889050,0,1,0,0,0,benazepril
687889051,0,1,0,0,0,benazepril
687889052,0,1,0,0,0,benazepril
687889053,0,1,0,0,0,benazepril
687889121,0,0,1,0,0,metformin
687889122,0,0,1,0,0,metformin
687889128,0,0,1,0,0,glyburide / metformin
687889176,0,0,1,0,0,glipizide
687889180,1,0,0,0,0,lovastatin
687889181,1,0,0,0,0,lovastatin
687889182,1,0,0,0,0,lovastatin
687889216,0,0,1,0,0,glyburide
687889305,0,1,0,0,0,losartan
687889313,0,1,0,0,0,benazepril
687889327,0,1,0,0,0,benazepril
687889390,0,0,1,0,0,metformin
687889392,1,0,0,0,0,simvastatin
687889411,0,1,0,0,0,lisinopril
687889429,1,0,0,0,0,simvastatin
687889461,0,1,0,0,0,losartan
687889527,0,1,0,0,0,lisinopril
687889536,0,1,0,0,0,lisinopril
687889556,1,0,0,0,0,atorvastatin
687889661,0,1,0,0,0,lisinopril
687889667,1,0,0,0,0,lovastatin
687889668,1,0,0,0,0,lovastatin
687889681,1,0,0,0,0,atorvastatin
687889683,1,0,0,0,0,atorvastatin
687889712,0,1,0,0,0,losartan
687889716,0,0,1,0,0,glyburide / metformin
687889717,1,0,0,0,0,pravastatin
687889721,0,1,0,0,0,captopril
687889728,0,0,1,0,0,glyburide / metformin
687889731,0,1,0,0,0,captopril
687889747,1,0,0,0,0,simvastatin
687889750,0,1,0,0,0,lisinopril
687889765,0,1,0,0,0,lisinopril
687889807,0,1,0,0,0,lisinopril
687889808,0,1,0,0,0,lisinopril
687889809,0,1,0,0,0,lisinopril
687889821,0,1,0,0,0,lisinopril
687889822,0,1,0,0,0,lisinopril
687889823,0,1,0,0,0,lisinopril
687889835,1,0,0,0,0,simvastatin
687889836,1,0,0,0,0,simvastatin
687889842,0,1,0,0,0,captopril
687889843,0,1,0,0,0,captopril
687889868,1,0,0,0,0,simvastatin
687889869,1,0,0,0,0,simvastatin
687889910,0,1,0,0,0,lisinopril
687889911,0,1,0,0,0,lisinopril
687889912,0,1,0,0,0,lisinopril
687889917,0,0,1,0,0,glyburide
687889918,0,0,1,0,0,glipizide
687889931,0,1,0,0,0,enalapril
687889932,0,1,0,0,0,enalapril
687889933,0,1,0,0,0,enalapril
687889945,0,1,0,0,0,benazepril
687889946,0,1,0,0,0,benazepril
687889947,0,1,0,0,0,benazepril
687889966,0,0,1,0,0,glyburide / metformin
687889983,1,0,0,0,0,atorvastatin
687889986,0,1,0,0,0,losartan
687889994,0,1,0,0,0,lisinopril
690430032,0,1,0,0,0,enalapril
690430033,0,1,0,0,0,enalapril
690430034,0,1,0,0,0,enalapril
690430035,0,1,0,0,0,enalapril
690760030,1,0,0,0,0,pitavastatin
690760031,1,0,0,0,0,pitavastatin
690760032,1,0,0,0,0,pitavastatin
690970143,0,1,0,0,0,benazepril
690970144,0,1,0,0,0,benazepril
690970145,0,1,0,0,0,benazepril
690970146,0,1,0,0,0,benazepril
690970183,1,0,0,0,0,pravastatin
690970184,1,0,0,0,0,pravastatin
690970185,1,0,0,0,0,pravastatin
690970186,1,0,0,0,0,pravastatin
690970828,0,1,0,0,0,quinapril
690970829,0,1,0,0,0,quinapril
690970831,0,1,0,0,0,quinapril
690970839,0,1,0,0,0,quinapril
690970841,0,1,0,0,0,quinapril
690970842,0,1,0,0,0,quinapril
690970843,0,1,0,0,0,quinapril
690970856,0,1,0,0,0,fosinopril
690970857,0,1,0,0,0,fosinopril
690970858,0,1,0,0,0,fosinopril
690970897,1,0,0,0,0,atorvastatin
690970898,1,0,0,0,0,atorvastatin
690970899,1,0,0,0,0,atorvastatin
690970911,1,0,0,0,0,atorvastatin
690970944,1,0,0,0,0,atorvastatin
690970945,1,0,0,0,0,atorvastatin
690970946,1,0,0,0,0,atorvastatin
690970947,1,0,0,0,0,atorvastatin
690970968,0,1,0,0,0,lisinopril
690970969,0,1,0,0,0,lisinopril
690970971,0,1,0,0,0,lisinopril
690970972,0,1,0,0,0,fosinopril
690970973,0,1,0,0,0,fosinopril
691170012,0,1,0,0,0,lisinopril
691170014,0,1,0,0,0,lisinopril
691170015,0,1,0,0,0,lisinopril
691170036,0,1,0,0,0,lisinopril
691170037,0,1,0,0,0,lisinopril
691170038,0,1,0,0,0,lisinopril
691580003,0,1,0,0,0,captopril
691580004,0,1,0,0,0,captopril
691580005,0,1,0,0,0,captopril
691890007,0,0,1,0,0,glimepiride
691890055,1,0,0,0,0,simvastatin
691890178,0,0,1,0,0,metformin
691890201,0,1,0,0,0,losartan
691890203,0,1,0,0,0,losartan
691890278,0,1,0,0,0,quinapril
691890325,0,1,0,0,0,moexipril
691890340,0,0,1,0,0,metformin
691890341,0,1,0,0,0,quinapril
691890397,0,0,1,0,0,metformin
691890434,0,1,0,0,0,benazepril
691890475,0,1,0,0,0,ramipril
691890478,0,0,1,0,0,sitagliptin
691890485,0,1,0,0,0,aliskiren
691890488,1,0,0,0,0,simvastatin
691890524,0,0,1,0,0,glipizide
691890575,0,1,0,0,0,valsartan
691890657,0,0,1,0,0,pioglitazone
691890725,0,0,1,0,0,sitagliptin
691890752,1,0,0,0,0,rosuvastatin
691890845,0,0,1,0,0,glipizide
691890910,0,0,1,0,0,glipizide
691890984,0,0,1,0,0,nateglinide
691891173,0,1,0,0,0,captopril
691891452,0,0,1,0,0,glipizide
691892921,0,1,0,0,0,telmisartan
691893123,0,0,1,0,0,repaglinide
691893950,1,0,0,0,0,atorvastatin
691893951,1,0,0,0,0,atorvastatin
691893952,1,0,0,0,0,atorvastatin
691894416,0,0,1,0,0,metformin
691895400,0,1,0,0,0,lisinopril
691895402,1,0,0,0,0,rosuvastatin
691895421,0,0,1,0,0,pioglitazone
691895937,0,1,0,0,0,candesartan
691897365,0,1,0,0,0,losartan
691897367,0,1,0,0,0,losartan
691897432,0,1,0,0,0,valsartan
691899364,0,0,1,0,0,glyburide
692381146,1,0,0,0,0,rosuvastatin
692381147,1,0,0,0,0,rosuvastatin
692381148,1,0,0,0,0,rosuvastatin
692381149,1,0,0,0,0,rosuvastatin
692381155,1,0,0,0,0,simvastatin
692381156,1,0,0,0,0,simvastatin
692381157,1,0,0,0,0,simvastatin
692381158,1,0,0,0,0,simvastatin
692381729,0,1,0,0,0,enalapril
692382125,0,0,1,0,0,metformin
692382126,0,0,1,0,0,metformin
692382141,0,1,0,0,0,enalapril
692920522,0,1,0,0,0,captopril
692920524,0,1,0,0,0,captopril
692920526,0,1,0,0,0,captopril
692920528,0,1,0,0,0,captopril
693670119,0,1,0,0,0,irbesartan
693670120,0,1,0,0,0,irbesartan
693670121,0,1,0,0,0,irbesartan
693670180,0,0,1,0,0,metformin
693670181,0,0,1,0,0,metformin
693670182,0,0,1,0,0,metformin
694340005,1,0,0,0,0,rosuvastatin
694340006,1,0,0,0,0,rosuvastatin
694340007,1,0,0,0,0,rosuvastatin
694340008,1,0,0,0,0,rosuvastatin
694520128,0,0,1,0,0,glimepiride
694520129,0,0,1,0,0,glimepiride
694520130,0,0,1,0,0,glimepiride
694520237,0,1,0,0,0,enalapril
695390007,1,0,0,0,0,rosuvastatin
695390008,1,0,0,0,0,rosuvastatin
695390009,1,0,0,0,0,rosuvastatin
695390010,1,0,0,0,0,rosuvastatin
695390093,1,0,0,0,0,atorvastatin
695390094,1,0,0,0,0,atorvastatin
695390095,1,0,0,0,0,atorvastatin
695390096,1,0,0,0,0,atorvastatin
695390160,1,0,0,0,0,rosuvastatin
695430123,0,0,1,0,0,glimepiride
695430124,0,0,1,0,0,glimepiride
695430125,0,0,1,0,0,glimepiride
695430140,0,1,0,0,0,losartan
695430141,0,1,0,0,0,losartan
695430142,0,1,0,0,0,losartan
698440001,1,0,0,0,0,atorvastatin
698440002,1,0,0,0,0,atorvastatin
698440003,1,0,0,0,0,atorvastatin
698440004,1,0,0,0,0,atorvastatin
699480001,0,0,1,0,0,metformin
699570101,0,1,0,0,0,olmesartan
699570103,0,1,0,0,0,olmesartan
699570104,0,1,0,0,0,olmesartan
700100063,0,0,1,0,0,metformin
700100064,0,0,1,0,0,metformin
700100065,0,0,1,0,0,metformin
700100491,0,0,1,0,0,metformin
700100492,0,0,1,0,0,metformin
700100496,0,0,1,0,0,metformin
700100497,0,0,1,0,0,metformin
700100741,0,1,0,0,0,losartan
700100742,0,1,0,0,0,losartan
700100743,0,1,0,0,0,losartan
702470018,0,0,1,0,0,metformin
702470019,0,0,1,0,0,metformin
703770001,1,0,0,0,0,simvastatin
703770002,1,0,0,0,0,simvastatin
703770003,1,0,0,0,0,simvastatin
703770004,1,0,0,0,0,simvastatin
703770005,1,0,0,0,0,simvastatin
703770006,1,0,0,0,0,rosuvastatin
703770007,1,0,0,0,0,rosuvastatin
703770008,1,0,0,0,0,rosuvastatin
703770009,1,0,0,0,0,rosuvastatin
703770027,1,0,0,0,0,atorvastatin
703770028,1,0,0,0,0,atorvastatin
703770029,1,0,0,0,0,atorvastatin
703770030,1,0,0,0,0,atorvastatin
703770045,1,0,0,0,0,pravastatin
703770046,1,0,0,0,0,pravastatin
703770047,1,0,0,0,0,pravastatin
703770048,1,0,0,0,0,pravastatin
703770077,1,0,0,0,0,atorvastatin
703770078,1,0,0,0,0,atorvastatin
703770079,1,0,0,0,0,atorvastatin
703770080,1,0,0,0,0,atorvastatin
704360052,0,0,1,0,0,metformin
704360053,0,0,1,0,0,metformin
705150628,1,0,0,0,0,lovastatin
705150629,1,0,0,0,0,lovastatin
705150630,1,0,0,0,0,lovastatin
705180002,1,0,0,0,0,rosuvastatin
705180019,0,0,1,0,0,glyburide
705180028,0,1,0,0,0,enalapril
705180029,0,0,1,0,0,glipizide
705180034,0,0,1,0,0,metformin
705180036,1,0,0,0,0,atorvastatin
705180045,0,1,0,0,0,enalapril
705180046,0,1,0,0,0,enalapril
705180047,0,1,0,0,0,lisinopril
705180060,1,0,0,0,0,simvastatin
705180061,1,0,0,0,0,simvastatin
705180064,1,0,0,0,0,simvastatin
705180069,0,1,0,0,0,valsartan
705180071,0,0,1,0,0,metformin
705180081,0,1,0,0,0,lisinopril
705180083,0,1,0,0,0,losartan
705180087,0,1,0,0,0,losartan
705180104,0,0,1,0,0,glipizide
705180112,0,1,0,0,0,losartan
705180113,1,0,0,0,0,lovastatin
705180114,0,1,0,0,0,lisinopril
705180115,0,0,1,0,0,glipizide
705180116,0,0,1,0,0,glipizide / metformin
705180117,0,1,0,0,0,lisinopril
705180134,0,1,0,0,0,lisinopril
705180139,0,1,0,0,0,lisinopril
705180167,1,0,0,0,0,rosuvastatin
705180174,0,1,0,0,0,lisinopril
705180186,1,0,0,0,0,atorvastatin
705180189,0,1,0,0,0,losartan
705180194,1,0,0,0,0,lovastatin
705180196,0,1,0,0,0,lisinopril
705180198,1,0,0,0,0,atorvastatin
705180206,1,0,0,0,0,lovastatin
705180216,0,1,0,0,0,benazepril
705180224,1,0,0,0,0,atorvastatin
705180237,0,0,1,0,0,metformin
705180245,0,1,0,0,0,losartan
705180246,0,1,0,0,0,lisinopril
705180252,0,1,0,0,0,benazepril
705180288,0,0,1,0,0,glipizide
705180296,0,0,1,0,0,glimepiride
705180304,1,0,0,0,0,pravastatin
705180329,0,1,0,0,0,valsartan
705180354,0,1,0,0,0,losartan
705180355,0,0,1,0,0,metformin
705180358,0,0,1,0,0,glipizide
705180372,0,0,1,0,0,metformin
705180373,0,0,1,0,0,glipizide / metformin
705180375,1,0,0,0,0,rosuvastatin
705180382,0,1,0,0,0,lisinopril
705180383,1,0,0,0,0,atorvastatin
705180389,0,0,1,0,0,glipizide
705180393,0,1,0,0,0,lisinopril
705180396,0,0,1,0,0,metformin
705180402,0,1,0,0,0,lisinopril
705180404,1,0,0,0,0,rosuvastatin
705180405,0,0,1,0,0,glimepiride
705180406,0,1,0,0,0,captopril
705180408,0,0,1,0,0,metformin
705180412,1,0,0,0,0,pravastatin
705180419,0,1,0,0,0,losartan
705180423,1,0,0,0,0,pravastatin
705180435,0,0,1,0,0,metformin
705180456,0,0,1,0,0,glipizide
705180462,1,0,0,0,0,atorvastatin
705180468,0,1,0,0,0,lisinopril
705180484,1,0,0,0,0,rosuvastatin
705180492,0,1,0,0,0,lisinopril
705180494,1,0,0,0,0,atorvastatin
705180512,0,0,1,0,0,metformin
705180520,0,1,0,0,0,enalapril
705180530,0,1,0,0,0,lisinopril
705180544,0,1,0,0,0,lisinopril
705180549,1,0,0,0,0,pravastatin
705180552,0,0,1,0,0,glipizide
705180557,0,1,0,0,0,losartan
705180567,1,0,0,0,0,atorvastatin
705180574,0,0,1,0,0,glipizide
705180575,0,1,0,0,0,lisinopril
705180576,0,1,0,0,0,valsartan
705180579,0,0,1,0,0,glipizide
705180583,1,0,0,0,0,simvastatin
705180586,0,1,0,0,0,losartan
705180588,0,1,0,0,0,losartan
705180590,0,1,0,0,0,lisinopril
705180592,0,1,0,0,0,enalapril
705180602,0,1,0,0,0,losartan
705180604,0,1,0,0,0,lisinopril
705180606,0,0,1,0,0,metformin
705180607,0,1,0,0,0,valsartan
705180623,0,1,0,0,0,enalapril
705180624,0,1,0,0,0,enalapril
705180626,0,1,0,0,0,losartan
705180631,0,0,1,0,0,glyburide
705180658,0,1,0,0,0,valsartan
705180661,0,1,0,0,0,lisinopril
705180672,0,0,1,0,0,metformin
705180701,0,1,0,0,0,lisinopril
705180706,1,0,0,0,0,lovastatin
705180707,1,0,0,0,0,pravastatin
705180718,0,1,0,0,0,losartan
705180726,0,1,0,0,0,lisinopril
705180760,0,1,0,0,0,losartan
705180766,0,1,0,0,0,lisinopril
705180786,0,1,0,0,0,losartan
705180789,0,1,0,0,0,losartan
705180813,1,0,0,0,0,atorvastatin
705180827,0,0,1,0,0,glipizide
705180844,0,0,1,0,0,metformin
705180845,0,1,0,0,0,lisinopril
705180849,1,0,0,0,0,atorvastatin
705180857,0,1,0,0,0,losartan
705180862,0,1,0,0,0,losartan
705180876,1,0,0,0,0,pravastatin
705180878,1,0,0,0,0,atorvastatin
705180899,0,0,1,0,0,metformin
705180907,0,0,1,0,0,glimepiride
705180908,0,0,1,0,0,glipizide / metformin
705180925,0,1,0,0,0,valsartan
705180927,0,0,1,0,0,metformin
705180933,1,0,0,0,0,rosuvastatin
705180936,1,0,0,0,0,pravastatin
705180939,1,0,0,0,0,pravastatin
705180954,1,0,0,0,0,simvastatin
705180959,0,1,0,0,0,losartan
705180963,1,0,0,0,0,rosuvastatin
705180973,0,0,1,0,0,metformin
705180986,1,0,0,0,0,rosuvastatin
705180987,1,0,0,0,0,rosuvastatin
705180994,0,0,1,0,0,metformin
705180998,0,0,1,0,0,glipizide
705181015,0,1,0,0,0,losartan
705181016,1,0,0,0,0,atorvastatin
705181032,0,1,0,0,0,losartan
705181063,0,0,1,0,0,glipizide
705181117,0,1,0,0,0,lisinopril
705181118,0,1,0,0,0,lisinopril
705181121,0,0,1,0,0,glyburide
705181124,0,0,1,0,0,glipizide
705181131,1,0,0,0,0,atorvastatin
705181147,1,0,0,0,0,atorvastatin
705181149,0,0,1,0,0,metformin
705181152,0,1,0,0,0,lisinopril
705181156,0,1,0,0,0,lisinopril
705181157,1,0,0,0,0,pravastatin
705181169,1,0,0,0,0,rosuvastatin
705181173,0,1,0,0,0,valsartan
705181175,0,1,0,0,0,ramipril
705181176,0,0,1,0,0,pioglitazone
705181190,0,1,0,0,0,enalapril
705181197,1,0,0,0,0,pravastatin
705181200,0,1,0,0,0,ramipril
705181201,0,0,1,0,0,glyburide
705181219,1,0,0,0,0,rosuvastatin
705181220,0,1,0,0,0,valsartan
705181268,0,1,0,0,0,lisinopril
705181279,0,1,0,0,0,valsartan
705181282,1,0,0,0,0,simvastatin
705181311,1,0,0,0,0,rosuvastatin
705181316,0,1,0,0,0,lisinopril
705181319,0,1,0,0,0,losartan
705181322,1,0,0,0,0,atorvastatin
705181328,0,1,0,0,0,irbesartan
705181329,0,1,0,0,0,irbesartan
705181330,0,1,0,0,0,irbesartan
705181331,0,1,0,0,0,irbesartan
705181339,0,1,0,0,0,enalapril
705181343,0,1,0,0,0,olmesartan
705181344,0,1,0,0,0,olmesartan
705181345,0,1,0,0,0,olmesartan
705181347,0,1,0,0,0,olmesartan
705181351,0,1,0,0,0,enalapril
705181356,0,0,1,0,0,metformin
705181372,0,1,0,0,0,enalapril
705181374,0,1,0,0,0,enalapril
705181384,1,0,0,0,0,rosuvastatin
705181386,0,1,0,0,0,irbesartan
705181387,0,0,0,1,0,insulin detemir
705181388,0,0,0,1,0,insulin lispro
705181389,0,0,0,1,0,insulin lispro
705181390,0,0,0,1,0,insulin glargine
705181418,1,0,0,0,0,atorvastatin
705181426,1,0,0,0,0,simvastatin
705181444,1,0,0,0,0,rosuvastatin
705181451,0,1,0,0,0,lisinopril
705181453,0,0,1,0,0,metformin
705181462,0,0,0,1,0,insulin detemir
705181466,0,1,0,0,0,olmesartan
705181513,0,0,1,0,0,glyburide
705181514,1,0,0,0,0,atorvastatin
705181526,0,1,0,0,0,losartan
705181527,0,1,0,0,0,losartan
705181528,0,1,0,0,0,lisinopril
705181543,0,1,0,0,0,irbesartan
705181548,0,0,1,0,0,pioglitazone
705181550,0,1,0,0,0,irbesartan
705181564,0,1,0,0,0,enalapril
705181565,0,1,0,0,0,lisinopril
705181589,1,0,0,0,0,atorvastatin
705181594,0,0,1,0,0,glipizide / metformin
705181601,1,0,0,0,0,rosuvastatin
705181606,0,0,1,0,0,metformin
705181626,0,1,0,0,0,enalapril
705181632,1,0,0,0,0,rosuvastatin
705181638,0,0,1,0,0,pioglitazone
705181639,0,0,1,0,0,glimepiride
705181640,0,1,0,0,0,benazepril
705181646,0,0,1,0,0,glyburide
705181648,0,1,0,0,0,olmesartan
705181660,0,1,0,0,0,lisinopril
705181664,0,1,0,0,0,enalapril
705181665,0,1,0,0,0,lisinopril
705181682,0,1,0,0,0,losartan
705181690,0,1,0,0,0,irbesartan
705181700,0,1,0,0,0,benazepril
705181710,1,0,0,0,0,pravastatin
705181712,1,0,0,0,0,rosuvastatin
705181726,1,0,0,0,0,rosuvastatin
705181731,1,0,0,0,0,pravastatin
705181741,0,1,0,0,0,lisinopril
705181745,1,0,0,0,0,rosuvastatin
705181766,0,0,1,0,0,metformin
705181768,0,0,1,0,0,metformin
705181780,0,1,0,0,0,irbesartan
705181786,1,0,0,0,0,atorvastatin
705181790,0,1,0,0,0,lisinopril
705181795,0,1,0,0,0,losartan
705181798,0,1,0,0,0,irbesartan
705181815,0,0,1,0,0,pioglitazone
705181816,0,0,1,0,0,pioglitazone
705181817,0,0,1,0,0,pioglitazone
705181818,0,0,1,0,0,pioglitazone
705181819,1,0,0,0,0,rosuvastatin
705181821,0,1,0,0,0,enalapril
705181848,0,0,1,0,0,glipizide
705181850,1,0,0,0,0,simvastatin
705181858,0,1,0,0,0,losartan
705181860,1,0,0,0,0,simvastatin
705181862,1,0,0,0,0,pravastatin
705181863,1,0,0,0,0,pravastatin
705181865,0,0,0,1,0,insulin glargine
705181882,0,0,1,0,0,pioglitazone
705181902,1,0,0,0,0,pravastatin
705181904,1,0,0,0,0,rosuvastatin
705181905,1,0,0,0,0,rosuvastatin
705181906,0,1,0,0,0,lisinopril
705181925,1,0,0,0,0,rosuvastatin
705181928,0,1,0,0,0,benazepril
705181938,1,0,0,0,0,pravastatin
705181943,0,1,0,0,0,losartan
705181946,1,0,0,0,0,atorvastatin
705181951,0,0,1,0,0,metformin
705181955,1,0,0,0,0,simvastatin
705181957,0,1,0,0,0,enalapril
705181958,0,1,0,0,0,enalapril
705181974,0,1,0,0,0,irbesartan
705181977,1,0,0,0,0,atorvastatin
705181986,0,0,1,0,0,empagliflozin
705182002,1,0,0,0,0,pravastatin
705182009,1,0,0,0,0,lovastatin
705182013,0,1,0,0,0,irbesartan
705182046,0,0,1,0,0,empagliflozin / linagliptin
705182055,1,0,0,0,0,rosuvastatin
705182057,0,1,0,0,0,losartan
705182059,0,0,1,0,0,pioglitazone
705182090,1,0,0,0,0,rosuvastatin
705182092,0,0,1,0,0,glimepiride
705182097,0,0,1,0,0,metformin
705182111,1,0,0,0,0,atorvastatin
705182119,0,0,0,1,0,"insulin aspart, human"
705182125,0,1,0,0,0,benazepril
705182127,0,1,0,0,0,olmesartan
705182129,0,0,1,0,0,pioglitazone
705182132,0,1,0,0,0,losartan
705182140,0,1,0,0,0,benazepril
705182141,1,0,0,0,0,rosuvastatin
705182155,0,1,0,0,0,irbesartan
705182181,0,1,0,0,0,olmesartan
705182196,0,0,1,0,0,glipizide / metformin
705182199,1,0,0,0,0,pravastatin
705182205,0,1,0,0,0,irbesartan
705182211,0,1,0,0,0,irbesartan
705182212,0,1,0,0,0,olmesartan
705182213,0,1,0,0,0,olmesartan
705182229,1,0,0,0,0,pravastatin
705182245,0,1,0,0,0,irbesartan
705182246,0,1,0,0,0,irbesartan
705182247,0,1,0,0,0,irbesartan
705182252,0,0,0,1,0,"insulin aspart, human"
705182264,0,0,0,1,0,insulin lispro
705182269,0,1,0,0,0,olmesartan
705182307,0,1,0,0,0,valsartan
705182308,0,0,1,0,0,glipizide
705182316,0,1,0,0,0,losartan
705182324,0,0,1,0,0,pioglitazone
705182347,0,1,0,0,0,olmesartan
705182348,0,1,0,0,0,enalapril
705182398,0,0,0,1,0,insulin lispro
705182399,0,0,0,1,0,insulin lispro
705182408,0,1,0,0,0,olmesartan
705182412,0,0,1,0,0,glimepiride
705182417,0,1,0,0,0,losartan
705182421,0,1,0,0,0,benazepril
705182425,1,0,0,0,0,lovastatin
705182431,0,0,1,0,0,pioglitazone
705182445,0,1,0,0,0,enalapril
705182447,0,0,1,0,0,empagliflozin
705182452,0,1,0,0,0,olmesartan
705182480,0,0,1,0,0,metformin
705182505,1,0,0,0,0,pravastatin
705182530,0,1,0,0,0,losartan
705182542,1,0,0,0,0,rosuvastatin
705182548,0,0,1,0,0,metformin / sitagliptin
705182549,0,0,1,0,0,glipizide
705182561,0,1,0,0,0,lisinopril
705182564,0,1,0,0,0,losartan
705182566,0,1,0,0,0,benazepril
705182572,0,1,0,0,0,telmisartan
705182573,0,0,1,0,0,glipizide
705182578,0,1,0,0,0,losartan
705182579,0,0,1,0,0,glipizide
705182600,0,1,0,0,0,lisinopril
705182609,0,0,1,0,0,pioglitazone
705182619,0,1,0,0,0,irbesartan
705182621,0,1,0,0,0,enalapril
705182624,0,0,1,0,0,glipizide
705182635,1,0,0,0,0,atorvastatin
705182644,0,0,1,0,0,glyburide
705182647,0,1,0,0,0,olmesartan
705182655,0,1,0,0,0,lisinopril
705182664,1,0,0,0,0,atorvastatin
705182670,0,0,1,0,0,glimepiride
705182685,0,1,0,0,0,irbesartan
705182695,0,0,1,0,0,glyburide
705182709,0,0,1,0,0,metformin
705182719,0,1,0,0,0,candesartan
705182720,0,1,0,0,0,candesartan
705182727,1,0,0,0,0,lovastatin
705182737,0,1,0,0,0,losartan
705182774,1,0,0,0,0,rosuvastatin
705182786,0,1,0,0,0,losartan
705182802,0,0,0,1,0,insulin lispro
705182823,0,0,0,1,0,"insulin aspart, human"
705182833,0,0,1,0,0,metformin
705182834,0,1,0,0,0,olmesartan
705182843,1,0,0,0,0,atorvastatin
705182861,0,1,0,0,0,olmesartan
705182884,0,1,0,0,0,candesartan
705182887,1,0,0,0,0,pravastatin
705182888,0,0,1,0,0,glipizide
705182920,0,0,1,0,0,metformin
705182986,1,0,0,0,0,pravastatin
705183030,0,1,0,0,0,benazepril
705183037,1,0,0,0,0,atorvastatin
705183038,0,1,0,0,0,ramipril
705183064,1,0,0,0,0,lovastatin
705183074,0,1,0,0,0,benazepril
705183084,0,0,1,0,0,metformin
705183101,0,0,1,0,0,metformin
705183130,0,0,1,0,0,metformin
705183166,0,1,0,0,0,lisinopril
705183171,0,1,0,0,0,benazepril
705183172,0,1,0,0,0,benazepril
705183200,0,0,1,0,0,metformin
705183212,0,0,1,0,0,metformin
705183231,0,1,0,0,0,losartan
705183236,0,0,0,1,0,"insulin aspart, human"
705183260,0,0,1,0,0,metformin
705183273,1,0,0,0,0,atorvastatin
705183282,0,1,0,0,0,losartan
705183298,1,0,0,0,0,atorvastatin
705183300,0,1,0,0,0,telmisartan
705183303,0,1,0,0,0,benazepril
705183304,1,0,0,0,0,atorvastatin
705183305,0,1,0,0,0,losartan
705183307,0,1,0,0,0,captopril
705183326,1,0,0,0,0,atorvastatin
705183339,1,0,0,0,0,atorvastatin
705183349,1,0,0,0,0,simvastatin
705183398,0,1,0,0,0,losartan
705183409,0,1,0,0,0,losartan
705183414,1,0,0,0,0,atorvastatin
705183420,0,1,0,0,0,losartan
705183461,1,0,0,0,0,atorvastatin
705183489,0,1,0,0,0,losartan
705183504,0,0,1,0,0,glyburide
705183505,0,1,0,0,0,lisinopril
705183519,1,0,0,0,0,rosuvastatin
705183528,0,1,0,0,0,benazepril
705183556,0,1,0,0,0,telmisartan
705183570,0,0,1,0,0,metformin
705183572,0,1,0,0,0,enalapril
705183593,0,1,0,0,0,irbesartan
705183599,0,0,1,0,0,metformin
705183611,0,0,1,0,0,metformin
705183627,0,0,1,0,0,glimepiride
705183630,1,0,0,0,0,simvastatin
705183632,0,1,0,0,0,irbesartan
705183639,1,0,0,0,0,rosuvastatin
705183645,0,0,1,0,0,glipizide
705183648,1,0,0,0,0,simvastatin
705183649,1,0,0,0,0,atorvastatin
705183650,1,0,0,0,0,simvastatin
705183651,1,0,0,0,0,rosuvastatin
705183652,0,0,1,0,0,glimepiride
705183653,1,0,0,0,0,rosuvastatin
705183657,0,1,0,0,0,benazepril
706610001,1,0,0,0,0,rosuvastatin
706610002,1,0,0,0,0,rosuvastatin
706610003,1,0,0,0,0,rosuvastatin
706610004,1,0,0,0,0,rosuvastatin
706610051,1,0,0,0,0,atorvastatin
706610052,1,0,0,0,0,atorvastatin
706610053,1,0,0,0,0,atorvastatin
707560801,1,0,0,0,0,rosuvastatin
707560802,1,0,0,0,0,rosuvastatin
707560803,1,0,0,0,0,rosuvastatin
707560804,1,0,0,0,0,rosuvastatin
707560808,0,1,0,0,0,olmesartan
707560809,0,1,0,0,0,olmesartan
707560810,0,1,0,0,0,olmesartan
707560812,0,1,0,0,0,olmesartan
707560813,0,1,0,0,0,olmesartan
707560814,0,1,0,0,0,olmesartan
707711015,0,0,1,0,0,nateglinide
707711016,0,0,1,0,0,nateglinide
707711021,0,0,1,0,0,pioglitazone
707711022,0,0,1,0,0,pioglitazone
707711023,0,0,1,0,0,pioglitazone
707711059,0,1,0,0,0,olmesartan
707711060,0,1,0,0,0,olmesartan
707711061,0,1,0,0,0,olmesartan
707711098,0,0,1,0,0,glipizide
707711099,0,0,1,0,0,glipizide
707711100,0,0,1,0,0,glipizide
707711117,1,0,0,0,0,pitavastatin
707711118,1,0,0,0,0,pitavastatin
707711123,0,1,0,0,0,telmisartan
707711124,0,1,0,0,0,telmisartan
707711125,0,1,0,0,0,telmisartan
707711148,0,1,0,0,0,benazepril
707711149,0,1,0,0,0,benazepril
707711150,0,1,0,0,0,benazepril
707711151,0,1,0,0,0,benazepril
707711159,0,1,0,0,0,irbesartan
707711160,0,1,0,0,0,irbesartan
707711161,0,1,0,0,0,irbesartan
707711186,0,1,0,0,0,olmesartan
707711187,0,1,0,0,0,olmesartan
707711188,0,1,0,0,0,olmesartan
707711189,0,1,0,0,0,olmesartan
707711204,0,1,0,0,0,candesartan
707711205,0,1,0,0,0,candesartan
707711206,0,1,0,0,0,candesartan
707711207,0,1,0,0,0,candesartan
707711325,0,1,0,0,0,candesartan
707711326,0,1,0,0,0,candesartan
707711327,0,1,0,0,0,candesartan
707711443,1,0,0,0,0,atorvastatin
707711444,1,0,0,0,0,atorvastatin
707711445,1,0,0,0,0,atorvastatin
707711446,1,0,0,0,0,atorvastatin
707711457,1,0,0,0,0,atorvastatin
707711458,1,0,0,0,0,atorvastatin
707711459,1,0,0,0,0,atorvastatin
707711460,1,0,0,0,0,atorvastatin
707711461,1,0,0,0,0,atorvastatin
707711462,1,0,0,0,0,atorvastatin
707711463,1,0,0,0,0,atorvastatin
707711464,1,0,0,0,0,atorvastatin
707711465,1,0,0,0,0,atorvastatin
707711466,1,0,0,0,0,atorvastatin
707711467,1,0,0,0,0,atorvastatin
707711481,1,0,0,0,0,rosuvastatin
707711482,1,0,0,0,0,rosuvastatin
707711483,1,0,0,0,0,rosuvastatin
707711484,1,0,0,0,0,rosuvastatin
707711485,0,1,0,0,0,valsartan
707711486,0,1,0,0,0,valsartan
707711487,0,1,0,0,0,valsartan
707711488,0,1,0,0,0,valsartan
707711489,0,1,0,0,0,valsartan
707860003,0,0,1,0,0,glimepiride
707860004,1,0,0,0,0,simvastatin
707860005,1,0,0,0,0,simvastatin
707860006,1,0,0,0,0,simvastatin
707860072,1,0,0,0,0,lovastatin
707860104,0,0,1,0,0,metformin
707860115,0,1,0,0,0,losartan
707860123,1,0,0,0,0,atorvastatin
707860135,0,1,0,0,0,losartan
707860141,1,0,0,0,0,lovastatin
707860168,1,0,0,0,0,rosuvastatin
707860169,1,0,0,0,0,rosuvastatin
707860170,1,0,0,0,0,rosuvastatin
707860337,0,1,0,0,0,benazepril
707860338,0,1,0,0,0,benazepril
707860351,0,1,0,0,0,lisinopril
707860360,0,1,0,0,0,losartan
707860376,0,1,0,0,0,lisinopril
707860435,0,0,1,0,0,metformin
707860467,1,0,0,0,0,lovastatin
707860468,1,0,0,0,0,lovastatin
707860900,0,0,1,0,0,glipizide
707860923,0,1,0,0,0,enalapril
707860924,0,1,0,0,0,enalapril
707860925,0,1,0,0,0,enalapril
707860926,0,1,0,0,0,enalapril
707862578,1,0,0,0,0,atorvastatin
707862579,1,0,0,0,0,atorvastatin
707862580,1,0,0,0,0,atorvastatin
707862671,1,0,0,0,0,atorvastatin
707867073,0,0,1,0,0,glimepiride
707869055,0,0,1,0,0,metformin
707869056,0,0,1,0,0,metformin
707951160,0,0,1,0,0,metformin
707951170,0,0,1,0,0,metformin
708390112,0,1,0,0,0,aliskiren
708390125,0,1,0,0,0,aliskiren
708390150,0,1,0,0,0,aliskiren
708390300,0,1,0,0,0,aliskiren
708390312,0,1,0,0,0,aliskiren
708390325,0,1,0,0,0,aliskiren
708820102,1,0,0,0,0,atorvastatin
708820103,0,1,0,0,0,lisinopril
708820104,0,1,0,0,0,lisinopril
708820105,0,0,1,0,0,metformin / pioglitazone
708820106,1,0,0,0,0,atorvastatin
708820109,1,0,0,0,0,atorvastatin
708820110,0,1,0,0,0,lisinopril
708820119,1,0,0,0,0,atorvastatin
708820120,1,0,0,0,0,atorvastatin
708820124,0,0,1,0,0,metformin
708820125,0,0,1,0,0,metformin
709140000,0,0,1,0,0,metformin
709140002,0,0,1,0,0,metformin
709140004,0,0,1,0,0,metformin
709140005,0,0,1,0,0,metformin
709140006,0,0,1,0,0,metformin
709340061,0,1,0,0,0,lisinopril
709340066,0,0,1,0,0,metformin
709340069,1,0,0,0,0,atorvastatin
709340070,1,0,0,0,0,atorvastatin
709340083,0,0,1,0,0,metformin
709340091,1,0,0,0,0,atorvastatin
709340098,0,0,1,0,0,glipizide
709340117,0,0,1,0,0,metformin
709340120,0,1,0,0,0,lisinopril
709340128,0,1,0,0,0,lisinopril
709340134,0,0,1,0,0,metformin
709340135,0,0,1,0,0,metformin
709340136,0,0,1,0,0,metformin
709340155,0,1,0,0,0,lisinopril
709340161,1,0,0,0,0,pravastatin
709340167,0,0,1,0,0,glimepiride
709340171,0,1,0,0,0,lisinopril
709340173,0,0,1,0,0,glimepiride
709340200,0,1,0,0,0,lisinopril
709340201,1,0,0,0,0,atorvastatin
709340204,0,1,0,0,0,losartan
709340207,0,0,1,0,0,metformin
709340212,0,0,1,0,0,metformin
709340228,0,1,0,0,0,benazepril
709340229,0,1,0,0,0,lisinopril
709340232,0,0,1,0,0,glimepiride
709340236,1,0,0,0,0,pravastatin
709340237,0,0,1,0,0,glipizide
709340239,0,1,0,0,0,losartan
709340244,1,0,0,0,0,rosuvastatin
709340245,1,0,0,0,0,rosuvastatin
709340248,0,1,0,0,0,valsartan
709340250,1,0,0,0,0,atorvastatin
709340251,0,1,0,0,0,lisinopril
709340261,0,1,0,0,0,lisinopril
709340265,0,1,0,0,0,valsartan
709340270,0,1,0,0,0,valsartan
709340272,0,0,1,0,0,glipizide
709340275,1,0,0,0,0,rosuvastatin
709340293,0,1,0,0,0,valsartan
709340296,1,0,0,0,0,atorvastatin
709340300,0,0,1,0,0,glipizide
709340303,0,1,0,0,0,lisinopril
709340309,0,0,1,0,0,metformin
709340311,0,0,1,0,0,metformin
709340312,1,0,0,0,0,atorvastatin
709340323,0,0,1,0,0,glimepiride
709340334,0,0,1,0,0,metformin
709340338,0,1,0,0,0,lisinopril
709340342,1,0,0,0,0,atorvastatin
709340344,1,0,0,0,0,pravastatin
709340358,1,0,0,0,0,pravastatin
709340360,1,0,0,0,0,atorvastatin
709340376,1,0,0,0,0,simvastatin
709340377,1,0,0,0,0,simvastatin
709340391,0,0,1,0,0,glipizide
709340399,0,0,1,0,0,metformin
709340404,0,0,1,0,0,metformin
709340409,0,0,1,0,0,glyburide
709340410,0,1,0,0,0,ramipril
709340415,1,0,0,0,0,lovastatin
709340418,1,0,0,0,0,pravastatin
709340422,0,0,1,0,0,metformin
709340424,1,0,0,0,0,pravastatin
709340427,0,0,1,0,0,metformin
709340438,0,1,0,0,0,ramipril
709340440,1,0,0,0,0,rosuvastatin
709340456,0,1,0,0,0,lisinopril
709340460,0,1,0,0,0,ramipril
709340481,0,1,0,0,0,benazepril
709340482,1,0,0,0,0,atorvastatin
709340483,0,1,0,0,0,benazepril
709340492,0,1,0,0,0,enalapril
709340493,1,0,0,0,0,simvastatin
709340496,0,1,0,0,0,ramipril
709340513,1,0,0,0,0,atorvastatin
709340514,0,1,0,0,0,benazepril
709340522,0,1,0,0,0,lisinopril
709340523,0,1,0,0,0,lisinopril
709340526,0,1,0,0,0,enalapril
709340545,0,1,0,0,0,benazepril
709340547,1,0,0,0,0,lovastatin
709340549,1,0,0,0,0,pravastatin
709340560,0,1,0,0,0,benazepril
709340566,0,1,0,0,0,enalapril
709340569,0,0,1,0,0,glyburide
709340570,0,0,1,0,0,glyburide / metformin
709340576,0,0,1,0,0,metformin
709340582,0,1,0,0,0,quinapril
709340594,0,1,0,0,0,valsartan
709340595,0,1,0,0,0,valsartan
709340602,0,1,0,0,0,quinapril
709340608,0,1,0,0,0,benazepril
709340613,0,1,0,0,0,lisinopril
709340614,1,0,0,0,0,atorvastatin
709340615,1,0,0,0,0,atorvastatin
709340616,0,1,0,0,0,losartan
709340619,0,0,1,0,0,pioglitazone
709340627,0,1,0,0,0,losartan
709340632,0,1,0,0,0,fosinopril
709340633,0,1,0,0,0,lisinopril
709340637,0,1,0,0,0,benazepril
709340648,0,1,0,0,0,benazepril
709340657,0,1,0,0,0,losartan
709340658,1,0,0,0,0,lovastatin
709340659,0,1,0,0,0,losartan
709340660,0,1,0,0,0,losartan
709340666,0,0,1,0,0,glipizide
709340668,0,1,0,0,0,lisinopril
709340689,0,1,0,0,0,enalapril
709340690,0,0,1,0,0,glyburide
709340691,0,1,0,0,0,ramipril
709340696,0,1,0,0,0,benazepril
709340702,0,1,0,0,0,enalapril
709340713,0,1,0,0,0,enalapril
709340715,0,0,1,0,0,glyburide
709340717,0,1,0,0,0,lisinopril
709340718,0,1,0,0,0,lisinopril
709340720,0,1,0,0,0,lisinopril
709340726,0,0,1,0,0,glimepiride
709340727,0,0,1,0,0,glimepiride
709340750,1,0,0,0,0,lovastatin
709340755,1,0,0,0,0,lovastatin
709340760,0,0,1,0,0,metformin
709340781,0,1,0,0,0,losartan
709340784,0,0,1,0,0,metformin
709340788,0,0,1,0,0,metformin
709340792,0,0,1,0,0,metformin
709340823,1,0,0,0,0,atorvastatin
709340830,0,0,1,0,0,metformin
709340832,1,0,0,0,0,pravastatin
709340834,1,0,0,0,0,rosuvastatin
709340841,1,0,0,0,0,atorvastatin
709340843,0,0,1,0,0,glipizide
709340855,0,0,1,0,0,glyburide
709340862,0,0,1,0,0,glipizide
709340875,0,1,0,0,0,enalapril
709340878,0,0,1,0,0,glipizide
709340879,0,0,1,0,0,metformin
709340888,0,1,0,0,0,lisinopril
709340919,0,1,0,0,0,lisinopril
709340932,0,1,0,0,0,losartan
709340939,0,1,0,0,0,losartan
709340942,0,1,0,0,0,losartan
709340944,0,1,0,0,0,benazepril
709340945,0,0,1,0,0,metformin
709340959,0,0,1,0,0,glyburide / metformin
709340960,0,1,0,0,0,valsartan
709340964,0,1,0,0,0,quinapril
709340983,0,1,0,0,0,benazepril
709340989,1,0,0,0,0,atorvastatin
709540310,0,1,0,0,0,valsartan
710930132,0,0,1,0,0,metformin
710930133,0,0,1,0,0,metformin
710930134,0,0,1,0,0,metformin
712050004,0,1,0,0,0,valsartan
712050008,1,0,0,0,0,rosuvastatin
712050015,0,1,0,0,0,valsartan
712050022,0,1,0,0,0,lisinopril
712050029,0,1,0,0,0,ramipril
712050041,0,0,1,0,0,glipizide
712050042,0,1,0,0,0,valsartan
712050044,1,0,0,0,0,rosuvastatin
712050052,1,0,0,0,0,rosuvastatin
712050063,0,1,0,0,0,irbesartan
712050069,0,1,0,0,0,losartan
712050070,1,0,0,0,0,simvastatin
712050071,0,1,0,0,0,lisinopril
712050074,0,1,0,0,0,enalapril
712050075,0,1,0,0,0,enalapril
712050077,1,0,0,0,0,rosuvastatin
712050078,1,0,0,0,0,rosuvastatin
712050080,0,1,0,0,0,ramipril
712050082,0,1,0,0,0,irbesartan
712050098,1,0,0,0,0,atorvastatin
712050099,1,0,0,0,0,rosuvastatin
712050102,0,1,0,0,0,losartan
712050121,1,0,0,0,0,pravastatin
712050122,0,1,0,0,0,benazepril
712050141,0,0,1,0,0,metformin
712050142,0,0,1,0,0,metformin
712050149,1,0,0,0,0,pravastatin
712050172,0,1,0,0,0,olmesartan
712050173,0,1,0,0,0,olmesartan
712050174,0,1,0,0,0,olmesartan
712050175,0,1,0,0,0,olmesartan
712050176,1,0,0,0,0,rosuvastatin
712050180,0,1,0,0,0,lisinopril
712050186,0,0,1,0,0,metformin
712050192,1,0,0,0,0,simvastatin
712050194,0,1,0,0,0,losartan
712050199,1,0,0,0,0,lovastatin
712050212,0,1,0,0,0,losartan
712050226,0,1,0,0,0,losartan
712050244,0,1,0,0,0,benazepril
712050246,1,0,0,0,0,atorvastatin
712050247,1,0,0,0,0,atorvastatin
712050249,0,1,0,0,0,valsartan
712050256,0,1,0,0,0,losartan
712050258,0,1,0,0,0,valsartan
712050264,1,0,0,0,0,atorvastatin
712050270,0,0,1,0,0,glipizide / metformin
712050279,1,0,0,0,0,rosuvastatin
712050281,0,1,0,0,0,losartan
712050294,1,0,0,0,0,pravastatin
712050301,0,1,0,0,0,valsartan
712050320,0,1,0,0,0,benazepril
712050327,0,1,0,0,0,valsartan
712050335,1,0,0,0,0,atorvastatin
712050355,1,0,0,0,0,rosuvastatin
712050372,0,0,1,0,0,metformin
712050379,0,1,0,0,0,irbesartan
712050390,1,0,0,0,0,rosuvastatin
712050399,1,0,0,0,0,rosuvastatin
712050404,0,1,0,0,0,irbesartan
712050440,1,0,0,0,0,lovastatin
712050442,0,1,0,0,0,lisinopril
712050452,0,1,0,0,0,irbesartan
712050458,0,1,0,0,0,olmesartan
712050459,0,1,0,0,0,olmesartan
712050471,0,1,0,0,0,lisinopril
712050475,1,0,0,0,0,rosuvastatin
712050484,0,1,0,0,0,quinapril
712050516,1,0,0,0,0,pravastatin
712050548,0,0,1,0,0,metformin
712050555,0,0,1,0,0,metformin
712050562,0,0,1,0,0,metformin
712050567,0,0,1,0,0,metformin
712050598,0,1,0,0,0,losartan
712050622,0,0,1,0,0,metformin
712050626,0,1,0,0,0,lisinopril
712050635,0,1,0,0,0,quinapril
712050675,0,1,0,0,0,losartan
712050686,0,0,1,0,0,metformin
712050731,1,0,0,0,0,atorvastatin
712050742,0,1,0,0,0,lisinopril
712050763,0,1,0,0,0,lisinopril
712050765,1,0,0,0,0,atorvastatin
712050773,0,0,1,0,0,glimepiride
712050859,0,0,1,0,0,metformin
712050860,0,0,1,0,0,metformin
712050882,0,0,1,0,0,metformin
712050883,0,0,1,0,0,metformin
712050884,0,0,1,0,0,metformin
712050992,1,0,0,0,0,lovastatin
712050993,1,0,0,0,0,lovastatin
712050994,1,0,0,0,0,lovastatin
712090009,0,0,1,0,0,glyburide
712090010,0,0,1,0,0,glyburide
712090011,0,0,1,0,0,glyburide
712090030,0,0,1,0,0,nateglinide
712090031,0,0,1,0,0,nateglinide
712090043,1,0,0,0,0,rosuvastatin
712090044,1,0,0,0,0,rosuvastatin
712090045,1,0,0,0,0,rosuvastatin
712090046,1,0,0,0,0,rosuvastatin
712090049,0,1,0,0,0,telmisartan
712090050,0,1,0,0,0,telmisartan
712090051,0,1,0,0,0,telmisartan
713350004,1,0,0,0,0,atorvastatin
713350011,0,1,0,0,0,benazepril
713350015,0,1,0,0,0,lisinopril
713350018,0,1,0,0,0,olmesartan
713350036,0,0,1,0,0,glipizide
713350039,0,0,1,0,0,glipizide
713350045,1,0,0,0,0,lovastatin
713350055,0,1,0,0,0,enalapril
713350056,1,0,0,0,0,pravastatin
713350059,1,0,0,0,0,pravastatin
713350060,0,1,0,0,0,lisinopril
713350068,1,0,0,0,0,rosuvastatin
713350069,0,0,1,0,0,glyburide
713350071,0,1,0,0,0,irbesartan
713350075,0,1,0,0,0,lisinopril
713350078,0,1,0,0,0,benazepril
713350085,0,0,1,0,0,metformin
713350088,0,0,1,0,0,pioglitazone
713350097,0,1,0,0,0,valsartan
713350101,1,0,0,0,0,pravastatin
713350102,1,0,0,0,0,atorvastatin
713350114,0,0,1,0,0,glyburide / metformin
713350127,0,0,1,0,0,glyburide / metformin
713350140,0,0,1,0,0,metformin
713350150,0,0,1,0,0,glyburide
713350152,0,1,0,0,0,losartan
713350169,1,0,0,0,0,atorvastatin
713350176,0,1,0,0,0,lisinopril
713350179,0,0,1,0,0,glyburide / metformin
713350180,0,0,1,0,0,glimepiride
713350181,0,1,0,0,0,losartan
713350187,0,1,0,0,0,fosinopril
713350196,0,1,0,0,0,ramipril
713350197,0,1,0,0,0,olmesartan
713350203,0,1,0,0,0,olmesartan
713350227,0,1,0,0,0,valsartan
713350230,0,1,0,0,0,lisinopril
713350242,0,1,0,0,0,benazepril
713350249,0,1,0,0,0,losartan
713350250,0,0,1,0,0,metformin
713350261,0,1,0,0,0,lisinopril
713350262,0,1,0,0,0,losartan
713350267,0,1,0,0,0,benazepril
713350284,0,1,0,0,0,lisinopril
713350293,0,0,1,0,0,metformin
713350295,1,0,0,0,0,atorvastatin
713350296,1,0,0,0,0,pravastatin
713350302,1,0,0,0,0,rosuvastatin
713350305,0,1,0,0,0,enalapril
713350312,0,1,0,0,0,benazepril
713350354,0,1,0,0,0,lisinopril
713350360,0,0,1,0,0,glyburide / metformin
713350381,0,1,0,0,0,fosinopril
713350388,0,0,1,0,0,glipizide
713350390,1,0,0,0,0,rosuvastatin
713350411,0,1,0,0,0,losartan
713350423,0,1,0,0,0,irbesartan
713350442,0,1,0,0,0,losartan
713350457,0,1,0,0,0,benazepril
713350475,0,1,0,0,0,valsartan
713350478,0,1,0,0,0,enalapril
713350479,0,1,0,0,0,lisinopril
713350484,0,0,1,0,0,glimepiride
713350488,0,1,0,0,0,valsartan
713350498,0,1,0,0,0,lisinopril
713350536,0,1,0,0,0,lisinopril
713350537,0,1,0,0,0,lisinopril
713350547,0,1,0,0,0,valsartan
713350553,0,1,0,0,0,valsartan
713350555,0,1,0,0,0,valsartan
713350558,0,1,0,0,0,losartan
713350567,0,1,0,0,0,valsartan
713350576,0,1,0,0,0,lisinopril
713350583,1,0,0,0,0,atorvastatin
713350590,0,0,1,0,0,glipizide
713350592,0,0,1,0,0,metformin
713350600,0,1,0,0,0,valsartan
713350606,1,0,0,0,0,rosuvastatin
713350618,0,0,1,0,0,glipizide
713350670,1,0,0,0,0,pravastatin
713350692,1,0,0,0,0,pravastatin
713350698,0,1,0,0,0,losartan
713350700,0,1,0,0,0,losartan
713350720,0,0,1,0,0,metformin
713350726,0,1,0,0,0,fosinopril
713350749,1,0,0,0,0,rosuvastatin
713350767,1,0,0,0,0,atorvastatin
713350775,0,1,0,0,0,olmesartan
713350776,0,0,1,0,0,metformin
713350802,0,1,0,0,0,benazepril
713350803,0,1,0,0,0,benazepril
713350817,0,1,0,0,0,olmesartan
713350819,1,0,0,0,0,lovastatin
713350826,0,1,0,0,0,captopril
713350837,0,1,0,0,0,benazepril
713350845,0,1,0,0,0,olmesartan
713350851,0,0,1,0,0,glipizide
713350853,0,1,0,0,0,valsartan
713350854,0,1,0,0,0,benazepril
713350859,0,0,1,0,0,metformin
713350862,0,1,0,0,0,lisinopril
713350870,0,1,0,0,0,enalapril
713350871,0,1,0,0,0,benazepril
713350873,0,1,0,0,0,fosinopril
713350875,0,1,0,0,0,telmisartan
713350880,0,1,0,0,0,benazepril
713350882,1,0,0,0,0,lovastatin
713350884,0,1,0,0,0,losartan
713350886,0,0,1,0,0,metformin
713350889,0,0,1,0,0,metformin
713350894,0,1,0,0,0,ramipril
713350905,1,0,0,0,0,rosuvastatin
713350911,0,1,0,0,0,benazepril
713350916,0,1,0,0,0,losartan
713350930,0,0,1,0,0,glipizide
713350931,1,0,0,0,0,atorvastatin
713350944,0,1,0,0,0,benazepril
713350947,1,0,0,0,0,pravastatin
713350953,0,1,0,0,0,benazepril
713350959,1,0,0,0,0,rosuvastatin
713350967,0,0,1,0,0,glyburide / metformin
713350972,0,1,0,0,0,losartan
713350980,0,0,1,0,0,glyburide / metformin
713350984,0,1,0,0,0,benazepril
713350999,0,1,0,0,0,olmesartan
713351010,1,0,0,0,0,atorvastatin
713351011,1,0,0,0,0,atorvastatin
713351017,1,0,0,0,0,rosuvastatin
713351019,0,1,0,0,0,olmesartan
713351020,1,0,0,0,0,simvastatin
713351022,1,0,0,0,0,pravastatin
713351025,0,1,0,0,0,losartan
713351031,0,0,1,0,0,glipizide
713351040,1,0,0,0,0,atorvastatin
713351042,0,0,1,0,0,glipizide
713351051,1,0,0,0,0,atorvastatin
713351056,0,1,0,0,0,ramipril
713351057,0,1,0,0,0,ramipril
713351062,0,1,0,0,0,losartan
713351072,0,0,1,0,0,metformin
713351074,0,1,0,0,0,olmesartan
713351082,0,1,0,0,0,losartan
713351083,0,1,0,0,0,lisinopril
713351084,0,1,0,0,0,losartan
713351086,0,1,0,0,0,benazepril
713351097,0,1,0,0,0,irbesartan
713351098,1,0,0,0,0,rosuvastatin
713351102,0,1,0,0,0,losartan
713351103,1,0,0,0,0,rosuvastatin
713351115,0,1,0,0,0,fosinopril
713351126,1,0,0,0,0,atorvastatin
713351130,0,0,1,0,0,glipizide
713351134,0,1,0,0,0,quinapril
713351136,0,1,0,0,0,losartan
713351137,0,0,1,0,0,pioglitazone
713351141,0,1,0,0,0,enalapril
713351162,0,0,1,0,0,metformin
713351174,0,1,0,0,0,losartan
713351221,0,1,0,0,0,losartan
713351235,0,1,0,0,0,losartan
713351243,1,0,0,0,0,pravastatin
713351244,0,1,0,0,0,irbesartan
713351247,1,0,0,0,0,atorvastatin
713351262,0,1,0,0,0,quinapril
713351263,0,1,0,0,0,irbesartan
713351279,0,1,0,0,0,benazepril
713351288,0,0,1,0,0,metformin
713351289,0,0,1,0,0,metformin
713351295,0,1,0,0,0,lisinopril
713351298,0,0,1,0,0,pioglitazone
713351299,0,1,0,0,0,benazepril
713351303,0,0,1,0,0,metformin
713351306,0,1,0,0,0,lisinopril
713351310,0,0,1,0,0,metformin
713351322,1,0,0,0,0,atorvastatin
713351328,0,1,0,0,0,losartan
713351330,1,0,0,0,0,rosuvastatin
713351333,0,0,1,0,0,pioglitazone
713351336,1,0,0,0,0,atorvastatin
713351337,0,1,0,0,0,valsartan
713351343,0,0,1,0,0,pioglitazone
713351345,0,1,0,0,0,losartan
713351365,0,1,0,0,0,benazepril
713351380,0,1,0,0,0,lisinopril
713351383,0,1,0,0,0,benazepril
713351385,0,0,1,0,0,pioglitazone
713351388,1,0,0,0,0,atorvastatin
713351392,0,1,0,0,0,irbesartan
713351426,0,1,0,0,0,lisinopril
713351427,0,1,0,0,0,enalapril
713351428,0,1,0,0,0,telmisartan
713351431,0,1,0,0,0,trandolapril
713351436,0,1,0,0,0,valsartan
713351439,0,1,0,0,0,losartan
713351441,0,1,0,0,0,quinapril
713351446,1,0,0,0,0,rosuvastatin
713351501,1,0,0,0,0,rosuvastatin
713351507,1,0,0,0,0,atorvastatin
713351547,0,1,0,0,0,irbesartan
713351561,0,1,0,0,0,valsartan
713351580,0,1,0,0,0,losartan
713351582,0,1,0,0,0,losartan
713351592,0,0,1,0,0,glipizide
713351606,0,0,1,0,0,metformin
713351613,1,0,0,0,0,atorvastatin
713351617,1,0,0,0,0,lovastatin
713351619,1,0,0,0,0,simvastatin
713351631,1,0,0,0,0,pravastatin
713351633,1,0,0,0,0,lovastatin
713351641,1,0,0,0,0,atorvastatin
713351644,0,1,0,0,0,losartan
713351659,0,0,1,0,0,pioglitazone
713351666,1,0,0,0,0,atorvastatin
713351707,0,1,0,0,0,quinapril
713351710,1,0,0,0,0,atorvastatin
713351717,1,0,0,0,0,rosuvastatin
713351723,0,1,0,0,0,telmisartan
713351733,1,0,0,0,0,rosuvastatin
713351741,1,0,0,0,0,rosuvastatin
713351759,0,0,1,0,0,pioglitazone
713351778,0,0,1,0,0,glipizide / metformin
713351783,0,1,0,0,0,lisinopril
713351785,0,0,1,0,0,metformin
713351787,0,1,0,0,0,irbesartan
713351817,0,1,0,0,0,losartan
713351821,0,0,1,0,0,metformin
713351826,0,1,0,0,0,irbesartan
713351833,0,0,1,0,0,metformin
713351834,0,0,1,0,0,metformin
713351835,0,0,1,0,0,metformin
713351841,0,1,0,0,0,telmisartan
713351848,0,0,1,0,0,glimepiride
713351854,0,1,0,0,0,enalapril
713351874,0,1,0,0,0,lisinopril
713351885,0,0,1,0,0,glimepiride
713351886,0,0,1,0,0,glimepiride
713351889,1,0,0,0,0,rosuvastatin
713351890,1,0,0,0,0,rosuvastatin
713351891,1,0,0,0,0,simvastatin
713351905,1,0,0,0,0,simvastatin
713351906,1,0,0,0,0,simvastatin
713351910,0,1,0,0,0,enalapril
713351918,0,1,0,0,0,captopril
713351920,0,1,0,0,0,olmesartan
713351929,1,0,0,0,0,atorvastatin
713351939,1,0,0,0,0,rosuvastatin
713351946,0,1,0,0,0,benazepril
713351983,0,0,1,0,0,metformin
713351992,0,1,0,0,0,lisinopril
713352027,0,0,1,0,0,pioglitazone
713352035,1,0,0,0,0,rosuvastatin
713352050,0,0,1,0,0,glipizide
713352055,1,0,0,0,0,rosuvastatin
713352082,0,0,1,0,0,pioglitazone
713352091,0,1,0,0,0,lisinopril
713352099,0,1,0,0,0,irbesartan
713352102,0,1,0,0,0,lisinopril
713352127,0,1,0,0,0,losartan
713352147,1,0,0,0,0,simvastatin
713352151,0,1,0,0,0,valsartan
713352152,0,1,0,0,0,valsartan
713352154,0,1,0,0,0,valsartan
713352155,0,1,0,0,0,valsartan
713352168,0,1,0,0,0,irbesartan
713352173,0,1,0,0,0,telmisartan
713352180,0,1,0,0,0,olmesartan
713352191,0,1,0,0,0,telmisartan
713352200,0,1,0,0,0,valsartan
713359604,0,1,0,0,0,enalapril
713359614,0,0,1,0,0,glipizide
713359636,1,0,0,0,0,simvastatin
713359640,1,0,0,0,0,rosuvastatin
713359642,1,0,0,0,0,simvastatin
713359645,0,1,0,0,0,ramipril
713359646,1,0,0,0,0,atorvastatin
713359649,0,1,0,0,0,enalapril
713359654,0,0,1,0,0,glimepiride
713359655,0,0,1,0,0,glimepiride
713359657,0,0,1,0,0,glimepiride
713990510,1,0,0,0,0,atorvastatin
713990520,1,0,0,0,0,atorvastatin
713990540,1,0,0,0,0,atorvastatin
713990610,1,0,0,0,0,atorvastatin
713990620,1,0,0,0,0,atorvastatin
713990640,1,0,0,0,0,atorvastatin
713990680,1,0,0,0,0,atorvastatin
714550104,0,0,1,0,0,metformin
716100009,0,1,0,0,0,losartan
716100020,0,0,1,0,0,metformin
716100022,1,0,0,0,0,atorvastatin
716100036,1,0,0,0,0,atorvastatin
716100050,1,0,0,0,0,simvastatin
716100052,1,0,0,0,0,simvastatin
716100065,0,1,0,0,0,losartan
716100076,1,0,0,0,0,simvastatin
716100077,1,0,0,0,0,simvastatin
716100078,1,0,0,0,0,rosuvastatin
716100082,0,1,0,0,0,losartan
716100083,0,1,0,0,0,losartan
716100094,1,0,0,0,0,atorvastatin
716100105,0,0,1,0,0,glipizide
716100116,1,0,0,0,0,atorvastatin
716100133,1,0,0,0,0,rosuvastatin
716100155,0,1,0,0,0,losartan
716100163,1,0,0,0,0,atorvastatin
716100168,1,0,0,0,0,atorvastatin
716100169,1,0,0,0,0,atorvastatin
716100170,1,0,0,0,0,atorvastatin
716100171,0,1,0,0,0,losartan
716100175,0,0,1,0,0,glipizide
716100177,0,0,1,0,0,empagliflozin
716100180,1,0,0,0,0,atorvastatin
716100187,1,0,0,0,0,rosuvastatin
716100196,1,0,0,0,0,rosuvastatin
716100207,0,1,0,0,0,losartan
716100210,0,0,1,0,0,metformin
716100212,0,0,1,0,0,metformin
716100215,1,0,0,0,0,rosuvastatin
716100216,1,0,0,0,0,rosuvastatin
716100221,0,0,1,0,0,metformin
716100224,0,1,0,0,0,losartan
716100230,0,1,0,0,0,losartan
716100232,1,0,0,0,0,rosuvastatin
716100233,1,0,0,0,0,rosuvastatin
716100234,1,0,0,0,0,rosuvastatin
716100236,0,0,1,0,0,glimepiride
716100241,0,1,0,0,0,losartan
716100250,1,0,0,0,0,simvastatin
716100260,0,1,0,0,0,losartan
716100274,0,1,0,0,0,lisinopril
716100278,0,0,1,0,0,metformin
716100279,0,1,0,0,0,lisinopril
716100282,0,1,0,0,0,losartan
716100300,0,0,1,0,0,alogliptin
716100304,0,0,1,0,0,metformin
716100312,0,1,0,0,0,lisinopril
716100327,0,1,0,0,0,valsartan
716100370,0,1,0,0,0,losartan
716100374,0,1,0,0,0,lisinopril
716100375,0,1,0,0,0,lisinopril
716100382,0,1,0,0,0,lisinopril
716100383,0,1,0,0,0,lisinopril
716100388,0,0,1,0,0,glipizide
716100393,0,0,1,0,0,glipizide
716100396,1,0,0,0,0,lovastatin
716100406,0,1,0,0,0,lisinopril
716100415,0,1,0,0,0,losartan
716100417,0,1,0,0,0,losartan
716100418,0,1,0,0,0,losartan
716100439,0,1,0,0,0,losartan
716100440,0,1,0,0,0,losartan
716100441,0,0,1,0,0,metformin
716100447,0,0,1,0,0,metformin
716100454,0,0,1,0,0,metformin
716100457,0,0,1,0,0,metformin
716100465,0,1,0,0,0,losartan
716100466,0,1,0,0,0,losartan
716100467,0,0,1,0,0,metformin
716100495,0,0,1,0,0,pioglitazone
716100497,0,0,1,0,0,pioglitazone
716100522,0,0,1,0,0,pioglitazone
716100533,0,0,1,0,0,metformin
716100536,0,1,0,0,0,lisinopril
716100554,0,0,1,0,0,metformin
716100578,0,0,1,0,0,metformin
716100586,0,0,1,0,0,metformin
716100587,0,0,1,0,0,metformin
716100588,0,1,0,0,0,lisinopril
716100609,1,0,0,0,0,simvastatin
716100610,1,0,0,0,0,simvastatin
716100611,1,0,0,0,0,simvastatin
716100612,0,1,0,0,0,lisinopril
716100613,0,0,1,0,0,metformin
716100615,1,0,0,0,0,simvastatin
716100616,0,1,0,0,0,lisinopril
716100622,1,0,0,0,0,simvastatin
716100623,1,0,0,0,0,simvastatin
716100624,0,1,0,0,0,lisinopril
716100633,1,0,0,0,0,atorvastatin
716100637,1,0,0,0,0,pravastatin
716100638,0,1,0,0,0,lisinopril
716100652,0,0,1,0,0,metformin
716100661,0,0,1,0,0,alogliptin
716100666,0,0,1,0,0,metformin
716100668,0,0,1,0,0,glipizide
716100671,0,1,0,0,0,losartan
716100672,0,0,1,0,0,metformin
716100673,0,0,1,0,0,metformin
716100680,0,0,1,0,0,glipizide
717090110,0,0,1,0,0,metformin
717090111,0,0,1,0,0,metformin
717090112,0,0,1,0,0,metformin
717170104,0,0,1,0,0,metformin
717170105,0,0,1,0,0,metformin
717170106,0,0,1,0,0,metformin
718000008,0,0,1,0,0,metformin
721340009,1,0,0,0,0,atorvastatin
721340010,1,0,0,0,0,atorvastatin
721340011,1,0,0,0,0,atorvastatin
721340012,1,0,0,0,0,atorvastatin
721890012,0,1,0,0,0,losartan
721890049,0,1,0,0,0,valsartan
721890050,0,1,0,0,0,valsartan
721890059,1,0,0,0,0,pravastatin
721890060,1,0,0,0,0,pravastatin
721890061,1,0,0,0,0,pravastatin
721890064,0,0,1,0,0,metformin
721890065,1,0,0,0,0,rosuvastatin
721890070,0,0,1,0,0,glipizide
721890082,0,1,0,0,0,losartan
721890096,0,1,0,0,0,losartan
721890097,0,1,0,0,0,losartan
721890098,0,1,0,0,0,losartan
721890100,0,1,0,0,0,losartan
721890105,0,0,1,0,0,pioglitazone
721890106,1,0,0,0,0,rosuvastatin
721890110,0,1,0,0,0,benazepril
721890119,1,0,0,0,0,pravastatin
721890129,0,1,0,0,0,losartan
721890137,0,1,0,0,0,olmesartan
721890138,0,1,0,0,0,olmesartan
721890139,0,1,0,0,0,losartan
721890150,0,0,1,0,0,metformin
721890151,0,1,0,0,0,enalapril
721890167,0,1,0,0,0,losartan
721890201,0,1,0,0,0,irbesartan
721890205,0,1,0,0,0,irbesartan
721890219,0,0,1,0,0,metformin
721890220,0,0,1,0,0,metformin
721890221,0,0,1,0,0,metformin
721890226,1,0,0,0,0,atorvastatin
721890260,0,1,0,0,0,benazepril
721890270,0,1,0,0,0,irbesartan
721890282,0,1,0,0,0,enalapril
721890288,0,1,0,0,0,losartan
721890289,0,1,0,0,0,losartan
721890290,0,1,0,0,0,losartan
721890291,1,0,0,0,0,atorvastatin
721890292,0,0,1,0,0,pioglitazone
721890293,0,0,1,0,0,pioglitazone
721890295,1,0,0,0,0,atorvastatin
721890297,0,1,0,0,0,losartan
721890303,0,1,0,0,0,losartan
721890317,0,1,0,0,0,losartan
721890325,0,1,0,0,0,losartan
721890326,0,1,0,0,0,losartan
721890327,0,1,0,0,0,losartan
721890373,0,1,0,0,0,olmesartan
721890421,1,0,0,0,0,simvastatin
721890427,1,0,0,0,0,simvastatin
722050002,1,0,0,0,0,rosuvastatin
722050003,1,0,0,0,0,rosuvastatin
722050004,1,0,0,0,0,rosuvastatin
722050005,1,0,0,0,0,rosuvastatin
722050022,1,0,0,0,0,atorvastatin
722050023,1,0,0,0,0,atorvastatin
722050024,1,0,0,0,0,atorvastatin
722050025,1,0,0,0,0,atorvastatin
722050027,1,0,0,0,0,rosuvastatin
722410002,0,0,1,0,0,nateglinide
722410003,0,0,1,0,0,nateglinide
722410015,0,1,0,0,0,telmisartan
722410016,0,1,0,0,0,telmisartan
722410017,0,1,0,0,0,telmisartan
722410038,0,0,1,0,0,glyburide
722410039,0,0,1,0,0,glyburide
722410040,0,0,1,0,0,glyburide
723360064,0,0,1,0,0,metformin
723360910,0,1,0,0,0,valsartan
725780035,0,0,1,0,0,metformin
725780036,0,0,1,0,0,metformin
726030116,0,0,1,0,0,glipizide
726030117,0,0,1,0,0,glipizide
726060501,0,0,1,0,0,pioglitazone
726060502,0,0,1,0,0,pioglitazone
726060503,0,0,1,0,0,pioglitazone
726060506,0,1,0,0,0,telmisartan
726060507,0,1,0,0,0,telmisartan
726060508,0,1,0,0,0,telmisartan
726060570,0,0,1,0,0,pioglitazone
726060571,0,0,1,0,0,pioglitazone
726060572,0,0,1,0,0,pioglitazone
727890009,0,0,1,0,0,metformin
727890029,0,1,0,0,0,losartan
727890031,0,1,0,0,0,enalapril
727890044,0,1,0,0,0,losartan
727890048,0,0,1,0,0,glimepiride
727890059,0,0,1,0,0,metformin
727890084,1,0,0,0,0,atorvastatin
727890089,1,0,0,0,0,atorvastatin
727890093,0,1,0,0,0,lisinopril
727890097,0,0,1,0,0,metformin
727890101,0,1,0,0,0,lisinopril
727890105,0,0,1,0,0,metformin
727890106,0,0,1,0,0,metformin
727890130,0,0,1,0,0,glipizide
727890143,1,0,0,0,0,pravastatin
727890153,1,0,0,0,0,atorvastatin
727890161,1,0,0,0,0,pravastatin
727890162,0,1,0,0,0,losartan
727890163,0,1,0,0,0,losartan
727890164,0,1,0,0,0,losartan
727890165,0,1,0,0,0,losartan
727890179,0,1,0,0,0,losartan
727890189,0,0,1,0,0,metformin
727890192,0,0,1,0,0,metformin
727890275,0,0,1,0,0,glyburide / metformin
727890281,0,1,0,0,0,valsartan
727890282,0,1,0,0,0,losartan
727890285,0,1,0,0,0,benazepril
727890304,1,0,0,0,0,simvastatin
727890316,1,0,0,0,0,simvastatin
728190181,0,1,0,0,0,valsartan
728190182,0,1,0,0,0,valsartan
728190183,0,1,0,0,0,valsartan
728190184,0,1,0,0,0,valsartan
728650141,0,1,0,0,0,losartan
728650142,0,1,0,0,0,losartan
728650143,0,1,0,0,0,losartan
728650208,0,1,0,0,0,lisinopril
728650209,0,1,0,0,0,lisinopril
728650210,0,1,0,0,0,lisinopril
728650211,0,1,0,0,0,lisinopril
728650212,0,1,0,0,0,lisinopril
728650213,0,1,0,0,0,lisinopril
729310010,0,1,0,0,0,perindopril
729310011,0,1,0,0,0,perindopril
729310012,0,1,0,0,0,perindopril
730700100,0,0,0,1,0,"insulin aspart, human"
730700102,0,0,0,1,0,"insulin aspart, human"
730700103,0,0,0,1,0,"insulin aspart, human"
730700200,0,0,0,1,0,"insulin aspart, human"
730700203,0,0,0,1,0,"insulin aspart, human"
730700400,0,0,0,1,0,insulin degludec
730700403,0,0,0,1,0,insulin degludec
730700503,0,0,0,1,0,insulin degludec
733080354,1,0,0,0,0,simvastatin
733174256,0,0,1,0,0,metformin
733174258,0,0,1,0,0,metformin
758340202,0,0,1,0,0,glyburide
758340203,0,0,1,0,0,glyburide
758340204,0,0,1,0,0,glyburide
758340205,0,0,1,0,0,nateglinide
758340206,0,0,1,0,0,nateglinide
758340255,1,0,0,0,0,atorvastatin
758340256,1,0,0,0,0,atorvastatin
758340257,1,0,0,0,0,atorvastatin
758340258,1,0,0,0,0,atorvastatin
758340500,0,0,1,0,0,metformin
759210200,1,0,0,0,0,simvastatin
759210397,0,0,1,0,0,metformin
759210409,0,1,0,0,0,losartan
759210515,0,1,0,0,0,lisinopril
762340000,0,1,0,0,0,perindopril
762340001,0,1,0,0,0,perindopril
762340002,0,1,0,0,0,perindopril
762370169,0,0,1,0,0,glipizide
762370170,0,0,1,0,0,glipizide
762370171,0,0,1,0,0,glyburide
762370195,0,1,0,0,0,lisinopril
762370196,0,1,0,0,0,lisinopril
762370197,0,1,0,0,0,lisinopril
762370198,0,1,0,0,0,lisinopril
762370199,0,1,0,0,0,lisinopril
762370242,1,0,0,0,0,simvastatin
762370243,1,0,0,0,0,simvastatin
762370244,1,0,0,0,0,simvastatin
762370271,0,0,1,0,0,metformin
762370284,0,1,0,0,0,losartan
762370285,1,0,0,0,0,pravastatin
762370296,1,0,0,0,0,simvastatin
762370297,1,0,0,0,0,simvastatin
762370304,0,1,0,0,0,lisinopril
762370307,0,1,0,0,0,lisinopril
762370309,0,1,0,0,0,lisinopril
762370312,0,1,0,0,0,lisinopril
762370314,0,1,0,0,0,lisinopril
762820200,0,1,0,0,0,fosinopril
762820201,0,1,0,0,0,fosinopril
762820202,0,1,0,0,0,fosinopril
762820271,0,1,0,0,0,ramipril
762820272,0,1,0,0,0,ramipril
762820273,0,1,0,0,0,ramipril
762820274,0,1,0,0,0,ramipril
762820417,0,1,0,0,0,lisinopril
762820418,0,1,0,0,0,lisinopril
762820419,0,1,0,0,0,lisinopril
762820420,0,1,0,0,0,lisinopril
762820421,0,1,0,0,0,lisinopril
762820422,0,1,0,0,0,lisinopril
762820446,0,1,0,0,0,lisinopril
762820447,0,1,0,0,0,lisinopril
762820448,0,1,0,0,0,lisinopril
762820670,0,1,0,0,0,ramipril
762820671,0,1,0,0,0,ramipril
762820672,0,1,0,0,0,ramipril
762820673,0,1,0,0,0,ramipril
763330154,0,0,1,0,0,glyburide
763330155,0,0,1,0,0,glyburide
763330156,0,0,1,0,0,glyburide
763330157,1,0,0,0,0,pitavastatin
763330158,1,0,0,0,0,pitavastatin
763330159,1,0,0,0,0,pitavastatin
763850128,0,0,1,0,0,metformin
763850129,0,0,1,0,0,metformin
764130138,0,1,0,0,0,lisinopril
764130156,0,0,1,0,0,metformin
764390123,0,0,1,0,0,glimepiride
764390124,0,0,1,0,0,glimepiride
764390125,0,0,1,0,0,glimepiride
764390140,0,1,0,0,0,losartan
764390141,0,1,0,0,0,losartan
764390142,0,1,0,0,0,losartan
764830023,0,1,0,0,0,valsartan
764830024,0,1,0,0,0,valsartan
764830025,0,1,0,0,0,valsartan
764830026,0,1,0,0,0,valsartan
765191004,1,0,0,0,0,simvastatin
765191033,0,1,0,0,0,losartan
765191039,0,1,0,0,0,losartan
765191063,1,0,0,0,0,atorvastatin
765191075,1,0,0,0,0,atorvastatin
765191078,1,0,0,0,0,atorvastatin
765191084,1,0,0,0,0,atorvastatin
765191148,0,1,0,0,0,losartan
765191149,1,0,0,0,0,rosuvastatin
765191152,0,0,1,0,0,metformin
765191153,1,0,0,0,0,rosuvastatin
765191158,0,1,0,0,0,valsartan
765191162,1,0,0,0,0,rosuvastatin
765191192,0,0,1,0,0,metformin
765191200,1,0,0,0,0,pravastatin
782060121,0,1,0,0,0,losartan
782060122,0,1,0,0,0,losartan
782060123,0,1,0,0,0,losartan
782060139,0,1,0,0,0,losartan
782060140,0,1,0,0,0,losartan
782060141,0,1,0,0,0,losartan
782060174,1,0,0,0,0,simvastatin
782060175,1,0,0,0,0,simvastatin
782060176,1,0,0,0,0,simvastatin
782060177,1,0,0,0,0,simvastatin
782060180,1,0,0,0,0,simvastatin
782060181,1,0,0,0,0,simvastatin
782060182,1,0,0,0,0,simvastatin
804250207,0,1,0,0,0,lisinopril
812880751,1,0,0,0,0,rosuvastatin
812880755,1,0,0,0,0,rosuvastatin
820090001,1,0,0,0,0,atorvastatin
820090002,1,0,0,0,0,atorvastatin
820090003,1,0,0,0,0,atorvastatin
820090004,1,0,0,0,0,atorvastatin
820090006,1,0,0,0,0,pravastatin
820090007,1,0,0,0,0,pravastatin
820090008,1,0,0,0,0,pravastatin
820090012,1,0,0,0,0,simvastatin
820090013,1,0,0,0,0,simvastatin
820090014,1,0,0,0,0,simvastatin
820090015,1,0,0,0,0,simvastatin
820090016,1,0,0,0,0,simvastatin
820090017,1,0,0,0,0,rosuvastatin
820090018,1,0,0,0,0,rosuvastatin
820090019,1,0,0,0,0,rosuvastatin
820090020,1,0,0,0,0,rosuvastatin
820090042,0,1,0,0,0,losartan
820090043,0,1,0,0,0,losartan
820090044,0,1,0,0,0,losartan
820090046,0,0,1,0,0,metformin
820090047,0,0,1,0,0,metformin
821200125,1,0,0,0,0,rosuvastatin
821200126,1,0,0,0,0,rosuvastatin
821200127,1,0,0,0,0,rosuvastatin
821200128,1,0,0,0,0,rosuvastatin
821370016,1,0,0,0,0,atorvastatin
821370017,1,0,0,0,0,atorvastatin
821370018,1,0,0,0,0,atorvastatin
821370019,1,0,0,0,0,atorvastatin
822390001,1,0,0,0,0,atorvastatin
822390002,1,0,0,0,0,atorvastatin
822390003,1,0,0,0,0,atorvastatin
822390004,1,0,0,0,0,atorvastatin
